"Time","adservice-66cdf5d799-5lhlj","adservice-6b4979fd86-tnxvz","cartservice-594d56988-9w8kn","cartservice-88fdf8db5-2wr56","checkoutservice-678cdcb74b-xcwsn","checkoutservice-77bcb7ccc7-f46zn","currencyservice-65f5c47df6-rp4vg","currencyservice-84f9ccd67-rjh2b","emailservice-57d8c6575f-q74jx","emailservice-f56d9cccb-zbwv5","frontend-544d59f594-bp5hp","frontend-6b49fbfbff-4b47z","loadgenerator-64d987f766-wkpjd","loadgenerator-7c6fb64488-2t28g","loadgenerator-7c6fb64488-9r298","paymentservice-584488cb95-kxs6t","paymentservice-dc6c9d6c6-87r24","productcatalogservice-5f999d9577-m9flc","productcatalogservice-68f4dbd84b-7jjgx","recommendationservice-564896d75f-4djl7","recommendationservice-6d849b6d76-z796t","redis-cart-7fc544db85-mk6rh","redis-cart-855b76d469-trkq5","shippingservice-5cb69d4cbd-bmprb","shippingservice-79d4cfc86c-8h4z5"
2024-05-31 12:02:32,0.0203,0.00125,0.0100,0.00161,0.000306,0.000121,0.00449,0.000244,0.00544,0.000953,0.000142,0.000459,0.00274,0.00665,0.00710,0.000273,0.00300,0.000179,0.000175,0.00127,0.00339,0.00123,0.00107,0.000362,0.000245
2024-05-31 12:02:34,0.0206,0.00130,0.0102,0.00159,0.000287,0.000119,0.00456,0.000237,0.00553,0.000942,0.000141,0.000466,0.00272,0.00665,0.00770,0.000277,0.00306,0.000182,0.000173,0.00127,0.00347,0.00122,0.00109,0.000329,0.000242
2024-05-31 12:02:36,0.0187,0.00129,0.0103,0.00158,0.000291,0.000118,0.00463,0.000234,0.00561,0.000931,0.000139,0.000473,0.00270,0.00665,0.00830,0.000274,0.00312,0.000185,0.000172,0.00133,0.00355,0.00120,0.00110,0.000341,0.000240
2024-05-31 12:02:38,0.0190,0.00128,0.0105,0.00154,0.000296,0.000116,0.00470,0.000232,0.00570,0.000921,0.000138,0.000480,0.00268,0.00665,0.00890,0.000272,0.00317,0.000188,0.000167,0.00131,0.00326,0.00119,0.00112,0.000348,0.000237
2024-05-31 12:02:40,0.0193,0.00127,0.0113,0.00161,0.000300,0.000115,0.00612,0.000229,0.00534,0.000910,0.000137,0.000488,0.00266,0.00665,0.00950,0.000269,0.00323,0.000192,0.000165,0.00130,0.00327,0.00118,0.00114,0.000354,0.000235
2024-05-31 12:02:42,0.0196,0.00126,0.0115,0.00159,0.000304,0.000114,0.00620,0.000227,0.00519,0.000899,0.000135,0.000963,0.00273,0.00665,0.0101,0.000266,0.00329,0.000178,0.000164,0.00129,0.00334,0.00116,0.00115,0.000361,0.000232
2024-05-31 12:02:44,0.0199,0.00124,0.0116,0.00157,0.000308,0.000103,0.00629,0.000224,0.00526,0.000892,0.000134,0.000978,0.00271,0.00665,0.00573,0.000264,0.00305,0.000364,0.000162,0.00128,0.00341,0.00115,0.00117,0.000367,0.000238
2024-05-31 12:02:46,0.0202,0.00123,0.0118,0.00156,0.000313,0.000108,0.00638,0.000222,0.00534,0.000881,0.000132,0.000992,0.00269,0.00665,0.00605,0.000266,0.00314,0.000370,0.000160,0.00127,0.00348,0.00113,0.00119,0.000374,0.000235
2024-05-31 12:02:48,0.0205,0.00122,0.0120,0.00154,0.000377,0.000107,0.00647,0.000219,0.00541,0.000870,0.000131,0.00101,0.00266,0.00665,0.00637,0.000263,0.00320,0.000376,0.000158,0.00125,0.00355,0.00112,0.00121,0.000380,0.000233
2024-05-31 12:02:50,0.0208,0.00121,0.0121,0.00152,0.000382,0.000105,0.00656,0.000225,0.00549,0.000860,0.000130,0.00102,0.00264,0.00665,0.00669,0.000260,0.00325,0.000382,0.000156,0.00124,0.00361,0.00110,0.00122,0.000386,0.000230
2024-05-31 12:02:52,0.0211,0.00119,0.0123,0.00151,0.000387,0.000104,0.00665,0.000222,0.00556,0.000849,0.000128,0.00103,0.00256,0.00665,0.00701,0.000258,0.00330,0.000388,0.000149,0.00124,0.00368,0.00108,0.00124,0.000393,0.000227
2024-05-31 12:02:54,0.0209,0.00118,0.0125,0.00149,0.000392,0.000102,0.00674,0.000220,0.00563,0.000838,0.000127,0.00105,0.00254,0.00665,0.00733,0.000255,0.00336,0.000394,0.000156,0.00123,0.00346,0.00107,0.00126,0.000452,0.000225
2024-05-31 12:02:56,0.0212,0.00117,0.0126,0.00147,0.000397,0.000101,0.00683,0.000217,0.00526,0.000827,0.000125,0.001000,0.00252,0.00665,0.00765,0.000252,0.00320,0.000400,0.000154,0.00122,0.00346,0.00105,0.00127,0.000459,0.000222
2024-05-31 12:02:58,0.0215,0.00116,0.0119,0.00152,0.000402,0.0000997,0.0138,0.000215,0.00533,0.000814,0.000119,0.00303,0.00250,0.00665,0.00797,0.000250,0.00325,0.000380,0.000152,0.00120,0.00391,0.00104,0.00133,0.000466,0.000220
2024-05-31 12:03:00,0.0218,0.00115,0.0163,0.00150,0.000407,0.0000984,0.0140,0.000212,0.00540,0.000804,0.000125,0.00308,0.00247,0.00665,0.00829,0.000241,0.00330,0.000380,0.000150,0.00119,0.00398,0.00102,0.00134,0.000474,0.000222
2024-05-31 12:03:02,0.0220,0.00113,0.0165,0.00148,0.000413,0.0000999,0.0142,0.000209,0.00547,0.000793,0.000123,0.00312,0.00245,0.00665,0.00717,0.000238,0.00335,0.00121,0.000148,0.00118,0.00405,0.00101,0.00136,0.000481,0.000219
2024-05-31 12:03:04,0.0223,0.00112,0.0167,0.00147,0.000550,0.0000985,0.0143,0.000210,0.00553,0.000782,0.000122,0.00316,0.00243,0.00665,0.00743,0.000235,0.00340,0.00122,0.000147,0.00117,0.00412,0.000993,0.00138,0.000488,0.000217
2024-05-31 12:03:06,0.0226,0.00111,0.0169,0.00145,0.000557,0.0000971,0.0145,0.000207,0.00560,0.000771,0.000120,0.00320,0.00241,0.00665,0.00770,0.000233,0.00345,0.00124,0.000145,0.00115,0.00418,0.000978,0.00139,0.000496,0.000214
2024-05-31 12:03:08,0.0232,0.00110,0.0172,0.00143,0.000564,0.0000957,0.0147,0.000205,0.00567,0.000761,0.000119,0.00324,0.00239,0.00665,0.00796,0.000230,0.00350,0.00126,0.000143,0.00113,0.00425,0.000964,0.00141,0.000591,0.000212
2024-05-31 12:03:10,0.0235,0.00108,0.0174,0.00141,0.000570,0.0000943,0.0149,0.000202,0.00574,0.000755,0.000118,0.00516,0.00237,0.00665,0.00823,0.000227,0.00355,0.00128,0.000146,0.00112,0.00449,0.000950,0.00143,0.000599,0.000209
2024-05-31 12:03:12,0.0238,0.00107,0.0176,0.00140,0.000577,0.0000929,0.0151,0.000199,0.00581,0.000744,0.000116,0.00523,0.00235,0.00665,0.00849,0.000224,0.00335,0.00129,0.000144,0.00111,0.00457,0.000935,0.00149,0.000608,0.000206
2024-05-31 12:03:14,0.0241,0.00106,0.0178,0.00138,0.000584,0.0000915,0.0152,0.000194,0.00550,0.000733,0.000115,0.00529,0.00232,0.00665,0.00876,0.000235,0.00415,0.00131,0.000142,0.00110,0.00464,0.000920,0.00151,0.000617,0.000204
2024-05-31 12:03:16,0.0244,0.00105,0.0170,0.00142,0.000590,0.0000864,0.0154,0.000192,0.00556,0.000722,0.000106,0.00535,0.00217,0.00665,0.00902,0.000232,0.00421,0.00211,0.000140,0.00109,0.00471,0.000906,0.00153,0.000625,0.000206
2024-05-31 12:03:18,0.0247,0.00104,0.0189,0.00141,0.000597,0.0000850,0.0239,0.000189,0.00562,0.000711,0.000112,0.00542,0.00217,0.00665,0.00929,0.000229,0.00426,0.00214,0.000138,0.000994,0.00478,0.000891,0.00154,0.000751,0.000203
2024-05-31 12:03:20,0.0250,0.000972,0.0191,0.00139,0.000570,0.0000837,0.0242,0.000187,0.00569,0.000701,0.000111,0.00548,0.00225,0.00665,0.00923,0.000226,0.00432,0.00216,0.000136,0.000994,0.00485,0.000874,0.00156,0.000762,0.000200
2024-05-31 12:03:22,0.0253,0.00101,0.0193,0.00137,0.000972,0.0000823,0.0245,0.000184,0.00575,0.000690,0.000109,0.00555,0.00223,0.00665,0.00948,0.000224,0.00438,0.00219,0.000134,0.00103,0.00521,0.000860,0.00158,0.000772,0.000197
2024-05-31 12:03:24,0.0242,0.00100,0.0195,0.00135,0.000983,0.0000810,0.0248,0.000182,0.00582,0.000680,0.000108,0.00799,0.00221,0.00665,0.00974,0.000221,0.00443,0.00222,0.000135,0.00102,0.00529,0.000845,0.00159,0.000782,0.000195
2024-05-31 12:03:26,0.0242,0.000990,0.0197,0.00133,0.000993,0.0000797,0.0250,0.000179,0.00567,0.000669,0.000107,0.00809,0.00219,0.00665,0.00999,0.000218,0.00449,0.00225,0.000133,0.00101,0.00536,0.000830,0.00161,0.000792,0.000192
2024-05-31 12:03:28,0.0266,0.000978,0.0199,0.00140,0.00100,0.0000783,0.0309,0.000167,0.00573,0.000658,0.000105,0.00818,0.00217,0.00665,0.0103,0.000215,0.00455,0.00228,0.000131,0.000999,0.00544,0.000816,0.00155,0.000803,0.000189
2024-05-31 12:03:30,0.0269,0.000966,0.0201,0.00138,0.00101,0.0000831,0.0312,0.000165,0.00579,0.000647,0.000104,0.00827,0.00214,0.00665,0.0105,0.000195,0.00473,0.00230,0.000129,0.000987,0.00551,0.000801,0.00155,0.000922,0.000186
2024-05-31 12:03:32,0.0272,0.000954,0.0207,0.00136,0.00103,0.0000817,0.0316,0.000162,0.00585,0.000636,0.000102,0.00836,0.00212,0.00665,0.0108,0.000193,0.00479,0.00220,0.000127,0.000975,0.00587,0.000786,0.00175,0.000934,0.000182
2024-05-31 12:03:34,0.0275,0.000942,0.0209,0.00134,0.00104,0.0000802,0.0319,0.000160,0.00591,0.000625,0.000101,0.00845,0.00210,0.00665,0.0110,0.000190,0.00485,0.00220,0.000122,0.000964,0.00595,0.000772,0.00177,0.000945,0.000179
2024-05-31 12:03:36,0.0278,0.000930,0.0212,0.00132,0.00105,0.0000788,0.0323,0.000157,0.00598,0.000615,0.000104,0.0106,0.00208,0.00665,0.0113,0.000187,0.00491,0.00370,0.000121,0.000944,0.00602,0.000673,0.00179,0.000957,0.000177
2024-05-31 12:03:38,0.0281,0.000914,0.0214,0.00130,0.00106,0.0000773,0.0326,0.000155,0.00604,0.000604,0.000103,0.0107,0.00205,0.00665,0.0119,0.000185,0.00497,0.00375,0.000119,0.000933,0.00610,0.000732,0.00181,0.000969,0.000174
2024-05-31 12:03:40,0.0284,0.000902,0.0216,0.00128,0.00148,0.0000759,0.0329,0.000152,0.00584,0.000597,0.000101,0.0109,0.00203,0.00665,0.0122,0.000182,0.00534,0.00379,0.000117,0.000921,0.00618,0.000718,0.00182,0.000980,0.000171
2024-05-31 12:03:42,0.0287,0.000890,0.0218,0.00126,0.00149,0.0000744,0.0333,0.000150,0.00590,0.000587,0.0000997,0.0110,0.00201,0.00665,0.0124,0.000164,0.00540,0.00383,0.000115,0.000909,0.00626,0.000703,0.00184,0.000992,0.000173
2024-05-31 12:03:44,0.0290,0.000879,0.0220,0.00124,0.00151,0.0000730,0.0336,0.000145,0.00596,0.000576,0.0000982,0.0111,0.00199,0.00665,0.0127,0.000164,0.00546,0.00388,0.000113,0.000897,0.00634,0.000689,0.00186,0.00100,0.000170
2024-05-31 12:03:46,0.0308,0.000867,0.0223,0.00133,0.00152,0.0000551,0.0339,0.000142,0.00602,0.000565,0.0000967,0.0112,0.00197,0.00665,0.0129,0.000173,0.00552,0.00392,0.000111,0.000885,0.00642,0.000674,0.00197,0.00102,0.000167
2024-05-31 12:03:48,0.0311,0.000855,0.0232,0.00131,0.00154,0.0000540,0.0432,0.000140,0.00608,0.000554,0.0000951,0.0113,0.00193,0.00665,0.0132,0.000171,0.00559,0.00500,0.000110,0.000874,0.00708,0.000660,0.00199,0.00134,0.000165
2024-05-31 12:03:50,0.0314,0.000843,0.0234,0.00129,0.00155,0.0000529,0.0436,0.000137,0.00614,0.000543,0.0000929,0.0148,0.00191,0.00665,0.0135,0.000168,0.00565,0.00506,0.000115,0.000862,0.00717,0.000645,0.00201,0.00135,0.000162
2024-05-31 12:03:52,0.0317,0.000830,0.0236,0.00126,0.00157,0.0000517,0.0440,0.000135,0.00620,0.000532,0.0000915,0.0149,0.00189,0.00665,0.0137,0.000166,0.00571,0.00511,0.000113,0.000861,0.00725,0.000631,0.00202,0.00137,0.000159
2024-05-31 12:03:54,0.0320,0.000818,0.0238,0.00124,0.00158,0.0000506,0.0444,0.000133,0.00626,0.000524,0.0000900,0.0151,0.00187,0.00665,0.0140,0.000163,0.00577,0.00517,0.000111,0.000849,0.00734,0.000519,0.00204,0.00138,0.000156
2024-05-31 12:03:56,0.0323,0.000806,0.0241,0.00122,0.00195,0.0000495,0.0449,0.000130,0.00606,0.000513,0.0000885,0.0152,0.00185,0.00665,0.0155,0.000161,0.00584,0.00522,0.000109,0.000837,0.00742,0.000519,0.00206,0.00140,0.000154
2024-05-31 12:03:58,0.0327,0.000794,0.0243,0.00120,0.00197,0.0000484,0.0453,0.000128,0.00612,0.000502,0.0000870,0.0154,0.00182,0.00665,0.0158,0.000158,0.00555,0.00528,0.000107,0.000825,0.00751,0.000580,0.00208,0.00141,0.000132
2024-05-31 12:04:00,0.0330,0.000782,0.0253,0.00118,0.00199,0.0000501,0.0457,0.000125,0.00617,0.000491,0.0000710,0.0182,0.00179,0.00665,0.0161,0.000155,0.00660,0.00534,0.000105,0.000813,0.00760,0.000565,0.00210,0.00143,0.000142
2024-05-31 12:04:02,0.0333,0.000770,0.0256,0.00116,0.00201,0.0000489,0.0461,0.000134,0.00623,0.000480,0.0000698,0.0184,0.00177,0.00665,0.0163,0.000154,0.00667,0.00539,0.000103,0.000801,0.00814,0.000551,0.00203,0.00162,0.000139
2024-05-31 12:04:04,0.0319,0.000759,0.0258,0.00123,0.00203,0.0000477,0.0536,0.000132,0.00629,0.000469,0.0000685,0.0185,0.00175,0.00665,0.0166,0.000154,0.00674,0.00517,0.000105,0.000789,0.00823,0.000536,0.00224,0.00164,0.000137
2024-05-31 12:04:06,0.0360,0.000747,0.0260,0.00121,0.00204,0.0000466,0.0541,0.000129,0.00634,0.000458,0.0000673,0.0187,0.00173,0.00665,0.0169,0.000163,0.00681,0.00714,0.000103,0.000762,0.00832,0.000522,0.00226,0.00165,0.000134
2024-05-31 12:04:08,0.0363,0.000735,0.0263,0.00118,0.00206,0.0000454,0.0546,0.000126,0.00640,0.000380,0.0000660,0.0189,0.00171,0.00665,0.0172,0.000160,0.00688,0.00721,0.000101,0.000751,0.00842,0.000507,0.00228,0.00167,0.000131
2024-05-31 12:04:10,0.0366,0.000723,0.0265,0.00116,0.00208,0.0000442,0.0551,0.000124,0.00627,0.000421,0.0000648,0.0191,0.00169,0.00665,0.0175,0.000157,0.00695,0.00729,0.0000990,0.000739,0.00851,0.000493,0.00230,0.00169,0.000129
2024-05-31 12:04:12,0.0370,0.000711,0.0267,0.00114,0.00201,0.0000430,0.0556,0.000121,0.00632,0.000411,0.0000635,0.0230,0.00166,0.00665,0.0178,0.000154,0.00736,0.00736,0.0000970,0.000727,0.00860,0.000479,0.00232,0.00170,0.000126
2024-05-31 12:04:14,0.0373,0.000700,0.0270,0.00112,0.00248,0.0000418,0.0561,0.000119,0.00638,0.000400,0.0000623,0.0232,0.00164,0.00665,0.0181,0.000152,0.00743,0.00743,0.000105,0.000716,0.00869,0.000471,0.00234,0.00172,0.000123
2024-05-31 12:04:16,0.0377,0.000696,0.0293,0.00109,0.00250,0.0000356,0.0565,0.000116,0.00643,0.000389,0.0000623,0.0234,0.00162,0.00665,0.0200,0.000149,0.00750,0.00750,0.000102,0.000704,0.00836,0.000456,0.00236,0.00174,0.000123
2024-05-31 12:04:18,0.0399,0.000684,0.0295,0.00107,0.00252,0.0000346,0.0570,0.000108,0.00649,0.000379,0.0000610,0.0236,0.00160,0.00665,0.0203,0.000146,0.00758,0.00899,0.000100,0.000692,0.0101,0.000442,0.00249,0.00167,0.000120
2024-05-31 12:04:20,0.0403,0.000672,0.0298,0.00121,0.00254,0.0000336,0.0575,0.000105,0.00654,0.000368,0.0000597,0.0238,0.00158,0.00665,0.0206,0.000134,0.00765,0.00908,0.0000980,0.000681,0.0102,0.000427,0.00251,0.00214,0.000117
2024-05-31 12:04:22,0.0406,0.000659,0.0300,0.00118,0.00257,0.0000326,0.0580,0.000103,0.00660,0.000358,0.0000585,0.0240,0.00155,0.00665,0.0209,0.000131,0.00772,0.00916,0.0000958,0.000666,0.0103,0.000413,0.00253,0.00216,0.000114
2024-05-31 12:04:24,0.0410,0.000647,0.0303,0.00115,0.00259,0.0000315,0.0666,0.000100,0.00666,0.000347,0.0000572,0.0282,0.00153,0.00665,0.0212,0.000129,0.00780,0.00925,0.0000935,0.000654,0.0104,0.000398,0.00256,0.00218,0.000112
2024-05-31 12:04:26,0.0413,0.000635,0.0305,0.00113,0.00305,0.0000305,0.0672,0.0000979,0.00657,0.000289,0.0000559,0.0284,0.00151,0.00665,0.0216,0.000126,0.00866,0.00933,0.0000913,0.000643,0.0105,0.000391,0.00258,0.00220,0.000109
2024-05-31 12:04:28,0.0417,0.000623,0.0308,0.00110,0.00308,0.0000295,0.0677,0.0000954,0.00663,0.000327,0.0000495,0.0287,0.00149,0.00665,0.0219,0.000123,0.00874,0.00942,0.0000685,0.000631,0.0106,0.000376,0.00260,0.00222,0.000106
2024-05-31 12:04:30,0.0420,0.000611,0.0310,0.00108,0.00310,0.0000277,0.0683,0.000103,0.00668,0.000316,0.0000483,0.0289,0.00147,0.00665,0.0236,0.000124,0.00882,0.00950,0.0000685,0.000620,0.0107,0.000361,0.00262,0.00224,0.000105
2024-05-31 12:04:32,0.0424,0.000599,0.0300,0.00105,0.00313,0.0000321,0.0689,0.000101,0.00674,0.000305,0.0000472,0.0291,0.00148,0.00665,0.0239,0.000122,0.00890,0.00959,0.0000761,0.000611,0.0108,0.000346,0.00273,0.00226,0.000103
2024-05-31 12:04:34,0.0427,0.000587,0.0334,0.00102,0.00315,0.0000309,0.0694,0.0000978,0.00679,0.000294,0.0000460,0.0294,0.00146,0.00665,0.0242,0.000119,0.00898,0.00968,0.0000741,0.000600,0.0121,0.000331,0.00275,0.00255,0.0001000
2024-05-31 12:04:36,0.0452,0.000575,0.0337,0.000997,0.00318,0.0000297,0.0700,0.0000951,0.00685,0.000284,0.0000449,0.0296,0.00144,0.00665,0.0245,0.000116,0.00906,0.0119,0.0000721,0.000588,0.0123,0.000317,0.00277,0.00258,0.0000972
2024-05-31 12:04:38,0.0456,0.000563,0.0340,0.00101,0.00320,0.0000285,0.0705,0.0000923,0.00677,0.000273,0.0000438,0.0299,0.00142,0.00665,0.0249,0.000114,0.00976,0.0120,0.0000700,0.000576,0.0124,0.000302,0.00280,0.00260,0.0000945
2024-05-31 12:04:40,0.0459,0.000551,0.0342,0.00101,0.00373,0.0000272,0.0711,0.0000896,0.00682,0.000262,0.0000426,0.0289,0.00139,0.00665,0.0252,0.000111,0.00984,0.0121,0.0000680,0.000565,0.0125,0.000287,0.00282,0.00262,0.0000949
2024-05-31 12:04:42,0.0463,0.000539,0.0345,0.00114,0.00376,0.0000260,0.0787,0.0000868,0.00687,0.000210,0.0000468,0.0289,0.00137,0.00665,0.0255,0.000120,0.00993,0.0122,0.0000660,0.000553,0.0126,0.000269,0.00284,0.00265,0.0000921
2024-05-31 12:04:44,0.0467,0.000527,0.0348,0.00111,0.00379,0.0000248,0.0793,0.0000630,0.00692,0.000249,0.0000455,0.0372,0.00140,0.00665,0.0282,0.000117,0.0100,0.0123,0.0000640,0.000530,0.0127,0.000254,0.00294,0.00267,0.0000892
2024-05-31 12:04:46,0.0471,0.000515,0.0350,0.00107,0.00382,0.0000236,0.0800,0.0000736,0.00698,0.000238,0.0000442,0.0375,0.00138,0.00665,0.0286,0.000114,0.0101,0.0124,0.0000619,0.000519,0.0140,0.000240,0.00296,0.00269,0.0000864
2024-05-31 12:04:48,0.0474,0.000503,0.0353,0.00104,0.00385,0.0000128,0.0806,0.0000711,0.00703,0.000226,0.0000429,0.0378,0.00136,0.00665,0.0290,0.000111,0.0102,0.0139,0.0000578,0.000507,0.0141,0.000225,0.00298,0.00272,0.0000836
2024-05-31 12:04:50,0.0494,0.000441,0.0356,0.00101,0.00388,0.0000121,0.0812,0.0000686,0.00708,0.000215,0.0000416,0.0381,0.00133,0.00665,0.0293,0.000108,0.0103,0.0141,0.0000559,0.000496,0.0142,0.000210,0.00301,0.00262,0.0000808
2024-05-31 12:04:52,0.0498,0.000483,0.0344,0.000976,0.00441,0.0000114,0.0818,0.0000661,0.00703,0.000204,0.0000403,0.0384,0.00131,0.00665,0.0297,0.000105,0.0104,0.0142,0.0000539,0.000484,0.0143,0.000196,0.00303,0.00318,0.0000780
2024-05-31 12:04:54,0.0502,0.000470,0.0383,0.000943,0.00444,0.0000108,0.0824,0.0000636,0.00708,0.000193,0.0000391,0.0387,0.00129,0.00665,0.0301,0.000102,0.0100,0.0143,0.0000520,0.000473,0.0145,0.000181,0.00305,0.00321,0.0000752
2024-05-31 12:04:56,0.0506,0.000458,0.0386,0.000910,0.00447,0.0000101,0.0830,0.0000611,0.00713,0.000181,0.0000294,0.0390,0.00126,0.00665,0.0304,0.0000856,0.0117,0.0144,0.0000500,0.000462,0.0146,,0.00307,0.00323,0.0000804
2024-05-31 12:04:58,0.0509,0.000446,0.0389,0.00112,0.00451,0.00000942,0.0836,0.0000586,0.00719,0.000182,0.0000284,0.0393,0.00105,0.00665,0.0308,0.0000962,0.0118,0.0160,0.0000480,0.000440,0.0147,,0.00310,0.00326,0.0000773
2024-05-31 12:05:00,0.0513,0.000434,0.0391,0.00108,0.00454,,0.0904,0.0000561,0.00724,0.000170,0.0000274,0.0381,0.00105,0.00665,0.0335,0.0000931,0.0119,0.0161,0.0000461,0.000429,0.0148,,0.00326,0.00329,0.0000742
2024-05-31 12:05:02,0.0552,0.000422,0.0394,0.00104,0.00457,,0.0911,0.0000535,0.00729,0.000158,0.0000264,0.0463,0.00112,0.00665,0.0339,0.0000900,0.0120,0.0162,0.0000521,0.000418,0.0144,,0.00329,0.00331,0.0000711
2024-05-31 12:05:04,0.0556,0.000410,0.0397,0.000996,0.00507,,0.0917,0.0000464,0.00734,0.000147,0.0000254,0.0466,0.00110,0.00665,0.0343,0.0000869,0.0121,0.0164,0.0000498,0.000407,0.0144,,0.00331,0.00372,0.0000680
2024-05-31 12:05:06,0.0560,0.000397,0.0400,0.000955,0.00510,,0.0924,0.0000441,0.00740,0.000135,0.0000244,0.0470,0.00108,0.00665,0.0347,0.0000838,0.0122,0.0165,0.0000475,0.000396,0.0169,,0.00333,0.00375,0.0000648
2024-05-31 12:05:08,0.0565,0.000390,0.0418,0.000913,0.00514,,0.0930,0.0000418,0.00736,,0.0000234,0.0473,0.00106,0.00665,0.0351,0.0000807,0.0123,0.0166,0.0000451,0.000385,0.0170,,0.00336,0.00378,0.0000617
2024-05-31 12:05:10,0.0569,0.000378,0.0421,0.000872,0.00518,,0.0937,0.0000395,0.00741,,0.0000224,0.0476,0.00103,0.00665,0.0355,0.0000777,0.0124,0.0168,0.0000428,0.000373,0.0172,,0.00338,0.00381,0.0000670
2024-05-31 12:05:12,0.0573,0.000366,0.0424,0.00149,0.00521,,0.0943,0.0000373,0.00746,,0.0000214,0.0516,0.00101,0.00665,0.0358,0.0000844,0.0125,0.0169,0.0000405,0.000362,0.0173,,0.00340,0.00384,0.0000635
2024-05-31 12:05:14,0.0577,0.000354,0.0426,0.00142,0.00525,,0.0950,0.0000350,0.00752,,0.0000170,0.0520,0.000991,0.00665,0.0384,0.0000809,0.0120,0.0164,0.0000382,0.000351,0.0174,,0.00355,0.00387,0.0000600
2024-05-31 12:05:16,0.0581,0.000341,0.0429,0.00134,0.00528,,0.101,0.0000327,0.00757,,0.0000162,0.0524,0.000952,0.00665,0.0388,0.0000775,0.0142,0.0164,0.0000521,0.000340,0.0176,,0.00358,0.00390,0.0000565
2024-05-31 12:05:18,0.0585,0.000329,0.0432,0.00127,0.00532,,0.102,0.0000304,0.00762,,0.0000153,0.0527,0.000930,0.00665,0.0392,0.0000740,0.0144,0.0200,0.0000487,0.000329,0.0177,,0.00360,0.00393,0.0000530
2024-05-31 12:05:20,0.0568,0.000326,0.0435,0.00119,0.00536,,0.102,,0.00767,,0.0000145,0.0531,0.000909,0.00665,0.0396,0.0000706,0.0145,0.0201,0.0000454,0.000317,0.0179,,0.00362,0.00396,0.0000495
2024-05-31 12:05:22,0.0590,0.000314,0.0438,0.00112,0.00520,,0.103,,0.00772,,0.0000136,0.0535,0.000888,0.00665,0.0400,0.0000672,0.0146,0.0203,0.0000421,0.000306,0.0193,,0.00363,0.00444,0.0000460
2024-05-31 12:05:24,0.0594,0.000301,0.0439,0.00105,0.00631,,0.104,,0.00769,,0.0000128,0.0538,0.000866,0.00665,0.0404,0.0000211,0.0147,0.0204,0.0000387,0.000303,0.0194,,0.00363,0.00448,
2024-05-31 12:05:26,0.0598,0.000289,0.0455,0.000971,0.00631,,0.104,,0.00331,,0.0000120,0.0584,0.000845,0.00665,0.0408,0.0000260,0.0156,0.0206,0.0000354,0.000292,0.0196,,0.00374,0.00451,
2024-05-31 12:05:28,0.0603,0.000277,0.0455,,0.00641,,0.109,,0.00343,,0.0000111,0.0588,0.000824,0.00665,0.0434,0.0000245,0.0157,0.0207,,0.000281,0.0197,,0.00372,0.00454,
2024-05-31 12:05:30,0.0607,0.000264,0.0455,,0.00645,,0.110,,0.00343,,0.0000103,0.0592,0.000810,0.00665,0.0438,0.0000230,0.0158,0.0222,,0.000269,0.0199,,0.00372,0.00458,
2024-05-31 12:05:32,0.0610,0.000170,0.0455,,0.00649,,0.111,,0.00343,,,0.0595,0.000788,0.00665,0.0442,0.0000215,0.0159,0.0223,,0.000258,0.0200,,0.00372,0.00461,
2024-05-31 12:05:34,0.0494,0.000170,0.0455,,0.00649,,0.112,,0.00343,,,0.0600,0.000767,0.00665,0.0447,0.0000200,0.0160,0.0225,,0.000247,0.0202,,0.00372,0.00464,
2024-05-31 12:05:36,0.0511,0.000218,0.0455,,0.00649,,0.112,,0.00343,,,0.0604,0.000745,0.00665,0.0451,0.0000185,0.0161,0.0226,,0.000236,0.0203,,0.00372,0.00468,
2024-05-31 12:05:38,0.0511,0.000206,0.0460,,0.00713,,0.112,,0.00359,,,0.0608,0.000724,0.00665,0.0455,0.0000169,0.0162,0.0228,,0.000231,0.0197,,0.00372,0.00456,
2024-05-31 12:05:40,0.0511,0.000193,0.0460,,0.00713,,0.112,,0.00359,,,0.0663,0.000702,0.00665,0.0460,,0.0163,0.0229,,0.000219,0.0221,,0.00372,0.00520,
2024-05-31 12:05:42,0.0511,0.000181,0.0482,,0.00713,,0.112,,0.00359,,,0.0668,0.000681,0.00665,0.0492,,0.0165,0.0248,,0.000208,0.0222,,0.00360,0.00523,
2024-05-31 12:05:44,0.0511,0.000168,0.0482,,0.00741,,0.116,,0.00359,,,0.0673,0.000557,0.00665,0.0497,,0.0177,0.0249,,0.000196,0.0224,,0.00366,0.00527,
2024-05-31 12:05:46,0.0511,0.000156,0.0482,,0.00746,,0.113,,0.00361,,,0.0678,0.000641,0.00665,0.0501,,0.0178,0.0251,,0.000185,0.0225,,0.00401,0.00531,
2024-05-31 12:05:48,0.0526,0.000143,0.0482,,0.00746,,0.122,,0.00372,,,0.0682,0.000619,0.00665,0.0506,,0.0179,0.0253,,0.000173,0.0227,,0.00401,0.00534,
2024-05-31 12:05:50,0.0526,0.000131,0.0482,,0.00803,,0.123,,0.00372,,,0.0687,0.000597,0.00665,0.0510,,0.0181,0.0254,,0.000161,0.0229,,0.00401,0.00538,
2024-05-31 12:05:52,0.0526,,0.0482,,0.00803,,0.124,,0.00372,,,0.0692,0.000575,0.00665,0.0515,,0.0164,0.0256,,0.000150,0.0230,,0.00401,0.00542,
2024-05-31 12:05:54,0.0508,,0.0482,,0.00803,,0.125,,0.00360,,,0.0696,0.000554,0.00665,0.0520,,0.0169,0.0258,,,0.0246,,0.00401,0.00545,
2024-05-31 12:05:56,0.0531,,0.0518,,0.00803,,0.125,,0.00393,,,0.0757,0.000532,0.00665,0.0550,,0.0169,0.0260,,,0.0247,,0.00401,0.00589,
2024-05-31 12:05:58,0.0531,,0.0518,,0.00834,,0.125,,0.00393,,,0.0764,0.000510,0.00665,0.0555,,0.0169,0.0254,,,0.0249,,0.00401,0.00589,
2024-05-31 12:06:00,0.0531,,0.0518,,0.00839,,0.125,,0.00393,,,0.0769,0.000488,0.00665,0.0560,,0.0181,0.0252,,,0.0251,,0.00412,0.00587,
2024-05-31 12:06:02,0.0531,,0.0518,,0.00845,,0.125,,0.00393,,,0.0774,0.000471,0.00665,0.0565,,0.0181,0.0289,,,0.0253,,0.00398,0.00603,
2024-05-31 12:06:04,0.0531,,0.0518,,0.00848,,0.129,,0.00407,,,0.0780,0.000450,0.00665,0.0570,,0.0181,0.0291,,,0.0264,,0.00428,0.00607,
2024-05-31 12:06:06,0.0540,,0.0537,,0.00848,,0.135,,0.00407,,,0.0785,0.000428,0.00665,0.0575,,0.0181,0.0293,,,0.0248,,0.00428,0.00607,
2024-05-31 12:06:08,0.0540,,0.0537,,0.00817,,0.136,,0.00419,,,0.0790,0.000406,0.00665,0.0579,,0.0181,0.0295,,,0.0248,,0.00428,0.00607,
2024-05-31 12:06:10,0.0540,,0.0537,,0.00932,,0.136,,0.00419,,,0.0835,0.000385,0.00665,0.0584,,0.0191,0.0297,,,0.0248,,0.00428,0.00643,
2024-05-31 12:06:12,0.0547,,0.0546,,0.00932,,0.136,,0.00419,,,0.0841,0.000359,0.00665,0.0589,,0.0201,0.0299,,,0.0248,,0.00428,0.00643,
2024-05-31 12:06:14,0.0547,,0.0546,,0.00964,,0.136,,0.00419,,,0.0847,0.000338,0.00665,0.0627,,0.0201,0.0301,,,0.0248,,0.00437,0.00643,
2024-05-31 12:06:16,0.0547,,0.0546,,0.00971,,0.136,,0.00419,,,0.0853,0.000316,0.00665,0.0633,,0.0201,0.0320,,,0.0248,,0.00437,0.00643,
2024-05-31 12:06:18,0.0547,,0.0546,,0.00977,,0.140,,0.00434,,,0.0859,0.000295,0.00665,0.0638,,0.0201,0.0320,,,0.0255,,0.00437,0.00673,
2024-05-31 12:06:20,0.0547,,0.0548,,0.00984,,0.144,,0.00446,,,0.0864,0.000273,0.00665,0.0643,,0.0201,0.0324,,,0.0249,,0.00422,0.00677,
2024-05-31 12:06:22,0.0580,,0.0548,,0.00990,,0.145,,0.00446,,,0.0900,0.000252,0.00665,0.0648,,0.0201,0.0326,,,0.0281,,0.00450,0.00703,
2024-05-31 12:06:24,0.0580,,0.0548,,0.00990,,0.146,,0.00446,,,0.0908,0.000230,0.00665,0.0653,,0.0201,0.0329,,,0.0281,,0.00450,0.00703,
2024-05-31 12:06:26,0.0580,,0.0548,,0.0104,,0.146,,0.00446,,,0.0914,,0.00665,0.0658,,0.0210,0.0331,,,0.0281,,0.00462,0.00703,
2024-05-31 12:06:28,0.0580,,0.0548,,0.0104,,0.146,,0.00446,,,0.0921,,0.00665,0.0690,,0.0219,0.0333,,,0.0281,,0.00462,0.00703,
2024-05-31 12:06:30,0.0580,,0.0527,,0.0107,,0.146,,0.00446,,,0.0927,,0.00665,0.0695,,0.0219,0.0335,,,0.0281,,0.00462,0.00703,
2024-05-31 12:06:32,0.0580,,0.0558,,0.0108,,0.150,,0.00446,,,0.0933,,0.00665,0.0700,,0.0219,0.0326,,,0.0281,,0.00470,0.00703,
2024-05-31 12:06:34,0.0595,,0.0583,,0.0109,,0.151,,0.00457,,,0.0940,,0.00665,0.0706,,0.0219,0.0360,,,0.0281,,0.00470,0.00727,
2024-05-31 12:06:36,0.0599,,0.0583,,0.0110,,0.152,,0.00475,,,0.0989,,0.00665,0.0711,,0.0219,0.0362,,,0.0281,,0.00470,0.00727,
2024-05-31 12:06:38,0.0643,,0.0583,,0.0110,,0.156,,0.00475,,,0.0996,,0.00665,0.0716,,0.0219,0.0365,,,0.0284,,0.00470,0.00768,
2024-05-31 12:06:40,0.0643,,0.0583,,0.0111,,0.157,,0.00475,,,0.0999,,,0.0722,,0.0235,0.0367,,,0.0320,,0.00470,0.00768,
2024-05-31 12:06:42,0.0643,,0.0583,,0.0117,,0.158,,0.00475,,,0.101,,,0.0759,,0.0235,0.0370,,,0.0320,,0.00481,0.00768,
2024-05-31 12:06:44,0.0643,,0.0583,,0.0117,,0.158,,0.00487,,,0.102,,,0.0764,,0.0235,0.0371,,,0.0320,,0.00481,0.00802,
2024-05-31 12:06:46,0.0643,,0.0583,,0.0117,,0.158,,0.00497,,,0.103,,,0.0770,,0.0235,0.0375,,,0.0320,,0.00481,0.00806,
2024-05-31 12:06:48,0.0643,,0.0583,,0.0120,,0.159,,0.00497,,,0.103,,,0.0775,,0.0235,0.0378,,,0.0320,,0.00465,0.00806,
2024-05-31 12:06:50,0.0643,,0.0641,,0.0121,,0.164,,0.00497,,,0.101,,,0.0781,,0.0242,0.0380,,,0.0345,,0.00462,0.00806,
2024-05-31 12:06:52,0.0643,,0.0641,,0.0122,,0.165,,0.00497,,,0.109,,,0.0786,,0.0243,0.0370,,,0.0345,,0.00499,0.00806,
2024-05-31 12:06:54,0.0666,,0.0641,,0.0123,,0.166,,0.00502,,,0.110,,,0.0792,,0.0252,0.0407,,,0.0345,,0.00499,0.00780,
2024-05-31 12:06:56,0.0652,,0.0641,,0.0123,,0.167,,0.00506,,,0.110,,,0.0797,,0.0252,0.0410,,,0.0345,,0.00502,0.00856,
2024-05-31 12:06:58,0.0652,,0.0641,,0.0129,,0.168,,0.00521,,,0.111,,,0.0839,,0.0252,0.0413,,,0.0345,,0.00519,0.00879,
2024-05-31 12:07:00,0.0652,,0.0641,,0.0129,,0.169,,0.00521,,,0.112,,,0.0845,,0.0252,0.0416,,,0.0359,,0.00519,0.00897,
2024-05-31 12:07:02,0.0652,,0.0641,,0.0129,,0.170,,0.00533,,,0.113,,,0.0850,,0.0252,0.0419,,,0.0359,,0.00519,0.00903,
2024-05-31 12:07:04,0.0687,,0.0641,,0.0133,,0.172,,0.00533,,,0.114,,,0.0856,,0.0252,0.0422,,,0.0359,,0.00519,0.00908,
2024-05-31 12:07:06,0.0687,,0.0641,,0.0134,,0.172,,0.00533,,,0.111,,,0.0862,,0.0262,0.0425,,,0.0347,,0.00532,0.00908,
2024-05-31 12:07:08,0.0687,,0.0703,,0.0135,,0.172,,0.00533,,,0.111,,,0.0868,,0.0262,0.0428,,,0.0345,,0.00532,0.00908,
2024-05-31 12:07:10,0.0680,,0.0703,,0.0135,,0.177,,0.00533,,,0.120,,,0.0867,,0.0276,0.0445,,,0.0381,,0.00532,0.00939,
2024-05-31 12:07:12,0.0680,,0.0703,,0.0136,,0.178,,0.00533,,,0.121,,,0.0867,,0.0276,0.0446,,,0.0395,,0.00532,0.00939,
2024-05-31 12:07:14,0.0680,,0.0703,,0.0131,,0.179,,0.00547,,,0.122,,,0.0867,,0.0276,0.0451,,,0.0395,,0.00547,0.00939,
2024-05-31 12:07:16,0.0680,,0.0703,,0.0145,,0.181,,0.00547,,,0.123,,,0.0836,,0.0276,0.0454,,,0.0395,,0.00547,0.00965,
2024-05-31 12:07:18,0.0680,,0.0703,,0.0149,,0.183,,0.00547,,,0.124,,,0.0914,,0.0276,0.0458,,,0.0395,,0.00557,0.00972,
2024-05-31 12:07:20,0.0715,,0.0703,,0.0150,,0.184,,0.00527,,,0.125,,,0.0914,,0.0283,0.0461,,,0.0395,,0.00557,0.00992,
2024-05-31 12:07:22,0.0715,,0.0703,,0.0151,,0.185,,0.00564,,,0.125,,,0.0914,,0.0283,0.0464,,,0.0395,,0.00557,0.00998,
2024-05-31 12:07:24,0.0715,,0.0703,,0.0152,,0.185,,0.00572,,,0.129,,,0.0914,,0.0283,0.0466,,,0.0438,,0.00557,0.0100,
2024-05-31 12:07:26,0.0752,,0.0745,,0.0153,,0.185,,0.00590,,,0.130,,,0.0969,,0.0288,0.0490,,,0.0438,,0.00557,0.00972,
2024-05-31 12:07:28,0.0752,,0.0745,,0.0153,,0.185,,0.00590,,,0.131,,,0.0969,,0.0290,0.0493,,,0.0438,,0.00576,0.0105,
2024-05-31 12:07:30,0.0752,,0.0745,,0.0159,,0.190,,0.00590,,,0.132,,,0.0969,,0.0299,0.0496,,,0.0438,,0.00576,0.0105,
2024-05-31 12:07:32,0.0752,,0.0745,,0.0159,,0.190,,0.00590,,,0.133,,,0.100,,0.0299,0.0500,,,0.0438,,0.00584,0.0105,
2024-05-31 12:07:34,0.0752,,0.0745,,0.0162,,0.191,,0.00598,,,0.134,,,0.100,,0.0305,0.0503,,,0.0438,,0.00584,0.0105,
2024-05-31 12:07:36,0.0753,,0.0745,,0.0163,,0.191,,0.00598,,,0.135,,,0.100,,0.0305,0.0507,,,0.0438,,0.00584,0.0107,
2024-05-31 12:07:38,0.0779,,0.0745,,0.0164,,0.191,,0.00598,,,0.138,,,0.100,,0.0305,0.0510,,,0.0438,,0.00584,0.0110,
2024-05-31 12:07:40,0.0779,,0.0741,,0.0165,,0.189,,0.00598,,,0.138,,,0.100,,0.0305,0.0514,,,0.0432,,0.00584,0.0113,
2024-05-31 12:07:42,0.0779,,0.0767,,0.0165,,0.195,,0.00618,,,0.140,,,0.100,,0.0305,0.0514,,,0.0444,,0.00584,0.0113,
2024-05-31 12:07:44,0.0750,,0.0767,,0.0165,,0.195,,0.00618,,,0.141,,,0.107,,0.0305,0.0533,,,0.0481,,0.00596,0.0113,
2024-05-31 12:07:46,0.0826,,0.0767,,0.0165,,0.195,,0.00629,,,0.142,,,0.107,,0.0316,0.0536,,,0.0481,,0.00596,0.0113,
2024-05-31 12:07:48,0.0826,,0.0767,,0.0164,,0.195,,0.00629,,,0.144,,,0.107,,0.0316,0.0540,,,0.0481,,0.00577,0.0113,
2024-05-31 12:07:50,0.0826,,0.0767,,0.0177,,0.195,,0.00629,,,0.145,,,0.107,,0.0306,0.0544,,,0.0481,,0.00605,0.0113,
2024-05-31 12:07:52,0.0826,,0.0767,,0.0178,,0.195,,0.00629,,,0.145,,,0.107,,0.0304,0.0547,,,0.0481,,0.00605,0.0113,
2024-05-31 12:07:54,0.0841,,0.0767,,0.0178,,0.195,,0.00629,,,0.145,,,0.107,,0.0323,0.0551,,,0.0481,,0.00605,0.0120,
2024-05-31 12:07:56,0.0825,,0.0767,,0.0178,,0.195,,0.00622,,,0.145,,,0.107,,0.0324,0.0552,,,0.0481,,0.00605,0.0120,
2024-05-31 12:07:58,0.0825,,0.0741,,0.0178,,0.191,,0.00644,,,0.149,,,0.107,,0.0334,0.0552,,,0.0513,,0.00618,0.0120,
2024-05-31 12:08:00,0.0825,,0.0789,,0.0182,,0.197,,0.00644,,,0.150,,,0.104,,0.0334,0.0534,,,0.0513,,0.00618,0.0120,
2024-05-31 12:08:02,0.0825,,0.0789,,0.0182,,0.197,,0.00664,,,0.152,,,0.116,,0.0334,0.0579,,,0.0513,,0.00618,0.0120,
2024-05-31 12:08:04,0.0825,,0.0789,,0.0184,,0.197,,0.00664,,,0.152,,,0.116,,0.0334,0.0583,,,0.0513,,0.00618,0.0120,
2024-05-31 12:08:06,0.0825,,0.0789,,0.0190,,0.198,,0.00664,,,0.152,,,0.116,,0.0334,0.0583,,,0.0513,,0.00599,0.0123,
2024-05-31 12:08:08,0.0818,,0.0789,,0.0190,,0.198,,0.00664,,,0.152,,,0.116,,0.0334,0.0583,,,0.0513,,0.00625,0.0126,
2024-05-31 12:08:10,0.0831,,0.0789,,0.0195,,0.198,,0.00664,,,0.156,,,0.116,,0.0323,0.0583,,,0.0526,,0.00625,0.0126,
2024-05-31 12:08:12,0.0831,,0.0789,,0.0195,,0.198,,0.00664,,,0.156,,,0.116,,0.0346,0.0583,,,0.0526,,0.00618,0.0126,
2024-05-31 12:08:14,0.0831,,0.0789,,0.0195,,0.198,,0.00675,,,0.156,,,0.119,,0.0360,0.0583,,,0.0526,,0.00642,0.0126,
2024-05-31 12:08:16,0.0831,,0.0789,,0.0195,,0.198,,0.00675,,,0.152,,,0.119,,0.0360,0.0587,,,0.0546,,0.00642,0.0126,
2024-05-31 12:08:18,0.0831,,0.0809,,0.0195,,0.198,,0.00654,,,0.151,,,0.119,,0.0360,0.0608,,,0.0546,,0.00642,0.0129,
2024-05-31 12:08:20,0.0831,,0.0809,,0.0195,,0.198,,0.00684,,,0.150,,,0.124,,0.0360,0.0617,,,0.0546,,0.00647,0.0129,
2024-05-31 12:08:22,0.0831,,0.0809,,0.0202,,0.198,,0.00684,,,0.158,,,0.124,,0.0360,0.0617,,,0.0561,,0.00647,0.0132,
2024-05-31 12:08:24,0.0804,,0.0809,,0.0202,,0.198,,0.00684,,,0.161,,,0.124,,0.0360,0.0617,,,0.0561,,0.00647,0.0132,
2024-05-31 12:08:26,0.0804,,0.0809,,0.0202,,0.198,,0.00699,,,0.161,,,0.124,,0.0368,0.0617,,,0.0561,,0.00647,0.0132,
2024-05-31 12:08:28,0.0811,,0.0809,,0.0194,,0.191,,0.00699,,,0.161,,,0.124,,0.0368,0.0617,,,0.0561,,0.00647,0.0132,
2024-05-31 12:08:30,0.0811,,0.0808,,0.0208,,0.199,,0.00699,,,0.161,,,0.126,,0.0375,0.0617,,,0.0578,,0.00647,0.0132,
2024-05-31 12:08:32,0.0811,,0.0827,,0.0208,,0.199,,0.00699,,,0.161,,,0.126,,0.0375,0.0625,,,0.0595,,0.00657,0.0139,
2024-05-31 12:08:34,0.0811,,0.0827,,0.0208,,0.199,,0.00699,,,0.161,,,0.126,,0.0375,0.0625,,,0.0595,,0.00657,0.0139,
2024-05-31 12:08:36,0.0811,,0.0827,,0.0208,,0.199,,0.00718,,,0.160,,,0.126,,0.0375,0.0638,,,0.0595,,0.00635,0.0139,
2024-05-31 12:08:38,0.0811,,0.0827,,0.0208,,0.199,,0.00718,,,0.159,,,0.127,,0.0375,0.0638,,,0.0595,,0.00669,0.0139,
2024-05-31 12:08:40,0.0811,,0.0827,,0.0215,,0.199,,0.00736,,,0.166,,,0.131,,0.0385,0.0638,,,0.0595,,0.00669,0.0139,
2024-05-31 12:08:42,0.0788,,0.0827,,0.0215,,0.199,,0.00736,,,0.166,,,0.131,,0.0388,0.0638,,,0.0609,,0.00669,0.0139,
2024-05-31 12:08:44,0.0788,,0.0827,,0.0222,,0.199,,0.00736,,,0.166,,,0.131,,0.0400,0.0638,,,0.0609,,0.00669,0.0141,
2024-05-31 12:08:46,0.0761,,0.0833,,0.0222,,0.199,,0.00736,,,0.166,,,0.127,,0.0400,0.0647,,,0.0609,,0.00662,0.0141,
2024-05-31 12:08:48,0.0788,,0.0845,,0.0222,,0.199,,0.00736,,,0.166,,,0.126,,0.0400,0.0646,,,0.0627,,0.00685,0.0145,
2024-05-31 12:08:50,0.0788,,0.0845,,0.0222,,0.199,,0.00736,,,0.169,,,0.135,,0.0400,0.0668,,,0.0627,,0.00685,0.0145,
2024-05-31 12:08:52,0.0788,,0.0845,,0.0222,,0.199,,0.00750,,,0.169,,,0.135,,0.0400,0.0668,,,0.0627,,0.00696,0.0145,
2024-05-31 12:08:54,0.0788,,0.0845,,0.0222,,0.199,,0.00750,,,0.169,,,0.135,,0.0411,0.0668,,,0.0627,,0.00696,0.0145,
2024-05-31 12:08:56,0.0788,,0.0845,,0.0231,,0.199,,0.00765,,,0.163,,,0.134,,0.0411,0.0668,,,0.0639,,0.00696,0.0145,
2024-05-31 12:08:58,0.0769,,0.0845,,0.0231,,0.199,,0.00765,,,0.170,,,0.135,,0.0411,0.0668,,,0.0639,,0.00696,0.0145,
2024-05-31 12:09:00,0.0769,,0.0856,,0.0236,,0.199,,0.00765,,,0.172,,,0.140,,0.0420,0.0668,,,0.0639,,0.00696,0.0147,
2024-05-31 12:09:02,0.0769,,0.0856,,0.0236,,0.199,,0.00765,,,0.172,,,0.141,,0.0420,0.0668,,,0.0658,,0.00696,0.0151,
2024-05-31 12:09:04,0.0769,,0.0856,,0.0236,,0.192,,0.00771,,,0.172,,,0.141,,0.0420,0.0644,,,0.0658,,0.00704,0.0151,
2024-05-31 12:09:06,0.0761,,0.0856,,0.0236,,0.199,,0.00771,,,0.172,,,0.141,,0.0421,0.0683,,,0.0658,,0.00704,0.0151,
2024-05-31 12:09:08,0.0761,,0.0856,,0.0236,,0.199,,0.00771,,,0.172,,,0.141,,0.0421,0.0683,,,0.0658,,0.00713,0.0151,
2024-05-31 12:09:10,0.0761,,0.0856,,0.0236,,0.199,,0.00782,,,0.172,,,0.141,,0.0421,0.0683,,,0.0658,,0.00713,0.0151,
2024-05-31 12:09:12,0.0761,,0.0856,,0.0236,,0.199,,0.00782,,,0.175,,,0.142,,0.0428,0.0683,,,0.0670,,0.00713,0.0151,
2024-05-31 12:09:14,0.0761,,0.0863,,0.0241,,0.199,,0.00782,,,0.169,,,0.142,,0.0428,0.0683,,,0.0670,,0.00713,0.0153,
2024-05-31 12:09:16,0.0733,,0.0876,,0.0233,,0.199,,0.00782,,,0.168,,,0.145,,0.0428,0.0683,,,0.0670,,0.00713,0.0153,
2024-05-31 12:09:18,0.0700,,0.0876,,0.0232,,0.193,,0.00782,,,0.176,,,0.145,,0.0432,0.0695,,,0.0685,,0.00725,0.0153,
2024-05-31 12:09:20,0.0724,,0.0876,,0.0246,,0.191,,0.00790,,,0.176,,,0.145,,0.0432,0.0695,,,0.0685,,0.00732,0.0157,
2024-05-31 12:09:22,0.0724,,0.0876,,0.0246,,0.199,,0.00790,,,0.176,,,0.145,,0.0432,0.0701,,,0.0685,,0.00732,0.0157,
2024-05-31 12:09:24,0.0724,,0.0876,,0.0246,,0.193,,0.00790,,,0.172,,,0.147,,0.0432,0.0701,,,0.0692,,0.00732,0.0157,
2024-05-31 12:09:26,0.0724,,0.0876,,0.0251,,0.199,,0.00803,,,0.173,,,0.147,,0.0439,0.0701,,,0.0692,,0.00732,0.0157,
2024-05-31 12:09:28,0.0711,,0.0876,,0.0251,,0.199,,0.00803,,,0.179,,,0.147,,0.0439,0.0701,,,0.0692,,0.00732,0.0157,
2024-05-31 12:09:30,0.0711,,0.0876,,0.0251,,0.199,,0.00803,,,0.179,,,0.149,,0.0439,0.0701,,,0.0692,,0.00732,0.0157,
2024-05-31 12:09:32,0.0711,,0.0883,,0.0251,,0.199,,0.00803,,,0.179,,,0.149,,0.0439,0.0701,,,0.0692,,0.00738,0.0157,
2024-05-31 12:09:34,0.0711,,0.0862,,0.0251,,0.199,,0.00809,,,0.179,,,0.149,,0.0424,0.0701,,,0.0703,,0.00738,0.0156,
2024-05-31 12:09:36,0.0702,,0.0894,,0.0251,,0.199,,0.00809,,,0.179,,,0.149,,0.0442,0.0708,,,0.0703,,0.00745,0.0160,
2024-05-31 12:09:38,0.0702,,0.0894,,0.0241,,0.199,,0.00821,,,0.179,,,0.149,,0.0436,0.0708,,,0.0709,,0.00745,0.0160,
2024-05-31 12:09:40,0.0702,,0.0894,,0.0259,,0.199,,0.00821,,,0.179,,,0.145,,0.0451,0.0684,,,0.0709,,0.00745,0.0162,
2024-05-31 12:09:42,0.0702,,0.0894,,0.0259,,0.199,,0.00821,,,0.179,,,0.152,,0.0451,0.0709,,,0.0709,,0.00745,0.0162,
2024-05-31 12:09:44,0.0680,,0.0890,,0.0259,,0.199,,0.00821,,,0.175,,,0.154,,0.0451,0.0709,,,0.0709,,0.00753,0.0162,
2024-05-31 12:09:46,0.0675,,0.0890,,0.0259,,0.199,,0.00821,,,0.181,,,0.154,,0.0451,0.0709,,,0.0699,,0.00753,0.0162,
2024-05-31 12:09:48,0.0675,,0.0890,,0.0259,,0.199,,0.00821,,,0.181,,,0.154,,0.0451,0.0714,,,0.0705,,0.00756,0.0162,
2024-05-31 12:09:50,0.0642,,0.0890,,0.0259,,0.199,,0.00821,,,0.181,,,0.154,,0.0451,0.0714,,,0.0730,,0.00756,0.0162,
2024-05-31 12:09:52,0.0642,,0.0890,,0.0264,,0.199,,0.00840,,,0.181,,,0.154,,0.0457,0.0714,,,0.0730,,0.00756,0.0164,
2024-05-31 12:09:54,0.0642,,0.0898,,0.0264,,0.199,,0.00840,,,0.181,,,0.155,,0.0457,0.0714,,,0.0730,,0.00756,0.0164,
2024-05-31 12:09:56,0.0642,,0.0898,,0.0264,,0.199,,0.00840,,,0.181,,,0.155,,0.0443,0.0714,,,0.0730,,0.00756,0.0164,
2024-05-31 12:09:58,0.0644,,0.0895,,0.0267,,0.199,,0.00840,,,0.182,,,0.155,,0.0447,0.0695,,,0.0730,,0.00756,0.0164,
2024-05-31 12:10:00,0.0644,,0.0895,,0.0267,,0.199,,0.00840,,,0.182,,,0.158,,0.0460,0.0725,,,0.0732,,0.00765,0.0164,
2024-05-31 12:10:02,0.0626,,0.0895,,0.0267,,0.199,,0.00840,,,0.183,,,0.158,,0.0460,0.0725,,,0.0732,,0.00765,0.0164,
2024-05-31 12:10:04,0.0649,,0.0895,,0.0263,,0.199,,0.00840,,,0.183,,,0.158,,0.0460,0.0725,,,0.0732,,0.00772,0.0162,
2024-05-31 12:10:06,0.0649,,0.0895,,0.0272,,0.199,,0.00840,,,0.183,,,0.158,,0.0460,0.0725,,,0.0746,,0.00772,0.0167,
2024-05-31 12:10:08,0.0649,,0.0908,,0.0272,,0.199,,0.00855,,,0.183,,,0.158,,0.0462,0.0725,,,0.0746,,0.00772,0.0162,
2024-05-31 12:10:10,0.0631,,0.0908,,0.0272,,0.199,,0.00855,,,0.183,,,0.153,,0.0462,0.0725,,,0.0746,,0.00772,0.0169,
2024-05-31 12:10:12,0.0631,,0.0908,,0.0272,,0.199,,0.00855,,,0.185,,,0.160,,0.0462,0.0728,,,0.0746,,0.00772,0.0169,
2024-05-31 12:10:14,0.0631,,0.0922,,0.0275,,0.199,,0.00855,,,0.185,,,0.162,,0.0462,0.0728,,,0.0748,,0.00777,0.0169,
2024-05-31 12:10:16,0.0631,,0.0922,,0.0275,,0.199,,0.00855,,,0.185,,,0.162,,0.0466,0.0728,,,0.0748,,0.00777,0.0169,
2024-05-31 12:10:18,0.0631,,0.0922,,0.0275,,0.199,,0.00855,,,0.185,,,0.162,,0.0466,0.0735,,,0.0748,,0.00777,0.0169,
2024-05-31 12:10:20,0.0631,,0.0922,,0.0275,,0.199,,0.00855,,,0.185,,,0.162,,0.0466,0.0735,,,0.0748,,0.00752,0.0169,
2024-05-31 12:10:22,0.0621,,0.0922,,0.0275,,0.199,,0.00862,,,0.185,,,0.162,,0.0466,0.0735,,,0.0742,,0.00782,0.0166,
2024-05-31 12:10:24,0.0621,,0.0922,,0.0278,,0.199,,0.00870,,,0.185,,,0.162,,0.0452,0.0735,,,0.0765,,0.00782,0.0172,
2024-05-31 12:10:26,0.0621,,0.0924,,0.0278,,0.199,,0.00870,,,0.186,,,0.162,,0.0458,0.0735,,,0.0765,,0.00762,0.0172,
2024-05-31 12:10:28,0.0603,,0.0933,,0.0278,,0.192,,0.00870,,,0.186,,,0.165,,0.0472,0.0734,,,0.0765,,0.00791,0.0172,
2024-05-31 12:10:30,0.0603,,0.0933,,0.0280,,0.199,,0.00870,,,0.186,,,0.165,,0.0472,0.0739,,,0.0738,,0.00791,0.0172,
2024-05-31 12:10:32,0.0603,,0.0933,,0.0280,,0.199,,0.00870,,,0.186,,,0.165,,0.0472,0.0739,,,0.0763,,0.00791,0.0172,
2024-05-31 12:10:34,0.0603,,0.0933,,0.0280,,0.199,,0.00870,,,0.186,,,0.165,,0.0472,0.0739,,,0.0763,,0.00791,0.0172,
2024-05-31 12:10:36,0.0580,,0.0933,,0.0280,,0.199,,0.00870,,,0.186,,,0.165,,0.0472,0.0739,,,0.0763,,0.00799,0.0173,
2024-05-31 12:10:38,0.0584,,0.0933,,0.0284,,0.199,,0.00824,,,0.186,,,0.165,,0.0472,0.0741,,,0.0763,,0.00799,0.0173,
2024-05-31 12:10:40,0.0604,,0.0933,,0.0284,,0.199,,0.00848,,,0.187,,,0.165,,0.0473,0.0741,,,0.0776,,0.00799,0.0175,
2024-05-31 12:10:42,0.0604,,0.0936,,0.0284,,0.199,,0.00886,,,0.187,,,0.168,,0.0473,0.0723,,,0.0776,,0.00799,0.0175,
2024-05-31 12:10:44,0.0604,,0.0943,,0.0284,,0.199,,0.00886,,,0.187,,,0.168,,0.0479,0.0748,,,0.0776,,0.00799,0.0175,
2024-05-31 12:10:46,0.0592,,0.0943,,0.0284,,0.199,,0.00886,,,0.187,,,0.168,,0.0479,0.0748,,,0.0776,,0.00806,0.0175,
2024-05-31 12:10:48,0.0592,,0.0943,,0.0288,,0.192,,0.00886,,,0.187,,,0.168,,0.0479,0.0748,,,0.0776,,0.00806,0.0175,
2024-05-31 12:10:50,0.0592,,0.0943,,0.0283,,0.193,,0.00886,,,0.187,,,0.168,,0.0479,0.0748,,,0.0776,,0.00806,0.0176,
2024-05-31 12:10:52,0.0592,,0.0943,,0.0293,,0.199,,0.00890,,,0.187,,,0.168,,0.0479,0.0748,,,0.0776,,0.00779,0.0176,
2024-05-31 12:10:54,0.0592,,0.0943,,0.0293,,0.199,,0.00890,,,0.187,,,0.168,,0.0479,0.0748,,,0.0786,,0.00817,0.0176,
2024-05-31 12:10:56,0.0588,,0.0961,,0.0293,,0.199,,0.00895,,,0.188,,,0.165,,0.0479,0.0723,,,0.0786,,0.00817,0.0177,
2024-05-31 12:10:58,0.0579,,0.0961,,0.0293,,0.199,,0.00895,,,0.188,,,0.165,,0.0479,0.0749,,,0.0786,,0.00817,0.0177,
2024-05-31 12:11:00,0.0579,,0.0961,,0.0293,,0.199,,0.00895,,,0.188,,,0.164,,0.0481,0.0749,,,0.0784,,0.00817,0.0177,
2024-05-31 12:11:02,0.0579,,0.0961,,0.0295,,0.199,,0.00895,,,0.188,,,0.171,,0.0482,0.0754,,,0.0784,,0.00817,0.0177,
2024-05-31 12:11:04,0.0579,,0.0961,,0.0295,,0.199,,0.00895,,,0.188,,,0.171,,0.0482,0.0754,,,0.0774,,0.00829,0.0177,
2024-05-31 12:11:06,0.0579,,0.0961,,0.0295,,0.199,,0.00895,,,0.188,,,0.171,,0.0482,0.0754,,,0.0799,,0.00829,0.0178,
2024-05-31 12:11:08,0.0579,,0.0960,,0.0295,,0.199,,0.00908,,,0.188,,,0.171,,0.0482,0.0754,,,0.0799,,0.00829,0.0178,
2024-05-31 12:11:10,0.0579,,0.0960,,0.0300,,0.199,,0.00908,,,0.189,,,0.171,,0.0482,0.0754,,,0.0796,,0.00829,0.0180,
2024-05-31 12:11:12,0.0569,,0.0943,,0.0300,,0.199,,0.00908,,,0.189,,,0.172,,0.0489,0.0754,,,0.0796,,0.00800,0.0180,
2024-05-31 12:11:14,0.0569,,0.0978,,0.0300,,0.199,,0.00908,,,0.189,,,0.174,,0.0489,0.0754,,,0.0796,,0.00834,0.0180,
2024-05-31 12:11:16,0.0562,,0.0978,,0.0301,,0.199,,0.00908,,,0.189,,,0.174,,0.0489,0.0736,,,0.0796,,0.00834,0.0180,
2024-05-31 12:11:18,0.0562,,0.0978,,0.0301,,0.199,,0.00908,,,0.189,,,0.174,,0.0488,0.0762,,,0.0796,,0.00834,0.0180,
2024-05-31 12:11:20,0.0562,,0.0978,,0.0301,,0.193,,0.00916,,,0.189,,,0.174,,0.0488,0.0762,,,0.0796,,0.00834,0.0175,
2024-05-31 12:11:22,0.0534,,0.0978,,0.0301,,0.199,,0.00916,,,0.189,,,0.174,,0.0488,0.0762,,,0.0775,,0.00840,0.0181,
2024-05-31 12:11:24,0.0534,,0.0978,,0.0301,,0.199,,0.00916,,,0.189,,,0.174,,0.0488,0.0762,,,0.0801,,0.00840,0.0181,
2024-05-31 12:11:26,0.0534,,0.0973,,0.0306,,0.199,,0.00916,,,0.189,,,0.174,,0.0488,0.0762,,,0.0776,,0.00843,0.0181,
2024-05-31 12:11:28,0.0534,,0.0973,,0.0306,,0.199,,0.00916,,,0.189,,,0.175,,0.0492,0.0762,,,0.0799,,0.00843,0.0181,
2024-05-31 12:11:30,0.0534,,0.0973,,0.0306,,0.199,,0.00916,,,0.183,,,0.176,,0.0492,0.0763,,,0.0799,,0.00843,0.0181,
2024-05-31 12:11:32,0.0516,,0.0936,,0.0306,,0.199,,0.00916,,,0.182,,,0.176,,0.0488,0.0763,,,0.0799,,0.00819,0.0181,
2024-05-31 12:11:34,0.0516,,0.0968,,0.0295,,0.199,,0.00916,,,0.190,,,0.176,,0.0488,0.0737,,,0.0799,,0.00849,0.0181,
2024-05-31 12:11:36,0.0516,,0.0968,,0.0305,,0.199,,0.00921,,,0.190,,,0.176,,0.0488,0.0766,,,0.0799,,0.00849,0.0180,
2024-05-31 12:11:38,0.0504,,0.0968,,0.0305,,0.193,,0.00921,,,0.190,,,0.176,,0.0488,0.0766,,,0.0799,,0.00849,0.0175,
2024-05-31 12:11:40,0.0521,,0.0971,,0.0305,,0.192,,0.00921,,,0.190,,,0.176,,0.0491,0.0766,,,0.0800,,0.00849,0.0181,
2024-05-31 12:11:42,0.0521,,0.0971,,0.0309,,0.199,,0.00921,,,0.190,,,0.177,,0.0491,0.0766,,,0.0800,,0.00822,0.0181,
2024-05-31 12:11:44,0.0521,,0.0971,,0.0309,,0.199,,0.00921,,,0.190,,,0.177,,0.0491,0.0766,,,0.0800,,0.00854,0.0181,
2024-05-31 12:11:46,0.0521,,0.0971,,0.0309,,0.199,,0.00932,,,0.190,,,0.171,,0.0491,0.0769,,,0.0800,,0.00854,0.0181,
2024-05-31 12:11:48,0.0511,,0.0971,,0.0309,,0.199,,0.00932,,,0.190,,,0.177,,0.0489,0.0769,,,0.0800,,0.00854,0.0181,
2024-05-31 12:11:50,0.0511,,0.0935,,0.0310,,0.199,,0.00901,,,0.190,,,0.177,,0.0493,0.0769,,,0.0778,,0.00854,0.0181,
2024-05-31 12:11:52,0.0511,,0.0968,,0.0310,,0.199,,0.00930,,,0.184,,,0.177,,0.0493,0.0769,,,0.0783,,0.00859,0.0181,
2024-05-31 12:11:54,0.0511,,0.0968,,0.0310,,0.199,,0.00930,,,0.190,,,0.177,,0.0493,0.0772,,,0.0808,,0.00859,0.0181,
2024-05-31 12:11:56,0.0509,,0.0980,,0.0310,,0.199,,0.00930,,,0.190,,,0.177,,0.0493,0.0772,,,0.0805,,0.00859,0.0183,
2024-05-31 12:11:58,0.0509,,0.0980,,0.0311,,0.199,,0.00930,,,0.190,,,0.172,,0.0493,0.0772,,,0.0805,,0.00861,0.0183,
2024-05-31 12:12:00,0.0509,,0.0980,,0.0314,,0.199,,0.00930,,,0.190,,,0.173,,0.0495,0.0772,,,0.0805,,0.00861,0.0183,
2024-05-31 12:12:02,0.0496,,0.0980,,0.0314,,0.199,,0.00904,,,0.190,,,0.179,,0.0495,0.0772,,,0.0805,,0.00861,0.0177,
2024-05-31 12:12:04,0.0496,,0.0980,,0.0314,,0.199,,0.00938,,,0.190,,,0.178,,0.0495,0.0772,,,0.0805,,0.00861,0.0176,
2024-05-31 12:12:06,0.0496,,0.0980,,0.0314,,0.199,,0.00938,,,0.190,,,0.178,,0.0499,0.0772,,,0.0805,,0.00864,0.0182,
2024-05-31 12:12:08,0.0496,,0.0968,,0.0314,,0.193,,0.00908,,,0.190,,,0.178,,0.0499,0.0772,,,0.0805,,0.00864,0.0182,
2024-05-31 12:12:10,0.0444,,0.0968,,0.0314,,0.199,,0.00940,,,0.190,,,0.178,,0.0499,0.0770,,,0.0802,,0.00864,0.0176,
2024-05-31 12:12:12,0.0444,,0.0968,,0.0314,,0.199,,0.00940,,,0.190,,,0.178,,0.0499,0.0770,,,0.0802,,0.00864,0.0183,
2024-05-31 12:12:14,0.0444,,0.0933,,0.0314,,0.199,,0.00940,,,0.190,,,0.178,,0.0499,0.0770,,,0.0802,,0.00862,0.0183,
2024-05-31 12:12:16,0.0444,,0.0962,,0.0316,,0.199,,0.00940,,,0.190,,,0.178,,0.0482,0.0770,,,0.0802,,0.00862,0.0183,
2024-05-31 12:12:18,0.0435,,0.0962,,0.0316,,0.199,,0.00940,,,0.183,,,0.179,,0.0496,0.0770,,,0.0802,,0.00867,0.0183,
2024-05-31 12:12:20,0.0435,,0.0962,,0.0316,,0.199,,0.00940,,,0.190,,,0.179,,0.0500,0.0770,,,0.0802,,0.00867,0.0183,
2024-05-31 12:12:22,0.0435,,0.0962,,0.0316,,0.199,,0.00948,,,0.190,,,0.179,,0.0500,0.0770,,,0.0802,,0.00867,0.0182,
2024-05-31 12:12:24,0.0435,,0.0962,,0.0316,,0.199,,0.00948,,,0.190,,,0.179,,0.0500,0.0770,,,0.0774,,0.00867,0.0182,
2024-05-31 12:12:26,0.0347,,0.0950,,0.0316,,0.199,,0.00918,,,0.190,,,0.179,,0.0500,0.0773,,,0.0777,,0.00867,0.0182,
2024-05-31 12:12:28,0.0360,,0.0947,,0.0316,,0.199,,0.00912,,,0.190,,,0.179,,0.0500,0.0773,,,0.0802,,0.00867,0.0183,
2024-05-31 12:12:30,0.0360,,0.0947,,0.0309,,0.199,,0.00945,,,0.190,,,0.179,,0.0500,0.0774,,,0.0802,,0.00867,0.0183,
2024-05-31 12:12:32,0.0360,,0.0947,,0.0320,,0.199,,0.00945,,,0.190,,,0.180,,0.0500,0.0774,,,0.0802,,0.00849,0.0183,
2024-05-31 12:12:34,0.0360,,0.0947,,0.0319,,0.199,,0.00948,,,0.190,,,0.180,,0.0485,0.0774,,,0.0802,,0.00876,0.0183,
2024-05-31 12:12:36,0.0354,,0.0947,,0.0319,,0.199,,0.00948,,,0.185,,,0.180,,0.0488,0.0774,,,0.0802,,0.00876,0.0183,
2024-05-31 12:12:38,0.0354,,0.0947,,0.0319,,0.199,,0.00948,,,0.184,,,0.180,,0.0504,0.0774,,,0.0802,,0.00876,0.0183,
2024-05-31 12:12:40,0.0354,,0.0926,,0.0319,,0.199,,0.00948,,,0.191,,,0.180,,0.0504,0.0774,,,0.0802,,0.00877,0.0184,
2024-05-31 12:12:42,0.0354,,0.0957,,0.0319,,0.199,,0.00948,,,0.191,,,0.180,,0.0504,0.0774,,,0.0775,,0.00877,0.0184,
2024-05-31 12:12:44,0.0354,,0.0957,,0.0319,,0.199,,0.00948,,,0.191,,,0.181,,0.0504,0.0774,,,0.0795,,0.00877,0.0184,
2024-05-31 12:12:46,0.0352,,0.0957,,0.0319,,0.199,,0.00945,,,0.191,,,0.181,,0.0504,0.0774,,,0.0795,,0.00877,0.0184,
2024-05-31 12:12:48,0.0352,,0.0957,,0.0319,,0.193,,0.00945,,,0.191,,,0.181,,0.0504,0.0774,,,0.0795,,0.00877,0.0178,
2024-05-31 12:12:50,0.0347,,0.0957,,0.0320,,0.193,,0.00945,,,0.191,,,0.181,,0.0502,0.0774,,,0.0795,,0.00886,0.0183,
2024-05-31 12:12:52,0.0347,,0.0957,,0.0320,,0.199,,0.00945,,,0.191,,,0.181,,0.0502,0.0774,,,0.0795,,0.00886,0.0183,
2024-05-31 12:12:54,0.0347,,0.0957,,0.0321,,0.199,,0.00945,,,0.191,,,0.181,,0.0483,0.0774,,,0.0795,,0.00886,0.0183,
2024-05-31 12:12:56,0.0341,,0.0957,,0.0321,,0.199,,0.00945,,,0.185,,,0.181,,0.0500,0.0774,,,0.0795,,0.00857,0.0183,
2024-05-31 12:12:58,0.0341,,0.0954,,0.0321,,0.199,,0.00945,,,0.184,,,0.181,,0.0500,0.0774,,,0.0763,,0.00851,0.0183,
2024-05-31 12:13:00,0.0341,,0.0963,,0.0321,,0.199,,0.00945,,,0.191,,,0.181,,0.0500,0.0774,,,0.0741,,0.00888,0.0183,
2024-05-31 12:13:02,0.0341,,0.0963,,0.0321,,0.199,,0.00922,,,0.185,,,0.180,,0.0500,0.0725,,,0.0793,,0.00888,0.0184,
2024-05-31 12:13:04,0.0341,,0.0963,,0.0321,,0.199,,0.00953,,,0.192,,,0.180,,0.0500,0.0779,,,0.0793,,0.00888,0.0184,
2024-05-31 12:13:06,0.0330,,0.0963,,0.0321,,0.199,,0.00953,,,0.192,,,0.180,,0.0484,0.0779,,,0.0793,,0.00888,0.0184,
2024-05-31 12:13:08,0.0335,,0.0963,,0.0321,,0.199,,0.00953,,,0.192,,,0.180,,0.0501,0.0779,,,0.0793,,0.00894,0.0184,
2024-05-31 12:13:10,0.0337,,0.0963,,0.0311,,0.199,,0.00953,,,0.192,,,0.180,,0.0501,0.0779,,,0.0793,,0.00894,0.0184,
2024-05-31 12:13:12,0.0337,,0.0963,,0.0312,,0.199,,0.00921,,,0.192,,,0.180,,0.0499,0.0779,,,0.0790,,0.00892,0.0184,
2024-05-31 12:13:14,0.0337,,0.0940,,0.0322,,0.199,,0.00953,,,0.192,,,0.181,,0.0499,0.0779,,,0.0790,,0.00892,0.0184,
2024-05-31 12:13:16,0.0337,,0.0969,,0.0322,,0.199,,0.00953,,,0.192,,,0.181,,0.0499,0.0779,,,0.0785,,0.00892,0.0184,
2024-05-31 12:13:18,0.0337,,0.0969,,0.0322,,0.199,,0.00953,,,0.192,,,0.181,,0.0499,0.0779,,,0.0785,,0.00892,0.0184,
2024-05-31 12:13:20,0.0337,,0.0969,,0.0322,,0.199,,0.00948,,,0.192,,,0.181,,0.0499,0.0775,,,0.0785,,0.00895,0.0184,
2024-05-31 12:13:22,0.0337,,0.0969,,0.0322,,0.199,,0.00948,,,0.192,,,0.181,,0.0499,0.0775,,,0.0785,,0.00895,0.0183,
2024-05-31 12:13:24,0.0309,,0.0969,,0.0322,,0.199,,0.00948,,,0.192,,,0.174,,0.0483,0.0775,,,0.0785,,0.00895,0.0183,
2024-05-31 12:13:26,0.0324,,0.0969,,0.0323,,0.199,,0.00948,,,0.192,,,0.181,,0.0493,0.0775,,,0.0785,,0.00895,0.0183,
2024-05-31 12:13:28,0.0324,,0.0969,,0.0323,,0.199,,0.00948,,,0.192,,,0.181,,0.0493,0.0775,,,0.0761,,0.00892,0.0177,
2024-05-31 12:13:30,0.0324,,0.0971,,0.0322,,0.199,,0.00916,,,0.192,,,0.174,,0.0493,0.0775,,,0.0749,,0.00892,0.0176,
2024-05-31 12:13:32,0.0324,,0.0972,,0.0322,,0.199,,0.00952,,,0.192,,,0.181,,0.0493,0.0772,,,0.0774,,0.00892,0.0181,
2024-05-31 12:13:34,0.0324,,0.0972,,0.0322,,0.193,,0.00952,,,0.192,,,0.181,,0.0493,0.0767,,,0.0774,,0.00892,0.0181,
2024-05-31 12:13:36,0.0322,,0.0972,,0.0322,,0.199,,0.00950,,,0.192,,,0.181,,0.0493,0.0767,,,0.0774,,0.00892,0.0181,
2024-05-31 12:13:38,0.0322,,0.0972,,0.0319,,0.199,,0.00950,,,0.192,,,0.181,,0.0493,0.0767,,,0.0774,,0.00891,0.0181,
2024-05-31 12:13:40,0.0322,,0.0972,,0.0319,,0.199,,0.00950,,,0.186,,,0.181,,0.0482,0.0767,,,0.0774,,0.00891,0.0181,
2024-05-31 12:13:42,0.0314,,0.0972,,0.0319,,0.199,,0.00950,,,0.192,,,0.180,,0.0482,0.0767,,,0.0768,,0.00889,0.0181,
2024-05-31 12:13:44,0.0314,,0.0972,,0.0319,,0.199,,0.00950,,,0.192,,,0.180,,0.0482,0.0767,,,0.0768,,0.00889,0.0175,
2024-05-31 12:13:46,0.0312,,0.0974,,0.0319,,0.199,,0.00954,,,0.192,,,0.180,,0.0482,0.0741,,,0.0768,,0.00889,0.0180,
2024-05-31 12:13:48,0.0312,,0.0978,,0.0319,,0.199,,0.00954,,,0.185,,,0.180,,0.0482,0.0768,,,0.0767,,0.00889,0.0180,
2024-05-31 12:13:50,0.0312,,0.0978,,0.0319,,0.199,,0.00954,,,0.192,,,0.181,,0.0482,0.0768,,,0.0767,,0.00889,0.0180,
2024-05-31 12:13:52,0.0312,,0.0978,,0.0321,,0.199,,0.00956,,,0.192,,,0.181,,0.0482,0.0768,,,0.0767,,0.00891,0.0180,
2024-05-31 12:13:54,0.0312,,0.0978,,0.0321,,0.199,,0.00956,,,0.192,,,0.181,,0.0484,0.0768,,,0.0767,,0.00891,0.0180,
2024-05-31 12:13:56,0.0312,,0.0978,,0.0321,,0.199,,0.00959,,,0.192,,,0.181,,0.0484,0.0768,,,0.0740,,0.00891,0.0180,
2024-05-31 12:13:58,0.0304,,0.0978,,0.0321,,0.199,,0.00959,,,0.185,,,0.175,,0.0484,0.0768,,,0.0762,,0.00860,0.0180,
2024-05-31 12:14:00,0.0314,,0.0984,,0.0309,,0.199,,0.00959,,,0.186,,,0.180,,0.0484,0.0768,,,0.0760,,0.00891,0.0180,
2024-05-31 12:14:02,0.0314,,0.0984,,0.0311,,0.192,,0.00959,,,0.192,,,0.181,,0.0484,0.0769,,,0.0760,,0.00891,0.0180,
2024-05-31 12:14:04,0.0309,,0.0984,,0.0323,,0.193,,0.00961,,,0.192,,,0.181,,0.0484,0.0769,,,0.0760,,0.00891,0.0180,
2024-05-31 12:14:06,0.0309,,0.0984,,0.0323,,0.199,,0.00963,,,0.192,,,0.181,,0.0482,0.0768,,,0.0760,,0.00891,0.0180,
2024-05-31 12:14:08,0.0309,,0.0984,,0.0323,,0.193,,0.00963,,,0.192,,,0.181,,0.0467,0.0768,,,0.0760,,0.00891,0.0180,
2024-05-31 12:14:10,0.0309,,0.0984,,0.0323,,0.192,,0.00963,,,0.192,,,0.181,,0.0483,0.0768,,,0.0760,,0.00891,0.0180,
2024-05-31 12:14:12,0.0309,,0.0984,,0.0323,,0.199,,0.00963,,,0.192,,,0.181,,0.0483,0.0768,,,0.0756,,0.00890,0.0180,
2024-05-31 12:14:14,0.0309,,0.0960,,0.0323,,0.199,,0.00963,,,0.192,,,0.181,,0.0483,0.0768,,,0.0756,,0.00890,0.0181,
2024-05-31 12:14:16,0.0305,,0.0992,,0.0323,,0.199,,0.00963,,,0.192,,,0.181,,0.0483,0.0768,,,0.0732,,0.00890,0.0181,
2024-05-31 12:14:18,0.0305,,0.0992,,0.0323,,0.199,,0.00963,,,0.192,,,0.181,,0.0482,0.0744,,,0.0727,,0.00890,0.0181,
2024-05-31 12:14:20,0.0305,,0.0992,,0.0300,,0.199,,0.00967,,,0.192,,,0.181,,0.0482,0.0739,,,0.0752,,0.00892,0.0181,