Timestamp,Requests je Sekunde,Durchschnittliche Antwortzeitintervalle,i_o_read,i_o_write,memory,network_outgoing_pod-pod-1,network_outgoing_pod-pod-2,network_outgoing_pod-pod-3,network_outgoing_pod-pod-4,network_outgoing_pod-pod-5,network_outgoing_pod-pod-6,network_outgoing_pod-pod-7,network_outgoing_pod-pod-8,network_outgoing_pod-pod-9,network_outgoing_pod-pod-10,network_outgoing_pod-pod-11,network_outgoing_pod-pod-12,network_outgoing_pod-pod-13,network_outgoing_system,cpu_pod-pod-1,cpu_pod-pod-2,cpu_pod-pod-3,cpu_pod-pod-4,cpu_pod-pod-5,cpu_pod-pod-6,cpu_pod-pod-7,cpu_pod-pod-8,cpu_pod-pod-9,cpu_pod-pod-10,cpu_pod-pod-11,cpu_pod-pod-12,cpu_pod-pod-13,cpu_system,pod-restart-count-pod-1,pod-restart-count-pod-2,pod-restart-count-pod-3,pod-restart-count-pod-4,pod-restart-count-pod-5,pod-restart-count-pod-6,pod-restart-count-pod-7,pod-restart-count-pod-8,pod-restart-count-pod-9,pod-restart-count-pod-10,pod-restart-count-pod-11,pod-restart-count-pod-12,pod-restart-count-pod-13,cpu_system_lag_1,cpu_system_lag_2,cpu_system_lag_3,cpu_system_lag_4,cpu_system_lag_5,Requests je Sekunde_lag_1,Requests je Sekunde_lag_2,Requests je Sekunde_lag_3,Requests je Sekunde_lag_4,Requests je Sekunde_lag_5,memory_lag_1,memory_lag_2,memory_lag_3,memory_lag_4,memory_lag_5,Requests je Sekunde_rolling_avg_5,cpu_system_rolling_avg_5,memory_rolling_avg_5,cpu_pod-pod-1_rolling_avg_5,cpu_pod-pod-11_rolling_avg_5,cpu_pod-pod-8_rolling_avg_5,cpu_system_cumsum,memory_cumsum,network_outgoing_system_log_scaled,memory_log_scaled,cpu_system_log_scaled
44,20,157.0,0,0,12160462848,111,150,179,174,322,649,334,4899.0,148,169,324,70.8,243,7771,0.00184,0.00205,0.000349,0.000846,0.00171,0.000347,0.00518,0.00458,0.000339,0.000325,0.00164,0.00208,0.000413,0.00181,0,0,0,0,0,0,0,0,0.0,0,0,0,0,,,,,,,,,,,,,,,,,,,,,,0.00181,12160462848,8.95828281049733,23.221455776000177,0.0018083639239010049
46,25,97.2,0,0,12187168768,111,150,179,174,322,649,349,4859.0,148,169,324,71.3,243,7746,0.00184,0.00205,0.000383,0.000851,0.0017,0.000347,0.00541,0.00454,0.000339,0.000325,0.00164,0.00208,0.000413,0.00183,0,0,0,0,0,0,0,0,0.0,0,0,0,0,0.00181,,,,,20.0,,,,,12160462848.0,,,,,,,,,,,0.00364,24347631616,8.955060950631902,23.223649494972847,0.0018283275900293158
48,24,107.58333333333331,0,0,12432265216,111,149,179,174,322,649,364,4819.0,157,167,399,71.3,243,7803,0.00184,0.00205,0.000383,0.000879,0.00176,0.000347,0.00564,0.00451,0.000325,0.000315,0.00164,0.00208,0.000413,0.00185,0,0,0,0,0,0,0,0,0.0,0,0,0,0,0.00183,0.00181,,,,25.0,20.0,,,,12187168768.0,12160462848.0,,,,,,,,,,0.00549,36779896832,8.962391701743002,23.24356096375792,0.0018482908576176176
50,40,147.1,0,0,12449136640,111,149,179,174,322,649,584,4779.0,157,167,399,71.3,243,7984,0.00186,0.00198,0.000383,0.00338,0.00176,0.000347,0.00587,0.00447,0.000336,0.000325,0.00164,0.00208,0.000412,0.00207,0,0,0,0,0,0,0,0,0.0,0,0,0,0,0.00185,0.00183,0.00181,,,24.0,25.0,20.0,,,12432265216.0,12187168768.0,12160462848.0,,,,,,,,,0.00756,49229033472,8.985320060649112,23.24491711134816,0.002067860501998496
52,43,153.7674418604651,0,0,12499238912,111,149,179,168,322,649,607,4739.0,157,167,399,71.3,243,7961,0.00191,0.003,0.000383,0.00338,0.00176,0.00183,0.0061,0.00442,0.000336,0.000916,0.00164,0.00211,0.000412,0.00235,0,0,0,0,0,0,0,0,0.0,0,0,0,0,0.00207,0.00185,0.00183,0.00181,,40.0,24.0,25.0,20.0,,12449136640.0,12432265216.0,12187168768.0,12160462848.0,,30.4,0.0019820000000000003,12345654476.8,0.0018579999999999998,0.00164,0.004503999999999999,0.00991,61728272384,8.982435503560263,23.24893359244098,0.002347243068348138
54,52,148.30769230769232,0,0,12509663232,174,149,489,514,322,649,630,4699.0,157,162,399,131.0,243,8717,0.00191,0.003,0.000383,0.00338,0.00176,0.00183,0.00633,0.00438,0.00111,0.000916,0.00164,0.00211,0.000412,0.00243,0,0,0,0,0,0,0,0,0.0,0,0,0,0,0.00235,0.00207,0.00185,0.00183,0.00181,43.0,40.0,24.0,25.0,20.0,12499238912.0,12449136640.0,12432265216.0,12187168768.0,12160462848.0,36.8,0.002106,12415494553.6,0.001872,0.00164,0.004464,0.01234,74237935616,9.073145132798338,23.249767241238747,0.0024270523242689505
56,60,176.8,0,0,12723154944,174,149,489,514,319,649,652,4659.0,157,2258,399,131.0,243,10793,0.00191,0.003,0.000383,0.00338,0.00176,0.00183,0.00558,0.00434,0.00111,0.000916,0.00276,0.00211,0.000412,0.00246,0,0,0,0,0,0,0,0,0.0,0,0,0,0,0.00243,0.00235,0.00207,0.00185,0.00183,52.0,43.0,40.0,24.0,25.0,12509663232.0,12499238912.0,12449136640.0,12432265216.0,12187168768.0,43.8,0.002232,12522691788.8,0.001886,0.001864,0.004424,0.0148,86961090560,9.286745703178589,23.266689394371262,0.0024569791531745154
58,63,182.22222222222223,0,0,12798738432,174,149,499,528,351,11002,675,4375.0,157,2258,399,131.0,243,20940,0.00191,0.003,0.000989,0.00338,0.00176,0.00183,0.00558,0.00431,0.00111,0.000916,0.00276,0.00211,0.000398,0.0025,0,0,0,0,0,0,0,0,0.0,0,0,0,0,0.00246,0.00243,0.00235,0.00207,0.00185,60.0,52.0,43.0,40.0,24.0,12723154944.0,12509663232.0,12499238912.0,12449136640.0,12432265216.0,51.6,0.002362,12595986432.0,0.0019000000000000002,0.002088,0.004384000000000001,0.0173,99759828992,9.949464238776152,23.272612443092758,0.002496880198587199
60,60,191.5,0,0,12845834240,176,144,499,528,351,11410,698,4518.0,185,2322,405,134.0,419,21788,0.00191,0.00305,0.00101,0.00338,0.00171,0.00189,0.00864,0.00427,0.00111,0.000916,0.00276,0.00211,0.000846,0.0028,0,0,0,0,0,0,0,0,0.0,0,0,0,0,0.0025,0.00246,0.00243,0.00235,0.00207,63.0,60.0,52.0,43.0,40.0,12798738432.0,12723154944.0,12509663232.0,12499238912.0,12449136640.0,55.6,0.002508,12675325952.0,0.00191,0.002312,0.004344,0.0201,112605663232,9.989160534274278,23.27628541214902,0.002796087302001274
62,58,259.5344827586207,0,1622,12859723776,176,750,499,528,351,11410,1544,4478.0,186,2395,799,134.0,419,23667,0.00237,0.00305,0.00101,0.00338,0.00177,0.00189,0.00892,0.00423,0.00111,0.000916,0.00276,0.00228,0.000846,0.00288,0,0,0,0,0,0,0,0,0.0,0,0,0,0,0.0028,0.0025,0.00246,0.00243,0.00235,60.0,63.0,60.0,52.0,43.0,12845834240.0,12798738432.0,12723154944.0,12509663232.0,12499238912.0,58.6,0.002614,12747422924.8,0.002002,0.002536,0.004306,0.02298,125465387008,10.071879203796584,23.277366076287255,0.0028758607454642646
64,93,276.6774193548387,0,1622,12874416128,176,750,499,1293,351,11410,1593,4439.0,192,2395,799,134.0,419,24447,0.00237,0.00305,0.00101,0.0035,0.00204,0.00189,0.0092,0.00396,0.0026,0.000939,0.00276,0.00228,0.00087,0.00304,0,0,0,0,0,0,0,0,0.0,0,0,0,0,0.00288,0.0028,0.0025,0.00246,0.00243,58.0,60.0,63.0,60.0,52.0,12859723776.0,12845834240.0,12798738432.0,12723154944.0,12509663232.0,66.8,0.0027359999999999997,12820373504.0,0.002094,0.00276,0.004222,0.02602,138339803136,10.104303691966248,23.27850793326402,0.0030353885435213373
66,84,249.0,0,1622,12916625408,345,750,499,1293,351,11410,1642,4399.0,192,2395,799,134.0,419,24626,0.00239,0.00305,0.00101,0.00339,0.00204,0.00184,0.00949,0.00396,0.00272,0.000939,0.00276,0.00228,0.00087,0.00306,0,0,0,0,0,0,0,0,0.0,0,0,0,0,0.00304,0.00288,0.0028,0.0025,0.00246,93.0,58.0,60.0,63.0,60.0,12874416128.0,12859723776.0,12845834240.0,12798738432.0,12723154944.0,71.6,0.002856,12859067596.8,0.00219,0.00276,0.0041459999999999995,0.02908,151256428544,10.111598681016376,23.28178110993062,0.0030553277290062703
68,67,415.46268656716416,0,1664,12982829056,345,750,1234,1319,351,11410,1690,4359.0,192,2395,799,292.0,419,25555,0.00239,0.00771,0.00101,0.00336,0.00204,0.0093,0.00977,0.0041,0.00272,0.00395,0.00526,0.00228,0.00087,0.00456,0,0,0,0,0,0,0,0,0.0,0,0,0,0,0.00306,0.00304,0.00288,0.0028,0.0025,84.0,93.0,58.0,60.0,63.0,12916625408.0,12874416128.0,12859723776.0,12845834240.0,12798738432.0,72.4,0.003268,12895885721.6,0.002286,0.00326,0.004104,0.03364,164239257600,10.148627401722234,23.28689347955834,0.004549634698571382
70,106,437.688679245283,0,1664,13010292736,345,750,1243,1328,354,11684,1739,4320.0,192,7088,799,292.0,419,30554,0.00239,0.00771,0.00105,0.0158,0.00204,0.00979,0.0101,0.00406,0.00272,0.00395,0.00526,0.00228,0.00087,0.00566,0,0,0,0,0,0,0,0,0.0,0,0,0,0,0.00456,0.00306,0.00304,0.00288,0.0028,67.0,84.0,93.0,58.0,60.0,12982829056.0,12916625408.0,12874416128.0,12859723776.0,12845834240.0,81.6,0.0038400000000000005,12928777420.8,0.002382,0.0037599999999999995,0.0040620000000000005,0.0393,177249550336,10.327283617329016,23.28900663014005,0.005644042385085046
72,102,282.4901960784314,0,1632,13018652672,356,1356,1281,1370,354,11765,1788,4280.0,192,7088,799,292.0,619,31541,0.00239,0.00771,0.00105,0.0158,0.00204,0.00979,0.0103,0.00402,0.00272,0.00395,0.00526,0.00228,0.00087,0.00568,0,0,0,0,0,0,0,0,0.0,0,0,0,0,0.00566,0.00456,0.00306,0.00304,0.00288,106.0,67.0,84.0,93.0,58.0,13010292736.0,12982829056.0,12916625408.0,12874416128.0,12859723776.0,90.4,0.004399999999999999,12960563200.0,0.002386,0.00426,0.004020000000000001,0.04498,190268203008,10.359075270047503,23.289648987035864,0.00566392962443857
74,89,452.03370786516854,0,1598,13045018624,356,1406,1281,1370,343,11750,1837,4241.0,268,7088,799,303.0,619,31662,0.00239,0.00783,0.0023,0.0158,0.00204,0.00979,0.0106,0.00399,0.00272,0.00395,0.00526,0.00244,0.00087,0.00583,0,0,0,0,0,0,0,0,0.0,0,0,0,0,0.00568,0.00566,0.00456,0.00306,0.00304,102.0,106.0,67.0,84.0,93.0,13018652672.0,13010292736.0,12982829056.0,12916625408.0,12874416128.0,89.6,0.004958,12994683699.2,0.00239,0.0047599999999999995,0.004026,0.05081,203313221632,10.362904085736766,23.29167218328418,0.005813071314291507
76,116,479.5172413793103,0,1598,13116186624,356,1406,1281,1370,428,39036,1886,4172.0,268,7088,1584,303.0,619,59799,0.00239,0.00813,0.0023,0.0165,0.00239,0.00979,0.00957,0.00395,0.00455,0.00415,0.00526,0.00244,0.00161,0.00608,0,0,0,0,0,0,0,0,0.0,0,0,0,0,0.00583,0.00568,0.00566,0.00456,0.00306,89.0,102.0,106.0,67.0,84.0,13045018624.0,13018652672.0,13010292736.0,12982829056.0,12916625408.0,96.0,0.005561999999999999,13034595942.4,0.00239,0.00526,0.004024000000000001,0.05689,216429408256,10.998760939938723,23.2971129246321,0.006061591378595291
78,127,515.0236220472441,0,1598,13138272256,636,1406,1281,1370,428,39036,1692,4133.0,268,7405,1595,303.0,619,60174,0.00226,0.00813,0.0023,0.0165,0.00241,0.00979,0.0172,0.00392,0.00455,0.00415,0.00526,0.00244,0.00165,0.00671,0,0,0,0,0,0,0,0,0.0,0,0,0,0,0.00608,0.00583,0.00568,0.00566,0.00456,116.0,89.0,102.0,106.0,67.0,13116186624.0,13045018624.0,13018652672.0,13010292736.0,12982829056.0,108.0,0.005992,13065684582.4,0.002364,0.00526,0.003988,0.0636,229567680512,11.005012262651272,23.29879535406695,0.006687588149816608
80,106,466.0377358490566,0,1632,13142003712,636,1406,1281,2697,428,39036,3931,4094.0,266,7405,1645,303.0,619,63748,0.00333,0.00813,0.0023,0.0165,0.00241,0.00979,0.0176,0.00388,0.00467,0.00415,0.00532,0.00246,0.00165,0.00685,0,0,0,0,0,0,0,0,0.0,0,0,0,0,0.00671,0.00608,0.00583,0.00568,0.00566,127.0,116.0,89.0,102.0,106.0,13138272256.0,13116186624.0,13045018624.0,13018652672.0,13010292736.0,108.0,0.006230000000000001,13092026777.6,0.002552,0.005272,0.003952,0.07045,242709684224,11.062708776623133,23.299079327951343,0.006826645342277322
82,122,674.2377049180328,0,1658,13147164672,636,1406,2087,2697,428,39036,4028,4054.0,276,7405,1645,303.0,619,64620,0.00343,0.00813,0.0023,0.0165,0.00241,0.00979,0.018,0.00384,0.00481,0.00723,0.00551,0.00246,0.00165,0.00717,0,0,0,0,0,0,0,0,0.0,0,0,0,0,0.00685,0.00671,0.00608,0.00583,0.00568,106.0,127.0,116.0,89.0,102.0,13142003712.0,13138272256.0,13116186624.0,13045018624.0,13018652672.0,112.0,0.006528000000000001,13117729177.6,0.00276,0.005322,0.003916,0.07762,255856848896,11.076294714343865,23.299471958101563,0.007144417760319627
84,140,767.7142857142857,0,1686,13168398336,636,2286,2087,2697,428,39036,4125,4015.0,276,7405,1645,293.0,955,65883,0.00343,0.0133,0.00239,0.0165,0.00241,0.0195,0.0185,0.00378,0.00481,0.00723,0.00987,0.00246,0.00165,0.00881,0,0,0,0,0,0,0,0,0.0,0,0,0,0,0.00717,0.00685,0.00671,0.00608,0.00583,122.0,106.0,127.0,116.0,89.0,13147164672.0,13142003712.0,13138272256.0,13116186624.0,13045018624.0,122.2,0.007124,13142405120.0,0.0029679999999999997,0.006244,0.0038740000000000003,0.08642999999999999,269025247232,11.095650898902566,23.3010857308033,0.008771418387086321
86,124,725.6451612903226,0,1651,13168680960,652,2286,2087,2697,437,39036,4222,3976.0,276,7182,1645,664.0,955,66114,0.00343,0.0133,0.00239,0.0159,0.00286,0.0203,0.0189,0.00374,0.00481,0.00723,0.00987,0.0027,0.00165,0.00892,0,0,0,0,0,0,0,0,0.0,0,0,0,0,0.00881,0.00717,0.00685,0.00671,0.00608,140.0,122.0,106.0,127.0,116.0,13168398336.0,13147164672.0,13142003712.0,13138272256.0,13116186624.0,123.8,0.007692,13152903987.2,0.0031759999999999996,0.0071660000000000005,0.003832,0.09534999999999999,282193928192,11.099150928990923,23.301107192864208,0.008880451805937184
88,137,987.058394160584,0,1605,13181874176,675,2286,2205,2853,500,39036,4319,3936.0,276,15541,1645,686.0,955,74914,0.00343,0.0133,0.00239,0.0282,0.00286,0.0203,0.0194,0.00371,0.00481,0.00723,0.00987,0.0027,0.00165,0.00998,0,0,0,0,0,0,0,0,0.0,0,0,0,0,0.00892,0.00881,0.00717,0.00685,0.00671,124.0,140.0,122.0,106.0,127.0,13168680960.0,13168398336.0,13147164672.0,13142003712.0,13138272256.0,125.8,0.008346000000000001,13161624371.2,0.00341,0.008088000000000001,0.0037900000000000004,0.10533,295375802368,11.224109416477244,23.30210855446994,0.009930528676908265
90,133,1193.4736842105262,0,1605,13182103552,1004,2286,2205,3863,500,73981,4415,3897.0,268,15982,1645,686.0,955,111689,0.00343,0.0133,0.00425,0.0297,0.00286,0.0203,0.0198,0.00367,0.00481,0.00742,0.00987,0.0027,0.0017,0.0103,0,0,0,0,0,0,0,0,0.0,0,0,0,0,0.00998,0.00892,0.00881,0.00717,0.00685,137.0,124.0,140.0,122.0,106.0,13181874176.0,13168680960.0,13168398336.0,13147164672.0,13142003712.0,131.2,0.009035999999999999,13169644339.2,0.00343,0.008998,0.003748,0.11563,308557905920,11.623482455534873,23.302125955182557,0.010247316451549523
92,145,772.1517241379311,0,1654,13191991296,1004,2415,2205,3863,500,73981,4512,3567.0,368,16547,2616,686.0,955,113220,0.00343,0.0133,0.00425,0.0297,0.00284,0.0203,0.0202,0.00364,0.00464,0.00747,0.00987,0.00273,0.00271,0.0104,0,0,0,0,0,0,0,0,0.0,0,0,0,0,0.0103,0.00998,0.00892,0.00881,0.00717,133.0,137.0,124.0,140.0,122.0,13182103552.0,13181874176.0,13168680960.0,13168398336.0,13147164672.0,135.8,0.009682,13178609664.0,0.00343,0.00987,0.0037080000000000004,0.12603,321749897216,11.63709693991342,23.30287576248548,0.0103462920541443
94,148,802.7567567567568,0,1654,13201383424,1004,3345,2205,3863,500,73981,4609,3567.0,368,16547,2616,686.0,955,114247,0.00436,0.0136,0.00425,0.0297,0.00293,0.0267,0.0273,0.0036,0.00837,0.00774,0.00987,0.00273,0.00271,0.012,0,0,0,0,0,0,0,0,0.0,0,0,0,0,0.0104,0.0103,0.00998,0.00892,0.00881,145.0,133.0,137.0,124.0,140.0,13191991296.0,13182103552.0,13181874176.0,13168680960.0,13168398336.0,137.4,0.01032,13185206681.6,0.003616,0.00987,0.0036720000000000004,0.13803,334951280640,11.64612680313277,23.303587465971326,0.011928570865273802
96,154,970.8441558441558,0,1654,13203537920,1004,3345,2205,3863,500,73981,4706,3730.0,368,16547,2711,686.0,988,114633,0.00448,0.0141,0.00435,0.0297,0.00293,0.0267,0.0279,0.00356,0.00837,0.00752,0.00987,0.00273,0.00271,0.0121,0,0,0,0,0,0,0,0,0.0,0,0,0,0,0.012,0.0104,0.0103,0.00998,0.00892,148.0,145.0,133.0,137.0,124.0,13201383424.0,13191991296.0,13182103552.0,13181874176.0,13168680960.0,143.4,0.010955999999999999,13192178073.6,0.0038260000000000004,0.00987,0.0036360000000000003,0.15013,348154818560,11.649499723379419,23.303750654944817,0.012027380212718455
98,130,886.0461538461539,0,1654,13214130176,1004,3345,2129,3863,500,73981,6984,3691.0,368,16547,2711,722.0,1348,117192,0.00448,0.0141,0.00449,0.0297,0.00293,0.0281,0.0284,0.00333,0.00886,0.00747,0.0103,0.00273,0.00271,0.0123,0,0,0,0,0,0,0,0,0.0,0,0,0,0,0.0121,0.012,0.0104,0.0103,0.00998,154.0,148.0,145.0,133.0,137.0,13203537920.0,13201383424.0,13191991296.0,13182103552.0,13181874176.0,142.0,0.01142,13198629273.6,0.004036,0.009956,0.00356,0.16243000000000002,361368948736,11.671577427378866,23.304552561951017,0.01222496962256897
100,118,1041.6101694915253,0,1654,13218328576,1004,3345,3878,3863,500,99655,7125,3652.0,370,16547,2711,722.0,1348,144719,0.00448,0.0141,0.00449,0.0297,0.00342,0.0281,0.029,0.00347,0.00886,0.00741,0.016,0.00297,0.00271,0.0129,0,0,0,0,0,0,0,0,0.0,0,0,0,0,0.0123,0.0121,0.012,0.0104,0.0103,130.0,154.0,148.0,145.0,133.0,13214130176.0,13203537920.0,13201383424.0,13191991296.0,13182103552.0,139.0,0.011940000000000001,13205874278.4,0.004246,0.011182000000000001,0.00352,0.17533,374587277312,11.882556120069177,23.304870231985,0.012817503710614431
102,180,1403.3333333333333,0,1611,13233258496,1004,3345,3878,3863,595,99655,7265,3613.0,381,16547,2711,1118.0,1348,145323,0.00448,0.0136,0.00449,0.0297,0.00342,0.0281,0.0296,0.00343,0.00886,0.0125,0.016,0.00297,0.00271,0.0133,0,0,0,0,0,0,0,0,0.0,0,0,0,0,0.0129,0.0123,0.0121,0.012,0.0104,118.0,130.0,154.0,148.0,145.0,13218328576.0,13214130176.0,13203537920.0,13201383424.0,13191991296.0,146.0,0.01252,13214127718.4,0.004456,0.012407999999999999,0.0034779999999999998,0.18863000000000002,387820535808,11.886721011417372,23.305999080816918,0.013212331472134811
104,129,1749.1162790697674,0,1611,13251313664,1025,3345,3978,5217,595,103292,7406,3574.0,381,15983,2711,1118.0,1348,149972,0.00448,0.0192,0.00436,0.0388,0.00342,0.0281,0.0351,0.0034,0.011,0.0125,0.016,0.00297,0.0028,0.0152,0,0,0,0,0,0,0,0,0.0,0,0,0,0,0.0133,0.0129,0.0123,0.0121,0.012,180.0,118.0,130.0,154.0,148.0,13233258496.0,13218328576.0,13214130176.0,13203537920.0,13201383424.0,142.2,0.01316,13224113766.4,0.00448,0.013634000000000002,0.003438,0.20383,401071849472,11.91821055687645,23.30736252899245,0.015085637418040853
106,193,1778.3730569948186,0,1611,13263151104,1026,3345,4100,5377,595,103292,7547,3535.0,370,15872,3707,1118.0,1348,151232,0.00448,0.0192,0.00433,0.0409,0.00342,0.0281,0.0358,0.00336,0.011,0.0125,0.016,0.00297,0.0038,0.0155,0,0,0,0,0,0,0,0,0.0,0,0,0,0,0.0152,0.0133,0.0129,0.0123,0.0121,129.0,180.0,118.0,130.0,154.0,13251313664.0,13233258496.0,13218328576.0,13214130176.0,13203537920.0,150.0,0.01384,13236036403.2,0.00448,0.014860000000000002,0.0033979999999999995,0.21933000000000002,414335000576,11.926576972881891,23.30825543336666,0.015381102038302324
108,141,1453.3333333333333,0,1611,13263917056,1019,3491,4100,5377,595,103292,7688,3496.0,496,28145,3912,1118.0,1401,164130,0.00448,0.0192,0.00652,0.0409,0.00341,0.0281,0.0365,0.00333,0.011,0.0125,0.016,0.00297,0.0038,0.0157,0,0,0,0,0,0,0,0,0.0,0,0,0,0,0.0155,0.0152,0.0133,0.0129,0.0123,193.0,129.0,180.0,118.0,130.0,13263151104.0,13251313664.0,13233258496.0,13218328576.0,13214130176.0,152.2,0.01452,13245993779.2,0.00448,0.016,0.0033980000000000004,0.23503000000000002,427598917632,12.008420168438793,23.308313182077942,0.015578029963318415
110,158,1725.0506329113923,0,1658,13276397568,1589,3378,4100,5377,595,103292,9440,3458.0,496,28341,3912,1118.0,1401,166496,0.00446,0.0192,0.00652,0.0409,0.00343,0.0371,0.0371,0.00329,0.011,0.0129,0.016,0.00302,0.0038,0.0166,0,0,0,0,0,0,0,0,0.0,0,0,0,0,0.0157,0.0155,0.0152,0.0133,0.0129,141.0,193.0,129.0,180.0,118.0,13263917056.0,13263151104.0,13251313664.0,13233258496.0,13218328576.0,160.2,0.015260000000000001,13257607577.6,0.004476,0.016,0.0033619999999999995,0.25163,440875315200,12.02273257022229,23.309253676800466,0.01646372603066508
112,150,1712.8,0,1683,13287129088,1589,3354,4100,5377,590,103292,9610,3433.0,496,29314,3912,1118.0,1401,167586,0.00569,0.0192,0.00652,0.0409,0.00353,0.0371,0.0378,0.00325,0.011,0.0129,0.0165,0.00302,0.0038,0.0168,0,0,0,0,0,0,0,0,0.0,0,0,0,0,0.0166,0.0157,0.0155,0.0152,0.0133,158.0,141.0,193.0,129.0,180.0,13276397568.0,13263917056.0,13263151104.0,13251313664.0,13233258496.0,154.2,0.01596,13268381696.0,0.004718,0.016099999999999996,0.003326,0.26843,454162444288,12.029257898389293,23.310061665944527,0.01666044089310724
114,172,1850.441860465116,0,1664,13296103424,1589,5083,4100,6430,611,107785,9780,3394.0,496,29314,3912,1172.0,1358,175023,0.00569,0.0215,0.00674,0.0409,0.00353,0.0386,0.0385,0.00322,0.0114,0.0129,0.0218,0.00326,0.00393,0.0177,0,0,0,0,0,0,0,0,0.0,0,0,0,0,0.0168,0.0166,0.0157,0.0155,0.0152,150.0,158.0,141.0,193.0,129.0,13287129088.0,13276397568.0,13263917056.0,13263151104.0,13251313664.0,162.8,0.016460000000000002,13277339648.0,0.004960000000000001,0.017260000000000005,0.00329,0.28613,467458547712,12.072678386359572,23.310736853684485,0.017545179215748816
116,103,1869.456310679612,0,1664,13306662912,1589,5083,5246,6430,611,150096,9949,3355.0,496,29314,3912,1172.0,1788,219041,0.00569,0.0215,0.00674,0.0472,0.00341,0.0386,0.0391,0.00315,0.0114,0.0129,0.0218,0.00326,0.00393,0.0182,0,0,0,0,0,0,0,0,0.0,0,0,0,0,0.0177,0.0168,0.0166,0.0157,0.0155,172.0,150.0,158.0,141.0,193.0,13296103424.0,13287129088.0,13276397568.0,13263917056.0,13263151104.0,144.8,0.017,13286042009.6,0.005202,0.01842,0.003248,0.30433,480765210624,12.297018771232965,23.311530717632348,0.018036362486098582
118,210,2614.6666666666665,0,1664,13306077184,1589,5083,5246,6430,611,150096,10119,3316.0,510,29314,3912,1137.0,1788,219152,0.00569,0.0215,0.00674,0.0472,0.00339,0.0386,0.0398,0.00311,0.0114,0.0125,0.0218,0.00326,0.00393,0.0182,0,0,0,0,0,0,0,0,0.0,0,0,0,0,0.0182,0.0177,0.0168,0.0166,0.0157,103.0,172.0,150.0,158.0,141.0,13306662912.0,13296103424.0,13287129088.0,13276397568.0,13263917056.0,158.6,0.017499999999999998,13294474035.2,0.005444,0.019580000000000004,0.003204,0.32253,494071287808,12.297525395007193,23.311486699015855,0.018036362486098582
120,137,2585.299270072993,0,1614,13310459904,1589,5347,5246,6430,588,150096,10289,3277.0,510,29314,3912,1129.0,1868,219595,0.00569,0.0215,0.00784,0.0489,0.00423,0.0386,0.0375,0.00308,0.011,0.0167,0.0218,0.00326,0.00393,0.0187,0,0,0,0,0,0,0,0,0.0,0,0,0,0,0.0182,0.0182,0.0177,0.0168,0.0166,210.0,103.0,172.0,150.0,158.0,13306077184.0,13306662912.0,13296103424.0,13287129088.0,13276397568.0,154.4,0.01792,13301286502.4,0.00569,0.020739999999999998,0.0031619999999999994,0.34123,507381747712,12.299544773515372,23.31181602209983,0.018527304613883622
122,145,2690.6620689655174,0,1614,13326757888,1681,5347,5506,6745,751,150096,11994,3238.0,510,29314,3789,1612.0,1868,222451,0.00638,0.0215,0.00784,0.0489,0.00423,0.0386,0.0495,0.00304,0.0109,0.0174,0.0229,0.00326,0.00393,0.0199,0,0,0,0,0,0,0,0,0.0,0,0,0,0,0.0187,0.0182,0.0182,0.0177,0.0168,137.0,210.0,103.0,172.0,150.0,13310459904.0,13306077184.0,13306662912.0,13296103424.0,13287129088.0,153.4,0.01854,13309212262.4,0.005828,0.02202,0.00312,0.36112999999999995,520708505600,12.312466626978217,23.313039722424676,0.019704583274335403
124,165,3100.4969696969697,0,1614,13345640448,2016,5347,5506,6745,751,150096,12188,3199.0,604,28298,5339,1612.0,1868,223570,0.00638,0.0215,0.00827,0.0489,0.00423,0.046,0.0503,0.00301,0.0147,0.0174,0.0229,0.00326,0.0038,0.0209,0,0,0,0,0,0,0,0,0.0,0,0,0,0,0.0199,0.0187,0.0182,0.0182,0.0177,145.0,137.0,210.0,103.0,172.0,13326757888.0,13310459904.0,13306077184.0,13306662912.0,13296103424.0,152.0,0.019180000000000003,13319119667.2,0.005966,0.02224,0.003078,0.3820299999999999,534054146048,12.317484315966333,23.314455610333614,0.020684591192832683
126,166,3202.060240963855,0,1655,13365088256,2016,5347,5506,6745,751,155859,12383,3146.0,604,39796,5527,1612.0,1868,241161,0.00638,0.0239,0.00827,0.0489,0.00435,0.0476,0.0511,0.00297,0.0151,0.0174,0.0229,0.00332,0.00521,0.0215,0,0,0,0,0,0,0,0,0.0,0,0,0,0,0.0209,0.0199,0.0187,0.0182,0.0182,165.0,145.0,137.0,210.0,103.0,13345640448.0,13326757888.0,13310459904.0,13306077184.0,13306662912.0,164.6,0.01984,13330804736.0,0.006104,0.02246,0.0030420000000000004,0.40352999999999994,547419234304,12.393224185818248,23.31591179010696,0.021272135275539696
128,186,3233.0,0,1655,13366038528,2016,5347,6612,6745,751,155859,12578,3107.0,612,41500,5527,1695.0,1868,244217,0.00638,0.0247,0.00827,0.0489,0.00435,0.0476,0.0519,0.00294,0.0156,0.0174,0.0229,0.00332,0.00521,0.0216,0,0,0,0,0,0,0,0,0.0,0,0,0,0,0.0215,0.0209,0.0199,0.0187,0.0182,166.0,165.0,145.0,137.0,210.0,13365088256.0,13345640448.0,13326757888.0,13310459904.0,13306077184.0,159.8,0.02052,13342797004.8,0.006242,0.02268,0.003008,0.42512999999999995,560785272832,12.405816548015997,23.315982888643735,0.021370025736192483
130,164,3581.951219512195,0,1649,13371797504,2016,6733,6612,8212,751,185708,12772,3068.0,616,41500,5527,1695.0,1868,277079,0.00638,0.0247,0.00827,0.0552,0.00435,0.0476,0.0527,0.00293,0.0156,0.0174,0.0288,0.00332,0.00521,0.0227,0,0,0,0,0,0,0,0,0.0,0,0,0,0,0.0216,0.0215,0.0209,0.0199,0.0187,186.0,166.0,165.0,145.0,137.0,13366038528.0,13365088256.0,13345640448.0,13326757888.0,13310459904.0,165.2,0.02132,13355064524.8,0.00638,0.02408,0.002978,0.44782999999999995,574157070336,12.532061552136541,23.31641366217991,0.022446188829830054
132,161,3245.478260869565,0,1625,13373100032,2016,6733,6612,8212,768,185708,12967,3029.0,636,41500,5527,1934.0,2185,277827,0.00638,0.0247,0.00827,0.0583,0.00435,0.0476,0.0535,0.0029,0.0156,0.0197,0.0288,0.0032,0.00521,0.0232,0,0,0,0,0,0,0,0,0.0,0,0,0,0,0.0227,0.0216,0.0215,0.0209,0.0199,164.0,186.0,166.0,165.0,145.0,13371797504.0,13366038528.0,13365088256.0,13345640448.0,13326757888.0,168.4,0.02198,13364332953.6,0.00638,0.025259999999999998,0.00295,0.47102999999999995,587530170368,12.534757496159859,23.316511066030436,0.02293497128249588
134,161,3592.913043478261,0,1625,13388398592,2016,7026,6612,8212,768,185708,13162,2990.0,636,41500,5527,1934.0,2185,278276,0.00638,0.0247,0.00803,0.0583,0.00422,0.0476,0.0596,0.00286,0.0156,0.0206,0.0288,0.00359,0.00521,0.0238,0,0,0,0,0,0,0,0,0.0,0,0,0,0,0.0232,0.0227,0.0216,0.0215,0.0209,161.0,164.0,186.0,166.0,165.0,13373100032.0,13371797504.0,13366038528.0,13365088256.0,13345640448.0,167.6,0.02256,13372884582.4,0.00638,0.026439999999999998,0.00292,0.49482999999999994,600918568960,12.536372299470628,23.31765439226043,0.023521195041345824
136,158,3512.240506329114,0,1625,13394739200,2016,7026,6814,8703,768,190628,13357,2952.0,636,41500,5527,1934.0,2242,284102,0.00663,0.0247,0.00797,0.0583,0.00419,0.05,0.0605,0.00283,0.0156,0.0206,0.0288,0.00359,0.00521,0.0241,0,0,0,0,0,0,0,0,0.0,0,0,0,0,0.0238,0.0232,0.0227,0.0216,0.0215,161.0,161.0,164.0,186.0,166.0,13388398592.0,13373100032.0,13371797504.0,13366038528.0,13365088256.0,166.0,0.02308,13378814771.2,0.00643,0.02762,0.0028919999999999996,0.5189299999999999,614313308160,12.557092127448618,23.318127869876623,0.023814178099254877
138,180,3830.277777777778,0,1625,13396336640,2016,7026,7049,8703,869,191947,12565,3001.0,636,41500,5527,1934.0,2257,285030,0.00643,0.0257,0.0101,0.0583,0.00518,0.0569,0.0614,0.00279,0.0177,0.0206,0.0299,0.00359,0.00619,0.0254,0,0,0,0,0,0,0,0,0.0,0,0,0,0,0.0241,0.0238,0.0232,0.0227,0.0216,158.0,161.0,161.0,164.0,186.0,13394739200.0,13388398592.0,13373100032.0,13371797504.0,13366038528.0,164.8,0.02384,13384874393.6,0.0064399999999999995,0.029019999999999997,0.002862,0.5443299999999999,627709644800,12.560353225265375,23.318247121526785,0.025082780367463153
140,157,4185.101910828025,0,1652,13402738688,2348,7026,8017,8703,869,197837,15991,2961.0,726,43425,5363,1934.0,2326,297525,0.0073,0.0257,0.0104,0.0583,0.00518,0.0569,0.0622,0.00276,0.0177,0.0206,0.0334,0.00357,0.00619,0.0259,0,0,0,0,0,0,0,0,0.0,0,0,0,0,0.0254,0.0241,0.0238,0.0232,0.0227,180.0,158.0,161.0,161.0,164.0,13396336640.0,13394739200.0,13388398592.0,13373100032.0,13371797504.0,163.4,0.02448,13391062630.4,0.006624,0.02994,0.002828,0.5702299999999999,641112383488,12.603256895107087,23.318724902796696,0.02557027611153001
142,156,4179.7307692307695,0,1678,13416153088,2431,7817,8017,8703,900,197837,16217,2921.0,726,42005,5552,1984.0,2326,297435,0.0073,0.0257,0.0104,0.0583,0.00518,0.0569,0.0631,0.00272,0.0177,0.0206,0.0334,0.00368,0.00619,0.0259,0,0,0,0,0,0,0,0,0.0,0,0,0,0,0.0259,0.0254,0.0241,0.0238,0.0232,157.0,180.0,158.0,161.0,161.0,13402738688.0,13396336640.0,13394739200.0,13388398592.0,13373100032.0,162.4,0.025019999999999997,13399673241.6,0.006808,0.03086,0.002792,0.5961299999999999,654528536576,12.602954354774473,23.319725272329467,0.02557027611153001
144,176,4062.818181818182,0,1678,13425348608,2431,7817,8017,8452,900,191885,16444,2881.0,726,53298,7131,1998.0,2548,304527,0.0073,0.0289,0.0108,0.0583,0.00518,0.0569,0.064,0.00272,0.0185,0.0206,0.0334,0.00368,0.00619,0.0264,0,0,0,0,0,0,0,0,0.0,0,0,0,0,0.0259,0.0259,0.0254,0.0241,0.0238,156.0,157.0,180.0,158.0,161.0,13416153088.0,13402738688.0,13396336640.0,13394739200.0,13388398592.0,165.4,0.02554,13407063244.8,0.006992,0.03178,0.002764,0.6225299999999999,667953885184,12.626518315927566,23.320410444155037,0.02605753431928962
146,145,4323.703448275862,0,1600,13446324224,2431,7817,8017,8394,900,190566,16670,2842.0,726,53298,7131,2062.0,2548,303401,0.0073,0.0289,0.0108,0.0563,0.00518,0.0569,0.0701,0.00269,0.0185,0.0218,0.0334,0.0038,0.00619,0.0268,0,0,0,0,0,0,0,0,0.0,0,0,0,0,0.0264,0.0259,0.0259,0.0254,0.0241,176.0,156.0,157.0,180.0,158.0,13425348608.0,13416153088.0,13402738688.0,13396336640.0,13394739200.0,162.8,0.026080000000000002,13417380249.6,0.007126,0.03269999999999999,0.002736,0.64933,681400209408,12.622813937832653,23.32197161382168,0.026447170014848292
148,164,4868.9390243902435,0,1600,13452378112,2431,8060,8017,10401,900,244913,16896,2802.0,747,53298,7131,1993.0,2548,360135,0.0073,0.0289,0.0108,0.0704,0.00536,0.0598,0.0711,0.00265,0.0185,0.0211,0.0334,0.0038,0.00666,0.0283,0,0,0,0,0,0,0,0,0.0,0,0,0,0,0.0268,0.0264,0.0259,0.0259,0.0254,145.0,176.0,156.0,157.0,180.0,13446324224.0,13425348608.0,13416153088.0,13402738688.0,13396336640.0,159.6,0.02666,13428588544.0,0.0073,0.0334,0.002708,0.67763,694852587520,12.794237016870012,23.322421738740434,0.027906953253007873
150,215,5322.7953488372095,0,1633,13451137024,2431,8115,8017,10401,900,244913,17123,2799.0,747,53298,7131,2431.0,2548,360854,0.0073,0.0301,0.0108,0.0704,0.00536,0.0598,0.072,0.00262,0.0185,0.0249,0.0343,0.0038,0.00666,0.0289,0,0,0,0,0,0,0,0,0.0,0,0,0,0,0.0283,0.0268,0.0264,0.0259,0.0259,164.0,145.0,176.0,156.0,157.0,13452378112.0,13446324224.0,13425348608.0,13416153088.0,13402738688.0,171.2,0.02726,13438268211.2,0.0073,0.03358,0.0026800000000000005,0.70653,708303724544,12.796231494577349,23.322329476595915,0.028490270399627496
152,214,4767.579439252337,0,1633,13465333760,2431,8370,8017,10968,900,244913,17349,2759.0,816,53298,7131,2431.0,2548,361929,0.00761,0.0301,0.0121,0.0704,0.00536,0.0598,0.073,0.00258,0.0185,0.0249,0.0392,0.0038,0.00666,0.0295,0,0,0,0,0,0,0,0,0.0,0,0,0,0,0.0289,0.0283,0.0268,0.0264,0.0259,215.0,164.0,145.0,176.0,156.0,13451137024.0,13452378112.0,13446324224.0,13425348608.0,13416153088.0,182.8,0.027979999999999998,13448104345.6,0.007361999999999999,0.03474000000000001,0.0026520000000000003,0.73603,721769058304,12.79920610194374,23.32338435020318,0.029073247485707086
154,53,4696.264150943396,0,1633,13464174592,2431,8370,8449,10968,900,254031,17576,2718.0,816,56015,7323,2431.0,2548,374575,0.00761,0.0301,0.0121,0.0704,0.00518,0.0577,0.0739,0.00254,0.0209,0.0249,0.0392,0.0038,0.00666,0.0296,0,0,0,0,0,0,0,0,0.0,0,0,0,0,0.0295,0.0289,0.0283,0.0268,0.0264,214.0,215.0,164.0,145.0,176.0,13465333760.0,13451137024.0,13452378112.0,13446324224.0,13425348608.0,158.2,0.02862,13455869542.4,0.007424,0.0359,0.0026160000000000003,0.7656299999999999,735233232896,12.8335499986001,23.323298261145375,0.029170377299779858
156,188,4997.898936170212,0,1603,13488390144,2349,8370,8190,10968,1008,254031,16692,2678.0,816,56015,8153,2431.0,2631,374331,0.00803,0.0301,0.0121,0.0704,0.00615,0.0684,0.0785,0.00251,0.0215,0.0249,0.0392,0.00391,0.00702,0.0311,0,0,0,0,0,0,0,0,0.0,0,0,0,0,0.0296,0.0295,0.0289,0.0283,0.0268,53.0,214.0,215.0,164.0,145.0,13464174592.0,13465333760.0,13451137024.0,13452378112.0,13446324224.0,166.8,0.02948,13464282726.4,0.00757,0.03706,0.00258,0.7967299999999999,748721623040,12.832898383158327,23.325095163128626,0.030626193541760837
158,236,5647.927966101695,0,1626,13478719488,2806,9503,9640,10968,1022,254031,20110,2637.0,854,56015,8433,2431.0,2631,381080,0.00803,0.0301,0.0124,0.0704,0.00615,0.0684,0.0796,0.00247,0.0217,0.0249,0.0392,0.00391,0.00702,0.0312,0,0,0,0,0,0,0,0,0.0,0,0,0,0,0.0311,0.0296,0.0295,0.0289,0.0283,188.0,53.0,214.0,215.0,164.0,13488390144.0,13464174592.0,13465333760.0,13451137024.0,13452378112.0,181.2,0.030059999999999996,13469551001.6,0.007716000000000001,0.03822,0.0025440000000000003,0.8279299999999999,762200342528,12.850767229938192,23.324377944520787,0.03072317264284058
160,153,5258.83660130719,0,1615,13475225600,2806,9503,9640,11824,1056,254031,20363,2597.0,854,64577,8433,2431.0,2539,390653,0.00803,0.0321,0.0128,0.0704,0.00615,0.0684,0.0806,0.00248,0.0224,0.0249,0.0392,0.00403,0.00702,0.0315,0,0,0,0,0,0,0,0,0.0,0,0,0,0,0.0312,0.0311,0.0296,0.0295,0.0289,236.0,188.0,53.0,214.0,215.0,13478719488.0,13488390144.0,13464174592.0,13465333760.0,13451137024.0,168.8,0.030579999999999996,13474368716.8,0.007862,0.0392,0.002516,0.8594299999999999,775675568128,12.87557753671715,23.324118695790563,0.03101405352916946
162,130,5289.846153846154,0,1660,13473636352,2806,9503,9640,11824,1056,286794,20616,2556.0,854,64577,8433,2549.0,2971,424178,0.00803,0.034,0.0128,0.0761,0.00615,0.0716,0.0816,0.00245,0.0224,0.0259,0.0392,0.00403,0.00702,0.0326,0,0,0,0,0,0,0,0,0.0,0,0,0,0,0.0315,0.0312,0.0311,0.0296,0.0295,153.0,236.0,188.0,53.0,214.0,13475225600.0,13478719488.0,13488390144.0,13464174592.0,13465333760.0,152.0,0.0312,13476029235.2,0.007946,0.0392,0.00249,0.8920299999999999,789149204480,12.957910814936813,23.324000750327443,0.03207989346341168
164,107,6220.158878504673,0,1660,13484777472,2806,9503,9640,11824,1056,286794,20868,2516.0,854,64577,8433,2549.0,2971,424390,0.00803,0.034,0.0128,0.0793,0.00634,0.0716,0.0826,0.00241,0.0224,0.0259,0.0392,0.00403,0.00702,0.033,0,0,0,0,0,0,0,0,0.0,0,0,0,0,0.0326,0.0315,0.0312,0.0311,0.0296,130.0,153.0,236.0,188.0,53.0,13473636352.0,13475225600.0,13478719488.0,13488390144.0,13464174592.0,162.8,0.031880000000000006,13480149811.2,0.00803,0.0392,0.002464,0.9250299999999999,802633981952,12.958410479088059,23.324827291585116,0.032467190137501496
166,275,5868.403636363636,0,1631,13492387840,2806,9503,9640,11824,1056,302054,21121,2400.0,854,64577,8433,2849.0,3139,440255,0.00838,0.034,0.0128,0.0793,0.00634,0.0762,0.0877,0.00237,0.0224,0.025,0.0392,0.00414,0.00775,0.0338,0,0,0,0,0,0,0,0,0.0,0,0,0,0,0.033,0.0326,0.0315,0.0312,0.0311,107.0,130.0,153.0,236.0,188.0,13484777472.0,13473636352.0,13475225600.0,13478719488.0,13488390144.0,180.2,0.03242,13480949350.4,0.0081,0.0392,0.002436,0.9588299999999998,816126369792,12.995111654885687,23.325391499730284,0.03324133377980188
168,148,6667.243243243243,0,1631,13495894016,2806,9883,9640,12258,1056,302054,21373,2548.0,936,67001,8433,2849.0,3139,443977,0.00866,0.034,0.0124,0.0793,0.00634,0.0762,0.0887,0.00234,0.0224,0.0286,0.039,0.00414,0.00775,0.0341,0,0,0,0,0,0,0,0,0.0,0,0,0,0,0.0338,0.033,0.0326,0.0315,0.0312,275.0,107.0,130.0,153.0,236.0,13492387840.0,13484777472.0,13473636352.0,13475225600.0,13478719488.0,162.6,0.033,13484384256.0,0.008226,0.03916,0.00241,0.9929299999999999,829622263808,13.003530290637192,23.32565132923986,0.033531483208792325
170,110,7210.727272727273,0,1631,13514866688,2923,9883,10167,12258,1056,302054,22852,2506.0,936,67001,9214,2849.0,3139,446839,0.00866,0.034,0.0144,0.0793,0.00634,0.0762,0.0898,0.00218,0.0217,0.0286,0.0473,0.00414,0.00775,0.035,0,0,0,0,0,0,0,0,0.0,0,0,0,0,0.0341,0.0338,0.033,0.0326,0.0315,148.0,275.0,107.0,130.0,153.0,13495894016.0,13492387840.0,13484777472.0,13473636352.0,13475225600.0,154.0,0.0337,13492312473.6,0.008352000000000002,0.040780000000000004,0.00235,1.0279299999999998,843137130496,13.009955867684784,23.327056152697207,0.0344014267173324
172,145,7066.896551724138,0,1631,13524897792,2995,9883,10167,13258,1056,302054,23119,2463.0,936,72839,9214,2849.0,3139,453974,0.00866,0.034,0.0144,0.0793,0.00687,0.0762,0.0908,0.00234,0.0246,0.0286,0.0473,0.00414,0.0081,0.0354,0,0,0,0,0,0,0,0,0.0,0,0,0,0,0.035,0.0341,0.0338,0.033,0.0326,110.0,148.0,275.0,107.0,130.0,13514866688.0,13495894016.0,13492387840.0,13484777472.0,13473636352.0,157.0,0.03426,13502564761.6,0.008478,0.0424,0.0023279999999999998,1.0633299999999999,856662028288,13.025797409427998,23.327798104755765,0.03478782548566393
174,208,7256.485576923077,0,1631,13533446144,3016,9586,11098,13258,1154,302054,23386,2421.0,982,72839,9466,2849.0,3139,455249,0.00866,0.034,0.0144,0.0833,0.00687,0.0762,0.0919,0.0023,0.0246,0.0299,0.0473,0.00414,0.0081,0.036,0,0,0,0,0,0,0,0,0.0,0,0,0,0,0.0354,0.035,0.0341,0.0338,0.033,145.0,110.0,148.0,275.0,107.0,13524897792.0,13514866688.0,13495894016.0,13492387840.0,13484777472.0,177.2,0.034859999999999995,13512298496.0,0.008603999999999999,0.044020000000000004,0.002306,1.09933,870195474432,13.028601997589854,23.328429950688683,0.035367143837291316
176,80,6918.85,0,1623,13534826496,3108,10963,11098,13258,1154,302054,23653,2378.0,982,72839,9777,2962.0,3139,457366,0.00866,0.034,0.0149,0.0884,0.00708,0.0792,0.093,0.00226,0.0255,0.0299,0.0473,0.00424,0.0081,0.0369,0,0,0,0,0,0,0,0,0.0,0,0,0,0,0.036,0.0354,0.035,0.0341,0.0338,208.0,145.0,110.0,148.0,275.0,13533446144.0,13524897792.0,13514866688.0,13495894016.0,13492387840.0,138.2,0.03548,13520786227.2,0.00866,0.04564,0.002284,1.1362299999999999,883730300928,13.033241411050744,23.328531941090468,0.03623549258209542
178,308,7875.25,0,1628,13535604736,3108,11436,11098,13753,1195,331151,23920,2336.0,982,75164,9777,2962.0,3139,490021,0.00885,0.0363,0.0149,0.0884,0.00708,0.0792,0.094,0.00223,0.0255,0.0299,0.0473,0.00433,0.0081,0.0372,0,0,0,0,0,0,0,0,0.0,0,0,0,0,0.0369,0.036,0.0354,0.035,0.0341,80.0,208.0,145.0,110.0,148.0,13534826496.0,13533446144.0,13524897792.0,13514866688.0,13495894016.0,170.2,0.0361,13528728371.2,0.008698,0.0473,0.002262,1.1734299999999998,897265905664,13.10220556703811,23.328589438512175,0.036524774682372266
180,127,7377.496062992126,0,1628,13549649920,3108,11436,11098,13753,1195,340215,24187,2294.0,982,77697,9777,2962.0,3370,502072,0.00885,0.0383,0.0149,0.0884,0.00708,0.0848,0.0998,0.00219,0.0255,0.0299,0.0473,0.00433,0.0081,0.0383,0,0,0,0,0,0,0,0,0.0,0,0,0,0,0.0372,0.0369,0.036,0.0354,0.035,308.0,80.0,208.0,145.0,110.0,13535604736.0,13534826496.0,13533446144.0,13524897792.0,13514866688.0,173.6,0.03676,13535685017.6,0.008736,0.0473,0.002264,1.2117299999999998,910815555584,13.12650080642834,23.329626547849802,0.03758476032727121
182,88,8092.181818181818,0,1628,13543714816,3108,11436,11098,13753,1195,342566,24454,2251.0,1041,77697,9777,2962.0,3522,504858,0.00912,0.0383,0.0156,0.0884,0.00708,0.0848,0.101,0.00215,0.0267,0.0317,0.0473,0.00433,0.00784,0.0387,0,0,0,0,0,0,0,0,0.0,0,0,0,0,0.0383,0.0372,0.0369,0.036,0.0354,127.0,308.0,80.0,208.0,145.0,13549649920.0,13535604736.0,13534826496.0,13533446144.0,13524897792.0,162.2,0.037419999999999995,13539448422.4,0.008827999999999999,0.0473,0.002226,1.2504299999999997,924359270400,13.132034461350916,23.32918842551599,0.03796993125162867
184,240,7806.6,0,1628,13575999488,3108,11436,11948,13753,1195,352589,24721,2255.0,1041,77697,9777,3221.0,3522,516262,0.00912,0.0383,0.0156,0.092,0.00708,0.0848,0.102,0.00211,0.0267,0.0317,0.0519,0.00433,0.00808,0.0395,0,0,0,0,0,0,0,0,0.0,0,0,0,0,0.0387,0.0383,0.0372,0.0369,0.036,88.0,127.0,308.0,80.0,208.0,13543714816.0,13549649920.0,13535604736.0,13534826496.0,13533446144.0,168.6,0.03812,13547959091.2,0.00892,0.04822,0.002188,1.2899299999999998,937935269888,13.154371604538392,23.331569327238384,0.03873982831593056
186,209,7866.545454545455,0,1628,13572792320,3108,11436,12347,13361,1238,352589,23731,2212.0,1041,83379,9466,3396.0,3522,520827,0.00912,0.0383,0.016,0.092,0.00708,0.0872,0.103,0.00208,0.0274,0.0335,0.0519,0.00433,0.00912,0.0401,0,0,0,0,0,0,0,0,0.0,0,0,0,0,0.0395,0.0387,0.0383,0.0372,0.0369,240.0,88.0,127.0,308.0,80.0,13575999488.0,13543714816.0,13549649920.0,13535604736.0,13534826496.0,194.4,0.038759999999999996,13555552256.0,0.009012,0.04914,0.0021520000000000003,1.3300299999999998,951508062208,13.163175131872155,23.331333061253705,0.03931686237695038
188,166,8143.77108433735,0,1598,13589016576,3265,11436,12347,13629,1238,352589,23731,2169.0,1041,83379,10697,3396.0,3522,522440,0.00912,0.0394,0.0165,0.092,0.00713,0.0898,0.104,0.00204,0.0276,0.0335,0.0535,0.00433,0.00912,0.0407,0,0,0,0,0,0,0,0,0.0,0,0,0,0,0.0401,0.0395,0.0387,0.0383,0.0372,209.0,240.0,88.0,127.0,308.0,13572792320.0,13575999488.0,13543714816.0,13549649920.0,13535604736.0,166.0,0.03946,13566234624.0,0.009066000000000001,0.05038,0.002114,1.3707299999999998,965097078784,13.166267337785024,23.332527698767755,0.039893563661676665
190,138,8005.630434782609,0,1644,13590286336,3265,12129,12347,15341,1238,352589,27285,2125.0,1081,83379,10697,3396.0,3522,528395,0.00943,0.0394,0.0165,0.092,0.00708,0.0898,0.105,0.00209,0.0285,0.0335,0.0553,0.00446,0.00912,0.041,0,0,0,0,0,0,0,0,0.0,0,0,0,0,0.0407,0.0401,0.0395,0.0387,0.0383,166.0,209.0,240.0,88.0,127.0,13589016576.0,13572792320.0,13575999488.0,13543714816.0,13549649920.0,168.2,0.04,13574361907.2,0.009182,0.051980000000000005,0.002094,1.4117299999999997,978687365120,13.177601281578944,23.33262113457109,0.04018178963283183
192,124,7560.419354838709,0,1667,13590208512,3368,12785,12347,15447,1289,381775,27570,2082.0,1081,83379,11310,3396.0,3522,559351,0.00954,0.0394,0.0165,0.0957,0.00782,0.0898,0.106,0.00205,0.0285,0.0335,0.0553,0.00446,0.00912,0.0415,0,0,0,0,0,0,0,0,0.0,0,0,0,0,0.041,0.0407,0.0401,0.0395,0.0387,138.0,166.0,209.0,240.0,88.0,13590286336.0,13589016576.0,13572792320.0,13575999488.0,13543714816.0,175.4,0.04056,13583660646.4,0.009266,0.05358,0.0020740000000000003,1.4532299999999998,992277573632,13.234534249847481,23.3326154081117,0.040661981718889635
194,137,7356.824817518248,0,1647,13597032448,3479,12785,12347,15897,1289,381775,27855,1953.0,1081,83379,11310,3396.0,3522,560068,0.00961,0.0394,0.0175,0.0957,0.00782,0.0947,0.108,0.00201,0.0285,0.0349,0.0553,0.00433,0.00912,0.0422,0,0,0,0,0,0,0,0,0.0,0,0,0,0,0.0415,0.041,0.0407,0.0401,0.0395,124.0,138.0,166.0,209.0,240.0,13590208512.0,13590286336.0,13589016576.0,13572792320.0,13575999488.0,154.8,0.041100000000000005,13587867238.4,0.009364,0.054259999999999996,0.002054,1.4954299999999998,1005874606080,13.235815269406789,23.333117403599424,0.0413338634929772
196,186,7612.516129032259,0,1650,13616025600,3479,12785,12347,15897,1289,381775,28141,2127.0,1081,88333,11310,3396.0,3519,565479,0.00967,0.0417,0.0175,0.0957,0.00782,0.0947,0.114,0.00197,0.0296,0.0349,0.0553,0.00459,0.00952,0.0431,0,0,0,0,0,0,0,0,0.0,0,0,0,0,0.0422,0.0415,0.041,0.0407,0.0401,137.0,124.0,138.0,166.0,209.0,13597032448.0,13590208512.0,13590286336.0,13589016576.0,13572792320.0,150.2,0.0417,13596513894.4,0.009474,0.05494,0.002032,1.5385299999999997,1019490631680,13.245430206980968,23.334513288990117,0.04219704869978835
198,156,8844.846153846154,0,1650,13613473792,3479,12785,13095,15897,1358,402118,28426,2081.0,1049,88333,11310,3396.0,3877,587203,0.00996,0.0417,0.0175,0.0957,0.00782,0.0947,0.115,0.00193,0.0296,0.0349,0.0553,0.00459,0.00952,0.0432,0,0,0,0,0,0,0,0,0.0,0,0,0,0,0.0431,0.0422,0.0415,0.041,0.0407,186.0,137.0,124.0,138.0,166.0,13616025600.0,13597032448.0,13590208512.0,13590286336.0,13589016576.0,148.2,0.0422,13601405337.6,0.009642,0.0553,0.00201,1.5817299999999996,1033104105472,13.283127568248343,23.334325859322714,0.042292912190251455
200,165,9308.4,0,1650,13637902336,3479,12785,13095,15897,1358,402118,28712,2035.0,1140,94475,11993,3646.0,3877,594608,0.00996,0.0417,0.0175,0.0926,0.00815,0.0947,0.116,0.00189,0.0296,0.0349,0.0536,0.00459,0.00952,0.0429,0,0,0,0,0,0,0,0,0.0,0,0,0,0,0.0432,0.0431,0.0422,0.0415,0.041,156.0,186.0,137.0,124.0,138.0,13613473792.0,13616025600.0,13597032448.0,13590208512.0,13590286336.0,153.6,0.04258,13610928537.6,0.009748,0.054959999999999995,0.00197,1.6246299999999996,1046742007808,13.295659325657617,23.33611868992523,0.04200529414503013
202,213,11310.0,0,1650,13645119488,3479,13520,13580,16804,1358,402118,28997,1988.0,1140,94475,11993,3839.0,3877,597168,0.00996,0.0417,0.0181,0.101,0.00815,0.0947,0.117,0.00185,0.0296,0.0359,0.0597,0.00459,0.00952,0.0443,0,0,0,0,0,0,0,0,0.0,0,0,0,0,0.0429,0.0432,0.0431,0.0422,0.0415,165.0,156.0,186.0,137.0,124.0,13637902336.0,13613473792.0,13616025600.0,13597032448.0,13590208512.0,171.4,0.04314,13621910732.8,0.009831999999999999,0.05584,0.00193,1.6689299999999996,1060387127296,13.29995543439162,23.33664774804895,0.04334680450336586
204,167,9858.718562874252,0,1602,13664747520,3562,13520,13580,16804,1358,402118,29282,1942.0,1197,94475,11993,3839.0,3877,597547,0.00996,0.0422,0.0181,0.107,0.00815,0.1,0.118,0.00181,0.0296,0.0361,0.0597,0.00459,0.01,0.0454,0,0,0,0,0,0,0,0,0.0,0,0,0,0,0.0443,0.0429,0.0432,0.0431,0.0422,213.0,165.0,156.0,186.0,137.0,13645119488.0,13637902336.0,13613473792.0,13616025600.0,13597032448.0,177.4,0.04378,13635453747.2,0.009902000000000001,0.056720000000000007,0.00189,1.7143299999999997,1074051874816,13.300589894289175,23.33808517982937,0.04439958729668442
206,130,10453.569230769232,0,1629,13700497408,3562,14237,13580,16804,1415,390864,28206,1896.0,1197,94475,11993,3839.0,4051,586119,0.00962,0.0422,0.0181,0.107,0.00815,0.105,0.119,0.00169,0.0308,0.0373,0.062,0.00461,0.01,0.0463,0,0,0,0,0,0,0,0,0.0,0,0,0,0,0.0454,0.0443,0.0429,0.0432,0.0431,167.0,213.0,165.0,156.0,186.0,13664747520.0,13645119488.0,13637902336.0,13613473792.0,13616025600.0,166.2,0.04442,13652348108.8,0.009892,0.05806,0.0018340000000000001,1.7606299999999997,1087752372224,13.28127982575196,23.340697976347677,0.04526013140486457
208,206,11758.067961165048,0,1657,13697458176,3562,14237,13580,17505,1415,388184,31152,1850.0,1197,94475,12690,3839.0,4051,587737,0.0101,0.0422,0.0181,0.107,0.00788,0.105,0.121,0.00187,0.0308,0.0386,0.062,0.00476,0.0107,0.0466,0,0,0,0,0,0,0,0,0.0,0,0,0,0,0.0463,0.0454,0.0443,0.0429,0.0432,130.0,167.0,213.0,165.0,156.0,13700497408.0,13664747520.0,13645119488.0,13637902336.0,13613473792.0,176.2,0.045099999999999994,13669144985.6,0.009920000000000002,0.059399999999999994,0.001822,1.8072299999999997,1101449830400,13.284036549349993,23.340476118041284,0.04554681495597039
210,173,10610.42774566474,0,1615,13698998272,3730,14237,13580,17505,1415,428954,31449,1803.0,1197,94475,12690,3839.0,4051,628927,0.0101,0.0422,0.0186,0.107,0.00874,0.105,0.122,0.00183,0.0308,0.0386,0.062,0.00479,0.0107,0.0468,0,0,0,0,0,0,0,0,0.0,0,0,0,0,0.0466,0.0463,0.0454,0.0443,0.0429,206.0,130.0,167.0,213.0,165.0,13697458176.0,13700497408.0,13664747520.0,13645119488.0,13637902336.0,177.8,0.04588,13681364172.8,0.009948,0.06108,0.0018100000000000002,1.8540299999999996,1115148828672,13.351772061722098,23.34058854834806,0.04573789167385374
212,141,10441.652482269505,0,1654,13700411392,3730,14237,14156,17999,1456,428954,31747,1905.0,1197,100803,12690,3839.0,4051,636765,0.0102,0.0422,0.0194,0.107,0.00874,0.105,0.117,0.00179,0.0311,0.0386,0.062,0.00479,0.0107,0.0465,0,0,0,0,0,0,0,0,0.0,0,0,0,0,0.0468,0.0466,0.0463,0.0454,0.0443,173.0,206.0,130.0,167.0,213.0,13698998272.0,13697458176.0,13700497408.0,13664747520.0,13645119488.0,163.4,0.04632,13692422553.6,0.009996000000000001,0.06154,0.001798,1.9005299999999996,1128849240064,13.36415752012711,23.34069169801577,0.04545126290391737
214,154,9140.11038961039,0,1654,13714776064,3730,14237,13689,17999,1456,453414,32045,1855.0,1197,100803,12690,3839.0,4051,661006,0.0103,0.0447,0.0194,0.107,0.00874,0.105,0.13,0.00174,0.0311,0.0386,0.062,0.00479,0.0107,0.0477,0,0,0,0,0,0,0,0,0.0,0,0,0,0,0.0465,0.0468,0.0466,0.0463,0.0454,141.0,173.0,206.0,130.0,167.0,13700411392.0,13698998272.0,13697458176.0,13700497408.0,13664747520.0,160.8,0.04678,13702428262.4,0.010064,0.062,0.0017840000000000002,1.9482299999999997,1142564016128,13.401519708792877,23.341739633459333,0.046597285376782184
216,382,7415.321989528796,0,1622,13714829312,3730,14626,14599,17999,1456,453414,32343,1805.0,1236,100803,13197,3969.0,3910,663087,0.0106,0.0447,0.0194,0.107,0.00907,0.105,0.131,0.0017,0.0311,0.0386,0.064,0.00479,0.0107,0.0481,0,0,0,0,0,0,0,0,0.0,0,0,0,0,0.0477,0.0465,0.0468,0.0466,0.0463,154.0,141.0,173.0,206.0,130.0,13714776064.0,13700411392.0,13698998272.0,13697458176.0,13700497408.0,211.2,0.04714,13705294643.2,0.01026,0.0624,0.001786,1.9963299999999997,1156278845440,13.404662990375233,23.341743515979644,0.046979001193994605
218,760,8072.8263157894735,0,1622,13731536896,3730,14626,14599,17999,1456,453414,32641,1755.0,1259,100803,13197,4105.0,4181,663766,0.0108,0.0447,0.0194,0.114,0.00907,0.108,0.132,0.00166,0.0323,0.0386,0.066,0.00479,0.0109,0.0493,0,0,0,0,0,0,0,0,0.0,0,0,0,0,0.0481,0.0477,0.0465,0.0468,0.0466,382.0,154.0,141.0,173.0,206.0,13714829312.0,13714776064.0,13700411392.0,13698998272.0,13697458176.0,322.0,0.04767999999999999,13712110387.2,0.010400000000000001,0.0632,0.001744,2.0456299999999996,1170010382336,13.405686463263033,23.342960987606734,0.04812327518172827
220,2,0.0,0,1622,13731737600,3608,14626,14599,18851,1456,453414,32938,1705.0,1268,100803,13197,4105.0,4396,664968,0.0108,0.0447,0.0194,0.114,0.00907,0.111,0.133,0.00162,0.0323,0.0386,0.0664,0.00479,0.0109,0.0498,0,0,0,0,0,0,0,0,0.00334,0,0,0,0,0.0493,0.0481,0.0477,0.0465,0.0468,760.0,382.0,154.0,141.0,173.0,13731536896.0,13714829312.0,13714776064.0,13700411392.0,13698998272.0,287.8,0.04828,13718658252.8,0.010539999999999999,0.06408,0.001702,2.0954299999999995,1183742119936,13.407495702010053,23.342975603780783,0.04859966983606234
222,1,4868.0,0,1622,13736947712,3789,15218,14599,18851,1529,453414,34551,1655.0,1309,104514,13197,4105.0,4396,671127,0.0108,0.0447,0.0194,0.114,0.00907,0.108,0.134,0.00157,0.0323,0.0404,0.0685,0.00479,0.0109,0.0499,0,0,0,0,0,0,0,0,0.00336,0,0,0,0,0.0498,0.0493,0.0481,0.0477,0.0465,2.0,760.0,382.0,154.0,141.0,13731737600.0,13731536896.0,13714829312.0,13714776064.0,13700411392.0,259.8,0.04896,13725965516.8,0.01066,0.06538000000000001,0.0016579999999999998,2.1453299999999995,1197479067648,13.416715157821045,23.34335495299265,0.04869492153875855
224,1,0.0,0,2733,13654278144,3926,15218,15029,18851,1534,453414,34861,1672.0,1309,104514,13919,4105.0,4396,672746,0.0108,0.0447,0.0194,0.114,0.00918,0.107,0.136,0.00153,0.0323,0.0407,0.0685,0.00483,0.0109,0.05,0,0,0,0,0,0,0,0,0.00338,0,0,0,0,0.0499,0.0498,0.0493,0.0481,0.0477,1.0,2.0,760.0,382.0,154.0,13736947712.0,13731737600.0,13731536896.0,13714829312.0,13714776064.0,229.2,0.04942,13713865932.8,0.01076,0.06668,0.0016159999999999998,2.1953299999999993,1211133345792,13.419124609270403,23.337318726688583,0.04879016416943201
226,1,4867.0,2449,2773,13560647680,3926,15218,15133,18851,1534,437759,35170,1620.0,1309,104514,13919,4105.0,4396,657453,0.0108,0.0447,0.0202,0.114,0.00918,0.106,0.137,0.00125,0.0323,0.042,0.0685,0.00486,0.0114,0.0502,0,0,0,0,0,0,0,0,0.00335,0,0,0,0,0.05,0.0499,0.0498,0.0493,0.0481,1.0,1.0,2.0,760.0,382.0,13654278144.0,13736947712.0,13731737600.0,13731536896.0,13714829312.0,153.0,0.049839999999999995,13683029606.4,0.0108,0.06758,0.001526,2.245529999999999,1224693993472,13.396130078609417,23.33043788240354,0.04898062222162186
228,3,470.0,2449,2860,13562355712,3926,15218,15615,18634,1534,434736,35480,1568.0,1309,101098,13919,4137.0,4396,651569,0.0108,0.0447,0.0202,0.114,0.00918,0.106,0.138,0.00125,0.0313,0.042,0.0685,0.00501,0.0114,0.0502,0,0,0,0,0,0,0,0,0.00337,0,0,0,0,0.0502,0.05,0.0499,0.0498,0.0493,1.0,1.0,1.0,2.0,760.0,13560647680.0,13654278144.0,13736947712.0,13731737600.0,13731536896.0,1.6,0.050019999999999995,13649193369.6,0.0108,0.06808,0.001444,2.295729999999999,1238256349184,13.387140114134477,23.330563829517686,0.04898062222162186
230,2,4866.0,2449,3953,13572853760,3926,15218,15615,18634,1534,470720,35790,1517.0,1309,100401,13919,4265.0,4396,687242,0.0112,0.0473,0.0202,0.118,0.00952,0.105,0.133,0.00139,0.0332,0.042,0.0685,0.00501,0.0114,0.0505,0,0,0,0,0,0,0,0,0.00334,0,0,0,0,0.0502,0.0502,0.05,0.0499,0.0498,3.0,1.0,1.0,1.0,2.0,13562355712.0,13560647680.0,13654278144.0,13736947712.0,13731737600.0,1.6,0.05016,13617416601.6,0.010879999999999999,0.0685,0.001398,2.346229999999999,1251829202944,13.440443220453611,23.33133758794648,0.04926624130291806
232,2,4866.0,2449,3953,13576044544,3926,14735,15077,18634,1534,470720,36099,1465.0,1254,102914,13472,4265.0,4396,688490,0.0108,0.0451,0.0202,0.118,0.00952,0.104,0.146,0.00135,0.0332,0.042,0.0662,0.00501,0.0109,0.0511,0,0,0,0,0,0,0,0,0.00336,0,0,0,0,0.0505,0.0502,0.0502,0.05,0.0499,2.0,3.0,1.0,1.0,1.0,13572853760.0,13562355712.0,13560647680.0,13654278144.0,13736947712.0,1.8,0.0504,13585235968.0,0.01088,0.06804,0.001354,2.397329999999999,1265405247488,13.442257525169984,23.331572646030878,0.04983723484717165
234,1,18062.0,2449,3953,13455466496,3892,15134,14957,19370,1534,470720,36785,1413.0,1254,106592,13472,4265.0,4356,693745,0.0108,0.0451,0.0202,0.114,0.00924,0.103,0.148,0.00131,0.0332,0.042,0.0657,0.00501,0.0109,0.0508,0,0,0,0,0,0,0,0,0.00338,0,0,0,0,0.0511,0.0505,0.0502,0.0502,0.05,2.0,2.0,3.0,1.0,1.0,13576044544.0,13572853760.0,13562355712.0,13560647680.0,13654278144.0,1.8,0.05056000000000001,13545473638.4,0.010879999999999999,0.06748000000000001,0.00131,2.448129999999999,1278860713984,13.449861178260393,23.322651291427267,0.049551778829247745
236,2,11466.0,2449,3953,13456433152,4016,15530,14957,19370,1534,470720,37098,1330.0,1254,106592,13472,4265.0,4356,694494,0.0108,0.0451,0.0202,0.113,0.00924,0.109,0.149,0.00127,0.0332,0.042,0.0659,0.00501,0.0109,0.0512,0,0,0,0,0,0,0,0,0.00335,0,0,0,0,0.0508,0.0511,0.0505,0.0502,0.0502,1.0,2.0,2.0,3.0,1.0,13455466496.0,13576044544.0,13572853760.0,13562355712.0,13560647680.0,2.0,0.05075999999999999,13524630732.8,0.01088,0.06695999999999999,0.001314,2.499329999999999,1292317147136,13.450940241726574,23.322723129982926,0.04993236874820901
238,2,4868.0,2597,3851,13456150528,4016,15530,14957,19370,1534,470720,37411,1279.0,1295,106592,13472,4265.0,4356,694797,0.0108,0.0451,0.0203,0.113,0.00924,0.108,0.15,0.00122,0.0332,0.0397,0.0686,0.00486,0.0109,0.0513,0,0,0,0,0,0,0,0,0.00337,0,0,0,0,0.0512,0.0508,0.0511,0.0505,0.0502,2.0,1.0,2.0,2.0,3.0,13456433152.0,13455466496.0,13576044544.0,13572853760.0,13562355712.0,1.8,0.050980000000000004,13503389696.0,0.010879999999999999,0.06698,0.0013080000000000001,2.550629999999999,1305773297664,13.45137643481875,23.32270212687127,0.050027493599648164
240,2,0.0,2597,3851,13447925760,4016,15530,14957,19370,1565,494616,37723,1229.0,1295,106592,13975,4108.0,4356,719333,0.0108,0.0451,0.0203,0.119,0.00924,0.108,0.151,0.00118,0.0332,0.0397,0.0686,0.00486,0.0113,0.0519,0,0,0,0,0,0,0,0,0.00334,0,0,0,0,0.0513,0.0512,0.0508,0.0511,0.0505,2.0,2.0,1.0,2.0,2.0,13456150528.0,13456433152.0,13455466496.0,13576044544.0,13572853760.0,1.8,0.05126000000000001,13478404096.0,0.0108,0.06699999999999999,0.001266,2.602529999999999,1319221223424,13.486081062915737,23.322090712588352,0.05059805276309138
242,2,4867.0,2518,3851,13445378048,4016,15530,14957,19370,1537,494616,38036,1179.0,1295,106592,13975,4108.0,4356,719567,0.0108,0.0451,0.0203,0.119,0.00965,0.107,0.153,0.00114,0.0332,0.0411,0.0686,0.00486,0.0117,0.0521,0,0,0,0,0,0,0,0,0.00336,0,0,0,0,0.0519,0.0513,0.0512,0.0508,0.0511,2.0,2.0,2.0,1.0,2.0,13447925760.0,13456150528.0,13456433152.0,13455466496.0,13576044544.0,1.8,0.05145999999999999,13452270796.8,0.0108,0.06748,0.001224,2.6546299999999987,1332666601472,13.486406310920206,23.32190124445713,0.05078816683210506
244,1,4867.0,2434,4005,13450215424,4016,15530,15020,19560,1537,470052,38349,1128.0,1295,111619,13975,4108.0,4356,700546,0.0112,0.0451,0.0203,0.119,0.00965,0.106,0.154,0.00109,0.0332,0.0411,0.0686,0.00489,0.0112,0.0521,0,0,0,0,0,0,0,0,0.00338,0,0,0,0,0.0521,0.0519,0.0513,0.0512,0.0508,2.0,2.0,2.0,2.0,1.0,13445378048.0,13447925760.0,13456150528.0,13456433152.0,13455466496.0,1.8,0.05172,13451220582.4,0.01088,0.06805999999999998,0.00118,2.7067299999999985,1346116816896,13.459616737440626,23.32226095959462,0.05078816683210506
246,18,10743.888888888889,2434,4008,13444902912,4016,15530,15020,19008,1537,470052,37854,1078.0,1295,111619,13975,4296.0,4356,699635,0.0108,0.0443,0.0203,0.119,0.00965,0.105,0.155,0.0011,0.0323,0.0411,0.0686,0.00505,0.0112,0.052,0,0,0,0,0,0,0,0,0.00335,0,0,0,0,0.0521,0.0521,0.0519,0.0513,0.0512,1.0,2.0,2.0,2.0,2.0,13450215424.0,13445378048.0,13447925760.0,13456150528.0,13456433152.0,5.0,0.051879999999999996,13448914534.4,0.01088,0.0686,0.001146,2.7587299999999986,1359561719808,13.458315478778655,23.32186590559245,0.050693114315518116
248,17,7211.470588235294,2434,3954,13451878400,4016,14855,15020,19008,1537,470052,38161,1027.0,1266,105316,13261,4296.0,4625,692439,0.0108,0.0459,0.0203,0.119,0.00965,0.104,0.15,0.00105,0.0335,0.0411,0.0657,0.00505,0.0112,0.0515,0,0,0,0,0,0,0,0,0.00337,0,0,0,0,0.052,0.0521,0.0521,0.0519,0.0513,18.0,1.0,2.0,2.0,2.0,13444902912.0,13450215424.0,13445378048.0,13447925760.0,13456150528.0,8.0,0.05192,13448060108.8,0.01088,0.06802,0.001112,2.8102299999999985,1373013598208,13.447976870690665,23.322384591309895,0.05021771616061742
250,12,12608.333333333334,2434,3954,13453365248,3803,14855,15020,19008,1537,470052,38467,946.0,1305,105316,13261,4155.0,4625,692350,0.0108,0.0459,0.0209,0.119,0.00965,0.104,0.147,0.00101,0.0335,0.0411,0.0685,0.00505,0.0112,0.0515,0,0,0,0,0,0,0,0,0.00334,0,0,0,0,0.0515,0.052,0.0521,0.0521,0.0519,17.0,18.0,1.0,2.0,2.0,13451878400.0,13444902912.0,13450215424.0,13445378048.0,13447925760.0,10.0,0.05184,13449148006.4,0.01088,0.06799999999999999,0.001078,2.8617299999999983,1386466963456,13.447848331437996,23.32249511608498,0.05021771616061742
252,29,32820.89655172414,2434,3954,13460516864,3957,14855,15020,19008,1537,470052,38773,897.0,1305,105316,13800,4155.0,4384,693060,0.0108,0.0459,0.0216,0.114,0.00918,0.11,0.148,0.000964,0.0335,0.0433,0.0685,0.00505,0.0112,0.0518,0,0,0,0,0,0,0,0,0.00336,0,0,0,0,0.0515,0.0515,0.052,0.0521,0.0521,12.0,17.0,18.0,1.0,2.0,13453365248.0,13451878400.0,13444902912.0,13450215424.0,13445378048.0,15.4,0.05178000000000001,13452175769.6,0.01088,0.06798,0.0010428000000000002,2.9135299999999984,1399927480320,13.448873297386259,23.323026560500022,0.05050298217310676
254,8,31524.0,2518,3889,13461110784,3957,15346,15020,19008,1537,494965,39079,848.0,1305,105316,13800,4155.0,4384,718720,0.0108,0.0459,0.0206,0.114,0.00918,0.109,0.15,0.00092,0.0335,0.0414,0.0685,0.00489,0.0112,0.0516,0,0,0,0,0,0,0,0,0.00338,0,0,0,0,0.0518,0.0515,0.0515,0.052,0.0521,29.0,12.0,17.0,18.0,1.0,13460516864.0,13453365248.0,13451878400.0,13444902912.0,13450215424.0,16.8,0.05167999999999999,13454354841.6,0.0108,0.06795999999999999,0.0010088,2.9651299999999985,1413388591104,13.485228522453616,23.32307068264656,0.050312813873589095
256,17,30791.29411764706,2493,3910,13504462848,3957,15871,15479,19566,1537,494965,39386,798.0,1305,111666,13800,4155.0,4384,726870,0.0108,0.0459,0.0206,0.122,0.00918,0.108,0.151,0.000875,0.0335,0.0414,0.0685,0.00494,0.0112,0.0523,0,0,0,0,0,0,0,0,0.00335,0,0,0,0,0.0516,0.0518,0.0515,0.0515,0.052,8.0,29.0,12.0,17.0,18.0,13461110784.0,13460516864.0,13453365248.0,13451878400.0,13444902912.0,16.6,0.051739999999999994,13466266828.8,0.0108,0.06794,0.0009637999999999999,3.0174299999999983,1426893053952,13.496504299230466,23.326286049168207,0.05097824476462945
258,136,37710.455882352944,2493,3910,13505191936,3957,15871,16024,20205,1558,473570,39692,749.0,1305,111666,13583,4347.0,4384,706913,0.0111,0.0459,0.0206,0.122,0.00948,0.107,0.152,0.000872,0.0335,0.0414,0.0685,0.00494,0.0116,0.0524,0,0,0,0,0,0,0,0,0.00337,0,0,0,0,0.0523,0.0516,0.0518,0.0515,0.0515,17.0,8.0,29.0,12.0,17.0,13504462848.0,13461110784.0,13460516864.0,13453365248.0,13451878400.0,40.4,0.05192,13476929536.0,0.01086,0.0685,0.0009282,3.0698299999999983,1440398245888,13.468664296744373,23.32634003638174,0.05107327018400062
260,16,33924.25,2493,3818,13587181568,3957,15871,15540,20205,1580,473570,39998,700.0,1305,111666,13583,4347.0,4384,706709,0.0108,0.0459,0.0206,0.122,0.00948,0.106,0.153,0.000827,0.0326,0.0414,0.0685,0.00494,0.0115,0.0523,0,0,0,0,0,0,0,0,0.00334,0,0,0,0,0.0524,0.0523,0.0516,0.0518,0.0515,136.0,17.0,8.0,29.0,12.0,13505191936.0,13504462848.0,13461110784.0,13460516864.0,13453365248.0,41.2,0.05208,13503692800.0,0.01086,0.0685,0.0008916,3.122129999999998,1453985427456,13.468375676854762,23.332392653534946,0.05097824476462945
262,171,34929.350877192985,2493,3890,13668773888,3957,15871,16253,20211,1580,473570,38817,650.0,1305,111666,14224,4347.0,4465,706917,0.0107,0.0459,0.0206,0.122,0.00948,0.111,0.154,0.000781,0.0326,0.0414,0.0702,0.00505,0.0115,0.0529,0,0,0,0,0,0,0,0,0.00336,0,0,0,0,0.0523,0.0524,0.0523,0.0516,0.0518,16.0,136.0,17.0,8.0,29.0,13587181568.0,13505191936.0,13504462848.0,13461110784.0,13460516864.0,69.6,0.0523,13545344204.8,0.010839999999999999,0.06884000000000001,0.0008550000000000001,3.1750299999999982,1467654201344,13.468669955125284,23.338379790097015,0.0515482618805766
264,208,38527.35096153846,2493,3890,13778706432,4009,15369,16253,20211,1580,473570,41979,601.0,1309,111666,14224,4347.0,4465,709583,0.0107,0.0471,0.0206,0.122,0.00977,0.111,0.155,0.000736,0.0326,0.0414,0.0725,0.00505,0.0115,0.0533,0,0,0,0,0,0,0,0,0.00338,0,0,0,0,0.0529,0.0523,0.0524,0.0523,0.0516,171.0,16.0,136.0,17.0,8.0,13668773888.0,13587181568.0,13505191936.0,13504462848.0,13461110784.0,109.6,0.05264,13608863334.4,0.01082,0.06964000000000001,0.0008182,3.2283299999999984,1481432907776,13.47243416180898,23.34639022533895,0.051928092860359196
266,88,40561.78409090909,2493,3890,13783511040,4009,16467,16253,20211,1580,473570,42295,552.0,1367,107482,14224,4207.0,4709,706926,0.0107,0.0492,0.0215,0.122,0.00977,0.11,0.151,0.000691,0.0336,0.0436,0.0725,0.00505,0.0115,0.0534,0,0,0,0,0,0,0,0,0.00335,0,0,0,0,0.0533,0.0529,0.0523,0.0524,0.0523,208.0,171.0,16.0,136.0,17.0,13778706432.0,13668773888.0,13587181568.0,13505191936.0,13504462848.0,123.8,0.052860000000000004,13664672972.8,0.0108,0.07044,0.0007814,3.2817299999999983,1495216418816,13.468682686365272,23.34673886260322,0.052023028067151915
268,225,35558.555555555555,2401,3967,13868568576,4009,16467,16253,20211,1580,473570,42612,,1367,114463,14224,4178.0,4709,713643,0.0107,0.0492,0.0222,0.125,0.0103,0.115,0.151,0.000646,0.0348,0.0436,0.0725,0.00505,0.0115,0.0544,0,0,0,0,0,0,0,0,0.00337,0,0,0,0,0.0534,0.0533,0.0529,0.0523,0.0524,88.0,208.0,171.0,16.0,136.0,13783511040.0,13778706432.0,13668773888.0,13587181568.0,13505191936.0,141.6,0.053259999999999995,13737348300.8,0.01072,0.07124,0.0007362,3.336129999999998,1509084987392,13.478139517539912,23.35289086313555,0.05297188476610572
270,22,39113.09090909091,2401,3879,13866856448,4009,16467,16253,20211,1580,500299,42928,,1367,114463,14224,4511.0,4709,741021,0.0111,0.0492,0.0222,0.125,0.0103,0.115,0.156,0.000601,0.0348,0.0422,0.0725,0.00509,0.0123,0.0547,0,0,0,0,0,0,0,0,0.00334,0,0,0,0,0.0544,0.0534,0.0533,0.0529,0.0523,225.0,88.0,208.0,171.0,16.0,13868568576.0,13783511040.0,13778706432.0,13668773888.0,13587181568.0,142.8,0.053739999999999996,13793283276.8,0.01078,0.07203999999999999,0.000691,3.390829999999998,1522951843840,13.515785593446132,23.352767401677823,0.05325636630043149
