Timestamp,Requests je Sekunde,Durchschnittliche Antwortzeitintervalle,i_o_read,i_o_write,memory,network_outgoing_pod-pod-1,network_outgoing_pod-pod-2,network_outgoing_pod-pod-3,network_outgoing_pod-pod-4,network_outgoing_pod-pod-5,network_outgoing_pod-pod-6,network_outgoing_pod-pod-7,network_outgoing_pod-pod-8,network_outgoing_pod-pod-9,network_outgoing_pod-pod-10,network_outgoing_pod-pod-11,network_outgoing_pod-pod-12,network_outgoing_pod-pod-13,network_outgoing_system,cpu_pod-pod-1,cpu_pod-pod-2,cpu_pod-pod-3,cpu_pod-pod-4,cpu_pod-pod-5,cpu_pod-pod-6,cpu_pod-pod-7,cpu_pod-pod-8,cpu_pod-pod-9,cpu_pod-pod-10,cpu_pod-pod-11,cpu_pod-pod-12,cpu_pod-pod-13,cpu_system,pod_restart,cpu_system_lag_1,cpu_system_lag_2,cpu_system_lag_3,cpu_system_lag_4,cpu_system_lag_5,Requests je Sekunde_lag_1,Requests je Sekunde_lag_2,Requests je Sekunde_lag_3,Requests je Sekunde_lag_4,Requests je Sekunde_lag_5,cpu_system_rolling_avg_5,memory_rolling_avg_5,cpu_pod-pod-1_rolling_avg_5,cpu_pod-pod-11_rolling_avg_5,cpu_system_cumsum,network_outgoing_system_log_scaled,memory_log_scaled,i_o_read_log_scaled,i_o_write_log_scaled
18,0,0.0,0.0,0.0,11392536576.0,113.0,136.0,180.0,173.0,312.0,845.0,5388.0,154.0,148.0,166.0,325.0,70.4,224.0,8236.0,0.00195,0.00195,0.000334,0.000739,0.00164,0.000312,0.00485,,0.000348,0.000295,0.00155,0.00207,0.000371,0.00137,0.0,,,,,,,,,,,,,,,0.00137,9.016391478941248,23.156224291718182,0.0,0.0
20,5,126.0,0.0,0.0,11420893184.0,114.0,137.0,180.0,173.0,319.0,845.0,5350.0,170.0,148.0,165.0,325.0,70.4,224.0,8220.0,0.00194,0.00196,0.000334,0.000739,0.00164,0.000312,0.00481,0.0047,0.000348,0.000285,0.00155,0.00208,0.00036,0.00176,0.0,0.00137,,,,,0.0,,,,,,,,,0.00313,9.014447135152134,23.158710250462608,0.0,0.0
22,5,50.0,0.0,0.0,11420094464.0,114.0,137.0,181.0,173.0,319.0,845.0,5311.0,185.0,148.0,165.0,325.0,72.1,224.0,8199.0,0.00194,0.00196,0.000334,0.000739,0.00164,0.000312,0.00478,0.00514,0.000348,0.000283,0.0015,0.00215,0.000358,0.00179,0.0,0.00176,0.00137,,,,5.0,0.0,,,,,,,,0.00492,9.011889433252344,23.158640313031484,0.0,0.0
24,7,68.57142857142857,0.0,0.0,11422117888.0,114.0,137.0,180.0,167.0,321.0,845.0,5272.0,200.0,148.0,165.0,325.0,72.1,224.0,8170.0,0.00194,0.00196,0.000335,0.000739,0.00164,0.000479,0.00474,0.00559,0.000339,0.00035,0.00158,0.00215,0.000392,0.00185,0.0,0.00179,0.00176,0.00137,,,5.0,5.0,0.0,,,,,,,0.00677,9.008346579384707,23.15881747835802,0.0,0.0
26,4,22.25,0.0,0.0,11424120832.0,114.0,137.0,180.0,173.0,321.0,814.0,5233.0,215.0,151.0,165.0,325.0,72.1,224.0,8124.0,0.00194,0.00196,0.000335,0.000739,0.00164,0.000479,0.00471,0.00604,0.000339,0.00035,0.00153,0.00215,0.000392,0.00188,0.0,0.00185,0.00179,0.00176,0.00137,,7.0,5.0,5.0,0.0,,0.00173,11415952588.8,0.001942,0.001542,0.00865,9.002701007197938,23.15899281960605,0.0,0.0
28,8,61.75,0.0,0.0,11423129600.0,114.0,132.0,180.0,173.0,321.0,1636.0,5259.0,230.0,151.0,165.0,354.0,72.1,224.0,9011.0,0.00194,0.00196,0.000335,0.000739,0.00164,0.000479,0.00468,0.00648,0.000339,0.00035,0.00158,0.00215,0.000392,0.00192,0.0,0.00188,0.00185,0.00179,0.00176,0.00137,4.0,7.0,5.0,5.0,0.0,0.00184,11422071193.6,0.00194,0.001548,0.01057,9.106312301552135,23.158906049252348,0.0,0.0
30,8,168.75,0.0,0.0,11424878592.0,114.0,181.0,180.0,265.0,327.0,1636.0,5220.0,385.0,151.0,165.0,354.0,70.8,224.0,9273.0,0.00186,0.00196,0.000386,0.000716,0.00164,0.000479,0.00464,0.00693,0.000327,0.00035,0.00158,0.00215,0.000392,0.00195,0.0,0.00192,0.00188,0.00185,0.00179,0.00176,8.0,4.0,7.0,5.0,5.0,0.001878,11422868275.2,0.001924,0.0015539999999999998,0.01252,9.134970064951407,23.15905914723696,0.0,0.0
32,14,191.0,0.0,0.0,11435241472.0,114.0,181.0,180.0,265.0,327.0,1636.0,5180.0,409.0,153.0,566.0,354.0,70.8,224.0,9660.0,0.00193,0.00196,0.000386,0.00357,0.00164,0.000479,0.00449,0.00738,0.000546,0.00035,0.00158,0.00217,0.000392,0.00224,0.0,0.00195,0.00192,0.00188,0.00185,0.00179,8.0,8.0,4.0,7.0,5.0,0.001968,11425897676.8,0.001922,0.0015699999999999998,0.014759999999999999,9.17585244151751,23.159965781207376,0.0,0.0
34,15,134.6,0.0,0.0,11440242688.0,115.0,181.0,180.0,265.0,327.0,1636.0,5141.0,433.0,153.0,566.0,354.0,70.8,224.0,9646.0,0.00204,0.00196,0.000386,0.00369,0.00168,0.000477,0.00463,0.00783,0.000546,0.00035,0.00158,0.00217,0.000392,0.00231,0.0,0.00224,0.00195,0.00192,0.00188,0.00185,14.0,8.0,8.0,4.0,7.0,0.00206,11429522636.8,0.001942,0.0015699999999999998,0.01707,9.174402265170553,23.160403036746473,0.0,0.0
36,13,66.3076923076923,0.0,0.0,11514314752.0,152.0,184.0,292.0,265.0,327.0,1636.0,5102.0,457.0,153.0,566.0,354.0,70.8,224.0,9782.0,0.00204,0.00295,0.000386,0.00369,0.00168,0.000477,0.00459,0.00827,0.000564,0.00035,0.00191,0.00217,0.000392,0.00246,0.0,0.00231,0.00224,0.00195,0.00192,0.00188,15.0,14.0,8.0,8.0,4.0,0.002176,11447561420.8,0.0019619999999999998,0.001646,0.01953,9.18840146445743,23.166856859373205,0.0,0.0
38,20,250.6,0.0,0.0,11528036352.0,152.0,184.0,292.0,265.0,327.0,1636.0,5063.0,481.0,153.0,566.0,354.0,68.5,224.0,9764.0,0.00204,0.00295,0.000386,0.00369,0.00168,0.000477,0.00456,0.00598,0.000564,0.000355,0.00191,0.00216,0.000392,0.00226,0.0,0.00246,0.00231,0.00224,0.00195,0.00192,13.0,15.0,14.0,8.0,8.0,0.002244,11468542771.2,0.0019820000000000003,0.001712,0.021789999999999997,9.186559843310778,23.168047849091124,0.0,0.0
40,13,122.76923076923076,0.0,0.0,11542544384.0,152.0,184.0,300.0,265.0,327.0,4171.0,5023.0,505.0,165.0,566.0,354.0,103.0,282.0,12398.0,0.00204,0.00295,0.000386,0.00369,0.00161,0.000477,0.00452,0.00628,0.000564,0.000343,0.00191,0.00216,0.00038,0.00228,0.0,0.00226,0.00246,0.00231,0.00224,0.00195,20.0,13.0,15.0,14.0,8.0,0.0023100000000000004,11492075929.6,0.0020180000000000003,0.001778,0.024069999999999998,9.425371103179842,23.16930555769215,0.0,0.0
42,18,123.55555555555556,0.0,0.0,11557359616.0,152.0,184.0,300.0,265.0,327.0,4325.0,4984.0,528.0,165.0,587.0,356.0,103.0,284.0,12561.0,0.00204,0.00295,0.00066,0.00369,0.00162,0.00237,0.00449,0.00659,0.000564,0.000341,0.00191,0.00216,0.00052,0.00249,0.0,0.00228,0.00226,0.00246,0.00231,0.00224,13.0,20.0,13.0,15.0,14.0,0.00236,11516499558.4,0.00204,0.0018439999999999997,0.026559999999999997,9.438431663014326,23.17058826726792,0.0,0.0
44,18,94.88888888888889,0.0,0.0,11576827904.0,152.0,184.0,300.0,643.0,327.0,4325.0,5009.0,552.0,165.0,587.0,356.0,103.0,284.0,12987.0,0.00204,0.00295,0.00066,0.00369,0.00174,0.00237,0.00445,0.00689,0.000564,0.00119,0.00192,0.00216,0.00052,0.0026,0.0,0.00249,0.00228,0.00226,0.00246,0.00231,18.0,13.0,20.0,13.0,15.0,0.002418,11543816601.6,0.00204,0.001912,0.02916,9.471781133222736,23.17227134280945,0.0,0.0
46,17,63.05882352941177,0.0,70.3,11578155008.0,152.0,178.0,300.0,643.0,344.0,4325.0,4969.0,990.0,165.0,1807.0,528.0,103.0,284.0,14788.0,0.00226,0.00299,0.00066,0.00378,0.00174,0.00237,0.00442,0.0072,0.000564,0.00119,0.00239,0.00223,0.00053,0.00269,0.0,0.0026,0.00249,0.00228,0.00226,0.00246,18.0,18.0,13.0,20.0,13.0,0.002464,11556584652.8,0.002084,0.0020080000000000002,0.031849999999999996,9.601638940166769,23.17238597074991,0.0,4.26689632742025
48,21,79.71428571428571,0.0,140.0,11633795072.0,152.0,177.0,490.0,643.0,344.0,4325.0,4929.0,1031.0,165.0,1807.0,528.0,103.0,284.0,14978.0,0.00227,0.00458,0.00066,0.0114,0.00174,0.00237,0.00438,0.00751,0.00155,0.00123,0.00239,0.00223,0.00053,0.00357,0.0,0.00269,0.0026,0.00249,0.00228,0.00226,17.0,18.0,18.0,13.0,20.0,0.002726,11577736396.8,0.00213,0.002104,0.03541999999999999,9.61440449916872,23.177180067787837,0.0,4.948759890378168
50,9,32.333333333333336,0.0,140.0,11904212992.0,152.0,455.0,490.0,643.0,347.0,4325.0,4890.0,1072.0,165.0,1807.0,528.0,103.0,284.0,15260.0,0.00227,0.00458,0.00066,0.0117,0.00174,0.00237,0.00438,0.00781,0.00161,0.00123,0.00239,0.00223,0.00053,0.00363,0.0,0.00357,0.00269,0.0026,0.00249,0.00228,21.0,17.0,18.0,18.0,13.0,0.0029959999999999995,11650070118.4,0.002176,0.0021999999999999997,0.039049999999999994,9.633055833490875,23.2001582074342,0.0,4.948759890378168
52,23,86.56521739130434,0.0,140.0,11944435712.0,147.0,472.0,490.0,643.0,347.0,4325.0,4850.0,1113.0,165.0,1807.0,528.0,106.0,284.0,15275.0,0.00227,0.00458,0.00066,0.0117,0.00174,0.00244,0.00435,0.00747,0.00161,0.00123,0.00239,0.00223,0.00053,0.0036,0.0,0.00363,0.00357,0.00269,0.0026,0.00249,9.0,21.0,17.0,18.0,18.0,0.003218,11727485337.6,0.002222,0.0022960000000000003,0.042649999999999993,9.634038248345407,23.20353137617299,0.0,4.948759890378168
54,21,89.23809523809524,0.0,144.0,12098969600.0,234.0,472.0,490.0,643.0,347.0,4325.0,4810.0,1154.0,183.0,1807.0,528.0,106.0,341.0,15438.0,0.00227,0.00458,0.000967,0.0117,0.00181,0.00252,0.00431,0.00775,0.00161,0.00123,0.00239,0.00223,0.00053,0.00366,0.0,0.0036,0.00363,0.00357,0.00269,0.0026,23.0,9.0,21.0,17.0,18.0,0.00343,11831913676.8,0.002268,0.00239,0.04630999999999999,9.644652054641927,23.2163861289809,0.0,4.976733742420574
56,13,71.23076923076923,0.0,148.0,12328214528.0,242.0,472.0,506.0,671.0,347.0,10180.0,4770.0,1195.0,183.0,1872.0,528.0,161.0,341.0,21468.0,0.00227,0.00458,0.000967,0.0117,0.00181,0.00495,0.00428,0.00803,0.00161,0.00123,0.00239,0.00223,0.00053,0.00388,0.0,0.00366,0.0036,0.00363,0.00357,0.00269,21.0,23.0,9.0,21.0,17.0,0.0036680000000000003,11981925580.8,0.00227,0.00239,0.05018999999999999,9.974365313169566,23.23515633658115,0.0,5.003946305945459
58,18,93.0,0.0,148.0,12439031808.0,242.0,472.0,506.0,1105.0,347.0,10180.0,4731.0,1236.0,183.0,1872.0,541.0,161.0,350.0,21924.0,0.00249,0.00458,0.000967,0.0117,0.00181,0.00495,0.00424,0.00831,0.00161,0.00123,0.00299,0.00223,0.000708,0.00399,0.0,0.00388,0.00366,0.0036,0.00363,0.00357,13.0,21.0,23.0,9.0,21.0,0.0037519999999999997,12142972928.0,0.0023139999999999997,0.0025100000000000005,0.05417999999999999,9.995382817240383,23.244105092370102,0.0,5.003946305945459
60,25,142.4,0.0,144.0,12463546368.0,242.0,472.0,506.0,1105.0,347.0,10718.0,4691.0,1277.0,183.0,1872.0,541.0,161.0,350.0,22463.0,0.00243,0.00618,0.000967,0.0117,0.00176,0.00495,0.00421,0.00859,0.00212,0.00124,0.00299,0.00228,0.000725,0.00418,0.0,0.00399,0.00388,0.00366,0.0036,0.00363,18.0,13.0,21.0,23.0,9.0,0.003862,12254839603.2,0.002346,0.0026300000000000004,0.058359999999999995,10.019669306825538,23.24607393011402,0.0,4.976733742420574
62,29,121.17241379310344,0.0,144.0,12465410048.0,242.0,472.0,506.0,1105.0,336.0,10718.0,4726.0,1631.0,185.0,1872.0,523.0,161.0,350.0,22826.0,0.00251,0.00618,0.000967,0.0183,0.00182,0.00495,0.00417,0.00887,0.00218,0.0025,0.00299,0.00228,0.000725,0.00487,0.0,0.00418,0.00399,0.00388,0.00366,0.0036,25.0,18.0,13.0,21.0,23.0,0.004116,12359034470.4,0.002394,0.00275,0.06323,10.035699324844632,23.24622344940975,0.0,4.976733742420574
64,15,88.4,0.0,142.0,12475412480.0,242.0,472.0,751.0,1105.0,322.0,10718.0,4686.0,1681.0,185.0,3666.0,763.0,161.0,350.0,25101.0,0.00251,0.00618,0.000967,0.0183,0.00182,0.00495,0.00414,0.00915,0.00218,0.0025,0.00299,0.00228,0.000725,0.00489,0.0,0.00487,0.00418,0.00399,0.00388,0.00366,29.0,25.0,18.0,13.0,21.0,0.004362,12434323046.4,0.002442,0.00287,0.06812,10.130702803220391,23.24702554264659,0.0,4.962844630259907
66,14,110.0,0.0,140.0,12511354880.0,242.0,749.0,751.0,1105.0,366.0,10718.0,4645.0,1732.0,185.0,3879.0,763.0,161.0,350.0,25646.0,0.00251,0.00618,0.000967,0.0193,0.00182,0.00495,0.00413,0.00943,0.00218,0.0025,0.00299,0.00228,0.000725,0.005,0.0,0.00489,0.00487,0.00418,0.00399,0.00388,15.0,29.0,25.0,18.0,13.0,0.004586,12470951116.8,0.00249,0.00299,0.07312,10.152181884694343,23.249902459397724,0.0,4.948759890378168
68,24,110.0,0.0,142.0,12539670528.0,242.0,749.0,751.0,1105.0,366.0,15362.0,4605.0,1783.0,185.0,3879.0,763.0,161.0,350.0,30300.0,0.00251,0.00618,0.000967,0.0193,0.00182,0.00495,0.0041,0.00943,0.00218,0.0025,0.00354,0.00228,0.000725,0.00504,0.0,0.005,0.00489,0.00487,0.00418,0.00399,14.0,15.0,29.0,25.0,18.0,0.004796,12491078860.8,0.002494,0.0031000000000000003,0.07816000000000001,10.318935994253193,23.252163098201564,0.0,4.962844630259907
70,26,125.5,0.0,142.0,12551827456.0,235.0,775.0,751.0,1105.0,366.0,15362.0,4565.0,1833.0,209.0,3879.0,763.0,219.0,442.0,30504.0,0.00251,0.00618,0.00132,0.0193,0.00176,0.00509,0.00406,0.0097,0.00218,0.0025,0.00354,0.00228,0.000725,0.0051,0.0,0.00504,0.005,0.00489,0.00487,0.00418,24.0,14.0,15.0,29.0,25.0,0.00498,12508735078.4,0.00251,0.00321,0.08326,10.325645883585953,23.253132106027085,0.0,4.962844630259907
72,15,194.6,0.0,146.0,12571799552.0,236.0,775.0,782.0,1128.0,366.0,15362.0,4524.0,1884.0,206.0,3879.0,763.0,219.0,439.0,30564.0,0.00251,0.00816,0.00132,0.0249,0.00175,0.0081,0.00402,0.00998,0.00286,0.0025,0.00354,0.00228,0.000723,0.00605,0.0,0.0051,0.00504,0.005,0.00489,0.00487,26.0,24.0,14.0,15.0,29.0,0.005216,12530012979.2,0.00251,0.00332,0.08931,10.327610842462827,23.254722011831625,0.0,4.990432586778736
74,14,83.14285714285714,0.0,146.0,12573552640.0,338.0,775.0,782.0,1096.0,366.0,15362.0,4484.0,1935.0,207.0,3879.0,791.0,219.0,454.0,30688.0,0.00243,0.00845,0.00132,0.0249,0.00193,0.00838,0.00399,0.0102,0.00298,0.00256,0.00363,0.00228,0.000725,0.00615,0.0,0.00605,0.0051,0.00504,0.005,0.00489,15.0,26.0,24.0,14.0,15.0,0.005468000000000001,12549641011.2,0.002494,0.0034480000000000005,0.09546,10.331659563179363,23.254861448176705,0.0,4.990432586778736
76,14,49.285714285714285,0.0,139.0,12612575232.0,338.0,775.0,782.0,1753.0,375.0,16166.0,4297.0,2228.0,214.0,3879.0,791.0,219.0,454.0,32271.0,0.00283,0.00845,0.00132,0.0249,0.00193,0.00838,0.00395,0.0105,0.00298,0.00367,0.00363,0.00235,0.00101,0.00633,0.0,0.00615,0.00605,0.0051,0.00504,0.005,14.0,15.0,26.0,24.0,14.0,0.005734,12569885081.6,0.0025580000000000004,0.003576,0.10179,10.381955260193992,23.25796018756375,0.0,4.941642422609304
78,22,89.72727272727273,0.0,141.0,12618792960.0,338.0,775.0,988.0,1753.0,375.0,16166.0,4446.0,2284.0,214.0,3879.0,954.0,219.0,454.0,32845.0,0.00286,0.00845,0.00132,0.0249,0.00195,0.00838,0.00399,0.0108,0.00298,0.00367,0.00363,0.00229,0.00101,0.00635,0.0,0.00633,0.00615,0.00605,0.0051,0.00504,14.0,14.0,15.0,26.0,24.0,0.005996,12585709568.0,0.002628,0.003594,0.10814,10.399585250897506,23.258453044556525,0.0,4.955827057601261
80,20,110.0,0.0,143.0,12618063872.0,338.0,809.0,988.0,1753.0,375.0,16166.0,4405.0,2341.0,214.0,3879.0,954.0,219.0,454.0,32896.0,0.00286,0.00845,0.00132,0.0249,0.00195,0.00838,0.00395,0.0111,0.00298,0.00367,0.00363,0.00236,0.00101,0.00638,0.0,0.00635,0.00633,0.00615,0.00605,0.0051,22.0,14.0,14.0,15.0,26.0,0.006251999999999999,12598956851.2,0.002698,0.0036119999999999998,0.11452,10.401136747185486,23.258395264936425,0.0,4.969813299576001
82,22,110.0,0.0,143.0,12620693504.0,338.0,1045.0,988.0,1753.0,375.0,16166.0,4364.0,2398.0,214.0,5363.0,954.0,219.0,504.0,34681.0,0.00286,0.00845,0.00156,0.0263,0.00195,0.00838,0.00392,0.0113,0.00298,0.00367,0.00363,0.00236,0.00101,0.00653,0.0,0.00638,0.00635,0.00633,0.00615,0.00605,20.0,22.0,14.0,14.0,15.0,0.0063479999999999995,12608735641.6,0.0027680000000000005,0.00363,0.12104999999999999,10.453976099358494,23.25860364540224,0.0,4.969813299576001
84,15,180.0,0.0,143.0,12620124160.0,348.0,1045.0,988.0,1753.0,377.0,22945.0,4324.0,2455.0,214.0,5519.0,954.0,219.0,504.0,41647.0,0.00286,0.00845,0.00156,0.0263,0.00195,0.00838,0.00388,0.0116,0.00298,0.00367,0.00352,0.00236,0.00101,0.00654,0.0,0.00653,0.00638,0.00635,0.00633,0.00615,22.0,20.0,22.0,14.0,14.0,0.006425999999999999,12618049945.6,0.002854,0.003608,0.12758999999999998,10.637008627234346,23.258558532442144,0.0,4.969813299576001
86,15,76.0,0.0,144.0,12618252288.0,348.0,1045.0,1007.0,1753.0,377.0,22945.0,4283.0,2512.0,231.0,5706.0,954.0,217.0,504.0,41883.0,0.00286,0.00845,0.00156,0.0319,0.00195,0.0103,0.00384,0.0104,0.00298,0.00438,0.00441,0.00236,0.00101,0.00719,0.0,0.00654,0.00653,0.00638,0.00635,0.00633,15.0,22.0,20.0,22.0,14.0,0.006598,12619185356.8,0.00286,0.003764,0.13477999999999998,10.642659171407352,23.25841019706826,0.0,4.976733742420574
88,29,150.24137931034485,0.0,141.0,12614127616.0,348.0,1045.0,1014.0,1753.0,377.0,22945.0,4242.0,2733.0,231.0,5706.0,954.0,216.0,504.0,42068.0,0.00286,0.0083,0.00163,0.0319,0.00196,0.0103,0.00381,0.0118,0.00362,0.00438,0.00444,0.0024,0.00101,0.00736,0.0,0.00719,0.00654,0.00653,0.00638,0.00635,15.0,15.0,22.0,20.0,22.0,0.0068000000000000005,12618252288.0,0.00286,0.003926000000000001,0.14214,10.64706640639476,23.258083262228812,0.0,4.955827057601261
90,20,24.65,0.0,141.0,12607750144.0,348.0,1045.0,1150.0,1753.0,383.0,24061.0,4201.0,2794.0,231.0,5706.0,954.0,298.0,507.0,43431.0,0.00277,0.0109,0.00163,0.0319,0.00201,0.0106,0.00377,0.0121,0.00362,0.00438,0.00457,0.0024,0.00101,0.00763,0.0,0.00736,0.00719,0.00654,0.00653,0.00638,29.0,15.0,15.0,22.0,20.0,0.007050000000000001,12616189542.4,0.002842,0.004114,0.14977,10.678951775585286,23.257577552686,0.0,4.955827057601261
92,18,110.0,0.0,141.0,12608540672.0,435.0,1045.0,1150.0,2375.0,383.0,24061.0,4160.0,2854.0,235.0,5706.0,991.0,298.0,522.0,44215.0,0.00275,0.0113,0.00163,0.0319,0.00201,0.011,0.00374,0.0123,0.00362,0.00462,0.00457,0.0024,0.0012,0.00775,0.0,0.00763,0.00736,0.00719,0.00654,0.00653,20.0,29.0,15.0,15.0,22.0,0.007294,12613758976.0,0.00282,0.004302,0.15752,10.696841993513099,23.257640252470516,0.0,4.955827057601261
94,27,156.96296296296296,0.0,141.0,12612329472.0,454.0,1045.0,1150.0,2375.0,388.0,24061.0,4220.0,2915.0,235.0,6828.0,957.0,298.0,522.0,45448.0,0.00331,0.0113,0.00163,0.0319,0.00201,0.011,0.00374,0.0126,0.00362,0.00462,0.00457,0.0024,0.0012,0.00782,0.0,0.00775,0.00763,0.00736,0.00719,0.00654,18.0,20.0,29.0,15.0,15.0,0.007549999999999999,12612200038.4,0.0029100000000000003,0.004512,0.16534,10.724346097163354,23.257940702059017,0.0,4.955827057601261
96,21,80.80952380952381,0.0,143.0,12616060928.0,454.0,1316.0,1150.0,2375.0,388.0,24061.0,4179.0,2975.0,235.0,6828.0,1219.0,313.0,522.0,46015.0,0.00331,0.0113,0.00163,0.0319,0.00201,0.011,0.00371,0.0129,0.00362,0.00462,0.00457,0.00234,0.0012,0.00783,0.0,0.00782,0.00775,0.00763,0.00736,0.00719,27.0,18.0,20.0,29.0,15.0,0.007678,12611761766.4,0.003,0.004544,0.17317,10.736744441080718,23.258236516097707,0.0,4.969813299576001
98,19,75.52631578947368,0.0,145.0,12627361792.0,454.0,1316.0,1150.0,2375.0,388.0,24061.0,4137.0,3036.0,235.0,6828.0,1219.0,313.0,506.0,46018.0,0.00331,0.0113,0.00163,0.0384,0.00201,0.011,0.00367,0.0131,0.00379,0.00462,0.00457,0.00235,0.0012,0.00841,0.0,0.00783,0.00782,0.00775,0.00763,0.00736,21.0,27.0,18.0,20.0,29.0,0.007888000000000001,12614408601.6,0.00309,0.00457,0.18158,10.736809633670518,23.259131867324786,0.0,4.983606621708336
100,26,83.07692307692308,0.0,147.0,12624994304.0,454.0,1316.0,1150.0,2375.0,388.0,29737.0,4095.0,3285.0,235.0,6828.0,1219.0,313.0,603.0,51998.0,0.00331,0.0113,0.00157,0.0397,0.00203,0.011,0.00364,0.0134,0.00437,0.00462,0.00444,0.00243,0.0012,0.00858,0.0,0.00841,0.00783,0.00782,0.00775,0.00763,19.0,21.0,27.0,18.0,20.0,0.008078,12617857433.6,0.0031980000000000003,0.004544000000000001,0.19016,10.85897976660942,23.258944361018624,0.0,4.997212273764115
102,14,58.0,0.0,147.0,12625825792.0,454.0,1316.0,1150.0,2375.0,388.0,29737.0,4053.0,3349.0,248.0,7211.0,1219.0,313.0,603.0,52416.0,0.00331,0.0113,0.00191,0.0397,0.00203,0.0136,0.0036,0.0137,0.00437,0.00557,0.00534,0.00243,0.0012,0.009,0.0,0.00858,0.00841,0.00783,0.00782,0.00775,26.0,19.0,21.0,27.0,18.0,0.008328,12621314457.6,0.00331,0.004698000000000001,0.19916,10.866986245174834,23.25901021931527,0.0,4.997212273764115
104,25,78.44,0.0,143.0,12630368256.0,511.0,1316.0,1150.0,2375.0,388.0,30551.0,4011.0,3413.0,248.0,7211.0,1219.0,313.0,603.0,53310.0,0.00331,0.0113,0.00193,0.0397,0.00203,0.0136,0.00356,0.014,0.00437,0.00557,0.00534,0.00249,0.00134,0.00904,0.0,0.009,0.00858,0.00841,0.00783,0.00782,14.0,26.0,19.0,21.0,27.0,0.008572,12624922214.4,0.00331,0.004852,0.2082,10.88389796784759,23.259369930207576,0.0,4.969813299576001
106,26,77.57692307692308,0.0,143.0,12632973312.0,511.0,1316.0,1174.0,2440.0,388.0,30763.0,3969.0,3477.0,248.0,7211.0,1219.0,381.0,623.0,53721.0,0.00331,0.0113,0.002,0.0397,0.00196,0.0136,0.00353,0.0142,0.00437,0.00557,0.00552,0.00249,0.00134,0.00907,0.0,0.00904,0.009,0.00858,0.00841,0.00783,25.0,14.0,26.0,19.0,21.0,0.00882,12628304691.2,0.00331,0.005042,0.21727,10.891577880026057,23.2595761623089,0.0,4.969813299576001
108,27,106.0,0.0,143.0,12631375872.0,511.0,1316.0,1461.0,3078.0,409.0,31761.0,3928.0,3541.0,248.0,7211.0,1257.0,381.0,623.0,55726.0,0.00331,0.0137,0.002,0.0397,0.00214,0.0136,0.00349,0.0145,0.00437,0.00583,0.00552,0.00249,0.00136,0.00933,0.0,0.00907,0.00904,0.009,0.00858,0.00841,26.0,25.0,14.0,26.0,19.0,0.009004,12629107507.2,0.00331,0.005232,0.2266,10.928220048143892,23.259449704271898,0.0,4.969813299576001
110,17,10.823529411764708,0.0,143.0,12646785024.0,511.0,1349.0,1510.0,3078.0,400.0,31761.0,3961.0,3606.0,255.0,8812.0,1257.0,381.0,623.0,57503.0,0.00328,0.0137,0.002,0.0445,0.00214,0.0141,0.00333,0.0148,0.00437,0.00583,0.00552,0.00249,0.00136,0.00978,0.0,0.00933,0.00907,0.00904,0.009,0.00858,27.0,26.0,25.0,14.0,26.0,0.009243999999999999,12633465651.2,0.003304,0.005448,0.23638,10.959609789583286,23.260668871597463,0.0,4.969813299576001
112,16,155.5625,0.0,140.0,12651077632.0,521.0,1620.0,1510.0,3078.0,414.0,31761.0,3918.0,3827.0,255.0,8812.0,1467.0,381.0,623.0,58187.0,0.00326,0.0137,0.002,0.0445,0.00214,0.0161,0.00347,0.015,0.0048,0.00583,0.00552,0.00249,0.00136,0.01,0.0,0.00978,0.00933,0.00907,0.00904,0.009,17.0,27.0,26.0,25.0,14.0,0.009444,12638516019.2,0.0032939999999999996,0.005484,0.24638000000000002,10.971434426893353,23.261008236871064,0.0,4.948759890378168
114,21,64.71428571428571,0.0,142.0,12647161856.0,539.0,1672.0,1510.0,3078.0,414.0,31761.0,3875.0,3894.0,266.0,8812.0,1467.0,394.0,623.0,58304.0,0.00402,0.0137,0.00211,0.0445,0.00216,0.0161,0.00344,0.0153,0.00484,0.00583,0.00552,0.00249,0.00136,0.0101,0.0,0.01,0.00978,0.00933,0.00907,0.00904,16.0,17.0,27.0,26.0,25.0,0.009656000000000001,12641874739.2,0.0034360000000000003,0.00552,0.25648000000000004,10.973443131954433,23.26069866781723,0.0,4.962844630259907
116,16,50.125,0.0,146.0,12654252032.0,539.0,1672.0,1510.0,3078.0,414.0,38650.0,3833.0,3961.0,266.0,8812.0,1467.0,394.0,604.0,65199.0,0.00402,0.0137,0.00211,0.0459,0.00216,0.0161,0.0034,0.0156,0.00498,0.00688,0.00535,0.00251,0.00136,0.0103,0.0,0.0101,0.01,0.00978,0.00933,0.00907,21.0,16.0,17.0,27.0,26.0,0.009902,12646130483.2,0.003578,0.0054859999999999996,0.26678,11.085214747914744,23.261259124732124,0.0,4.990432586778736
118,23,141.47826086956522,0.0,146.0,12654952448.0,539.0,1672.0,1510.0,3078.0,414.0,38650.0,3790.0,4028.0,266.0,9188.0,1510.0,394.0,700.0,65739.0,0.00402,0.0137,0.00211,0.0474,0.00216,0.0161,0.00336,0.0158,0.00498,0.00688,0.00537,0.00251,0.00141,0.0105,0.0,0.0103,0.0101,0.01,0.00978,0.00933,16.0,21.0,16.0,17.0,27.0,0.010136000000000001,12650845798.4,0.0037199999999999998,0.005456,0.27728,11.09346284721821,23.26131447344928,0.0,4.990432586778736
120,17,104.0,0.0,144.0,12659515392.0,539.0,1672.0,1616.0,3341.0,414.0,38650.0,3747.0,4095.0,266.0,9188.0,1510.0,394.0,722.0,66155.0,0.00402,0.0143,0.00211,0.0474,0.00216,0.0169,0.00333,0.0161,0.00498,0.00688,0.00652,0.00243,0.00161,0.0107,0.0,0.0105,0.0103,0.0101,0.01,0.00978,23.0,16.0,21.0,16.0,17.0,0.010320000000000001,12653391872.0,0.003868,0.005656,0.28798,11.099770868377684,23.2616749743358,0.0,4.976733742420574
122,11,104.0,0.0,143.0,12653756416.0,614.0,1672.0,1616.0,3341.0,414.0,38650.0,3705.0,4162.0,266.0,9188.0,1510.0,458.0,722.0,66319.0,0.00402,0.0143,0.00215,0.0474,0.00216,0.0169,0.00329,0.0164,0.00498,0.00705,0.00671,0.00241,0.00161,0.0108,0.0,0.0107,0.0105,0.0103,0.0101,0.01,17.0,23.0,16.0,21.0,16.0,0.01048,12653927628.8,0.00402,0.005894,0.29878,11.102246789809177,23.2612199579995,0.0,4.969813299576001
124,19,54.94736842105263,0.0,145.0,12655980544.0,614.0,1672.0,1616.0,3341.0,422.0,39828.0,3662.0,4287.0,281.0,9188.0,1510.0,458.0,722.0,67602.0,0.00412,0.0143,0.00224,0.0523,0.00209,0.0169,0.00325,0.0166,0.00498,0.0071,0.00671,0.0026,0.00161,0.0112,0.0,0.0108,0.0107,0.0105,0.0103,0.0101,11.0,17.0,23.0,16.0,21.0,0.010700000000000001,12655691366.4,0.00404,0.006132,0.30998,11.121407639744575,23.26139571075498,0.0,4.983606621708336
126,26,103.0,0.0,141.0,12687138816.0,614.0,1672.0,1693.0,3454.0,422.0,41035.0,3684.0,4355.0,281.0,10346.0,1510.0,475.0,722.0,70263.0,0.00593,0.0138,0.00224,0.0523,0.00223,0.0169,0.00322,0.0169,0.00498,0.00736,0.00671,0.0026,0.00161,0.0114,0.0,0.0112,0.0108,0.0107,0.0105,0.0103,19.0,11.0,17.0,23.0,16.0,0.010920000000000001,12662268723.2,0.004422000000000001,0.006404,0.32138,11.160014855596954,23.26385462571759,0.0,4.955827057601261
128,13,177.69230769230768,0.0,141.0,12690481152.0,614.0,1672.0,1693.0,3454.0,426.0,41035.0,3641.0,4423.0,281.0,10346.0,1690.0,475.0,722.0,70472.0,0.00593,0.016,0.00224,0.0523,0.00223,0.0169,0.00308,0.0172,0.00482,0.00736,0.00671,0.0026,0.00161,0.0116,0.0,0.0114,0.0112,0.0108,0.0107,0.0105,26.0,19.0,11.0,17.0,23.0,0.01114,12669374464.0,0.004804,0.006672,0.33298,11.162984936721875,23.264118033871963,0.0,4.955827057601261
130,22,239.4090909090909,0.0,144.0,12694151168.0,634.0,1965.0,1693.0,3454.0,426.0,45247.0,3597.0,4491.0,281.0,10954.0,1750.0,475.0,722.0,75689.0,0.00593,0.016,0.00216,0.0523,0.00219,0.0163,0.00322,0.0174,0.00621,0.00714,0.00671,0.00255,0.00171,0.0117,0.0,0.0116,0.0114,0.0112,0.0108,0.0107,13.0,26.0,19.0,11.0,17.0,0.01134,12676301619.2,0.0051860000000000005,0.00671,0.34468,11.234401330303212,23.264407186456804,0.0,4.976733742420574
132,17,107.0,0.0,146.0,12683759616.0,634.0,1965.0,1951.0,3454.0,426.0,45247.0,3554.0,4559.0,281.0,10954.0,1750.0,475.0,742.0,75992.0,0.00593,0.016,0.00269,0.0523,0.0022,0.0193,0.00318,0.0177,0.00621,0.00709,0.00721,0.00264,0.00176,0.012,0.0,0.0117,0.0116,0.0114,0.0112,0.0108,22.0,13.0,26.0,19.0,11.0,0.01158,12682302259.2,0.005568,0.006809999999999999,0.35668,11.23839650976336,23.26358824177153,0.0,4.990432586778736
134,20,261.5,0.0,146.0,12683927552.0,670.0,1965.0,1951.0,3454.0,426.0,45247.0,3510.0,4627.0,281.0,10954.0,1750.0,475.0,816.0,76126.0,0.00593,0.0164,0.00269,0.0581,0.00227,0.0203,0.00315,0.018,0.00621,0.00831,0.00721,0.00264,0.00176,0.0127,0.0,0.012,0.0117,0.0116,0.0114,0.0112,17.0,22.0,13.0,26.0,19.0,0.011879999999999998,12687891660.8,0.00593,0.0069099999999999995,0.36938,11.240158277245076,23.26360148192219,0.0,4.990432586778736
136,12,23.166666666666668,0.0,146.0,12686352384.0,670.0,1965.0,1951.0,3522.0,426.0,45247.0,3467.0,4694.0,281.0,10954.0,1750.0,509.0,816.0,76252.0,0.00611,0.017,0.00269,0.0581,0.00227,0.0203,0.00311,0.018,0.00621,0.00831,0.0073,0.00264,0.00176,0.0128,0.0,0.0127,0.012,0.0117,0.0116,0.0114,20.0,17.0,22.0,13.0,26.0,0.01216,12687734374.4,0.005966000000000001,0.0070279999999999995,0.38217999999999996,11.241812037957988,23.263792637243558,0.0,4.990432586778736
138,24,331.0833333333333,0.0,143.0,12691410944.0,670.0,1965.0,1951.0,4128.0,426.0,45247.0,3423.0,4762.0,281.0,11923.0,1750.0,536.0,816.0,77879.0,0.00611,0.0176,0.00269,0.0581,0.00227,0.0203,0.00307,0.0183,0.00621,0.00831,0.00735,0.00267,0.00176,0.0129,0.0,0.0128,0.0127,0.012,0.0117,0.0116,12.0,20.0,17.0,22.0,13.0,0.01242,12687920332.8,0.006002,0.007156,0.39508,11.262924459486136,23.264191298071246,0.0,4.969813299576001
140,24,68.58333333333333,0.0,144.0,12693446656.0,670.0,1965.0,1951.0,4128.0,451.0,45247.0,3380.0,4985.0,271.0,11923.0,1750.0,536.0,816.0,78072.0,0.00611,0.0176,0.00269,0.0581,0.00227,0.0203,0.00303,0.0185,0.00621,0.00831,0.00759,0.00267,0.00176,0.0129,0.0,0.0129,0.0128,0.0127,0.012,0.0117,24.0,12.0,20.0,17.0,22.0,0.01266,12687779430.4,0.006038,0.007332,0.40798,11.265399565428682,23.264351685971487,0.0,4.976733742420574
142,12,113.0,0.0,143.0,12692541440.0,697.0,2196.0,2042.0,4128.0,455.0,47724.0,3420.0,5055.0,320.0,11923.0,1750.0,536.0,816.0,81062.0,0.00593,0.0176,0.00279,0.0581,0.00239,0.0203,0.003,0.0188,0.00621,0.00873,0.00759,0.00267,0.00188,0.013,0.0,0.0129,0.0129,0.0128,0.0127,0.012,24.0,24.0,12.0,20.0,17.0,0.01286,12689535795.2,0.006038,0.0074080000000000005,0.42098,11.302981909119962,23.26428036977951,0.0,4.969813299576001
144,26,69.61538461538461,0.0,141.0,12701065216.0,697.0,2196.0,2042.0,4128.0,455.0,47724.0,3376.0,5125.0,320.0,11923.0,1853.0,536.0,849.0,81223.0,0.00589,0.0176,0.00279,0.0581,0.00239,0.0217,0.00296,0.0191,0.00621,0.00873,0.00793,0.00267,0.00195,0.0132,0.0,0.013,0.0129,0.0129,0.0128,0.0127,12.0,24.0,24.0,12.0,20.0,0.01296,12692963328.0,0.00603,0.0075520000000000006,0.43418,11.30496604898106,23.264951702247945,0.0,4.955827057601261
146,17,112.0,0.0,141.0,12675461120.0,697.0,2196.0,2189.0,4128.0,455.0,46319.0,3331.0,5195.0,320.0,11923.0,1853.0,561.0,849.0,80016.0,0.00654,0.0176,0.003,0.0581,0.00239,0.0217,0.00298,0.0193,0.00626,0.0092,0.00793,0.00267,0.00195,0.0133,0.0,0.0132,0.013,0.0129,0.0129,0.0128,26.0,12.0,24.0,24.0,12.0,0.013059999999999999,12690785075.2,0.006116,0.007678,0.44748,11.289994391081091,23.262933766116937,0.0,4.955827057601261
148,26,66.96153846153847,0.0,144.0,12682801152.0,697.0,2196.0,2189.0,4128.0,455.0,52160.0,3287.0,5265.0,320.0,12725.0,1953.0,561.0,849.0,86786.0,0.00677,0.0176,0.003,0.0653,0.00239,0.0225,0.00294,0.0196,0.00702,0.0092,0.00793,0.00268,0.00195,0.0141,0.0,0.0133,0.0132,0.013,0.0129,0.0129,17.0,26.0,12.0,24.0,24.0,0.013300000000000001,12689063116.8,0.006248,0.007794,0.46158,11.371212119846604,23.263512672678097,0.0,4.976733742420574
150,14,111.0,0.0,144.0,12685590528.0,697.0,2196.0,2189.0,4427.0,455.0,52160.0,3242.0,5335.0,320.0,12725.0,1953.0,561.0,849.0,87110.0,0.00677,0.0176,0.003,0.0653,0.00243,0.0225,0.0029,0.0198,0.00702,0.0092,0.00793,0.00268,0.00195,0.0141,0.0,0.0141,0.0133,0.0132,0.013,0.0129,26.0,17.0,26.0,12.0,24.0,0.01354,12687491891.2,0.006379999999999999,0.007862,0.47568,11.374938446485308,23.26373258224479,0.0,4.976733742420574
152,24,60.625,0.0,147.0,12687609856.0,763.0,2196.0,2189.0,4679.0,470.0,52160.0,3198.0,5405.0,320.0,12725.0,1953.0,561.0,903.0,87523.0,0.00677,0.0176,0.00313,0.0653,0.00243,0.0225,0.00286,0.0201,0.00702,0.0092,0.00793,0.00268,0.00195,0.0141,0.0,0.0141,0.0141,0.0133,0.0132,0.013,14.0,26.0,17.0,26.0,12.0,0.01376,12686505574.4,0.006548,0.00793,0.48978,11.379668320450541,23.263891752390734,0.0,4.997212273764115
154,17,110.0,0.0,142.0,12690878464.0,798.0,2196.0,2189.0,4679.0,470.0,52160.0,3232.0,5585.0,320.0,13847.0,1953.0,574.0,903.0,88907.0,0.00677,0.0189,0.00313,0.0653,0.00248,0.0225,0.00282,0.0204,0.00702,0.0092,0.00793,0.00273,0.00195,0.0143,0.0,0.0141,0.0141,0.0141,0.0133,0.0132,24.0,14.0,26.0,17.0,26.0,0.013980000000000001,12684468224.0,0.006723999999999999,0.00793,0.50408,11.395357406204658,23.264149341257067,0.0,4.962844630259907
156,21,50.61904761904762,0.0,140.0,12698914816.0,798.0,2196.0,2398.0,4679.0,470.0,54546.0,3186.0,5657.0,320.0,13847.0,2069.0,593.0,903.0,91662.0,0.00705,0.0189,0.00313,0.0653,0.00248,0.0225,0.00267,0.0206,0.00702,0.0092,0.0083,0.00273,0.00203,0.0143,0.0,0.0143,0.0141,0.0141,0.0141,0.0133,17.0,24.0,14.0,26.0,17.0,0.014180000000000002,12689158963.2,0.0068260000000000005,0.008004,0.51838,11.425874087180578,23.264782379279797,0.0,4.948759890378168
158,17,109.0,0.0,140.0,12694896640.0,798.0,2367.0,2477.0,4679.0,470.0,54546.0,3141.0,5728.0,309.0,13847.0,2069.0,593.0,903.0,91926.0,0.00705,0.0189,0.00313,0.0653,0.00248,0.0232,0.00283,0.0209,0.00741,0.0103,0.0083,0.00273,0.00215,0.0146,0.0,0.0143,0.0143,0.0141,0.0141,0.0141,21.0,17.0,24.0,14.0,26.0,0.014279999999999998,12691578060.8,0.006882000000000001,0.008077999999999998,0.5329799999999999,11.428750062799807,23.264465910360574,0.0,4.948759890378168
160,19,109.0,0.0,142.0,12696031232.0,798.0,2510.0,2477.0,4679.0,470.0,58006.0,3096.0,5800.0,334.0,13847.0,2069.0,634.0,932.0,95652.0,0.00705,0.0189,0.00338,0.0653,0.00248,0.024,0.00279,0.0211,0.00741,0.0103,0.00804,0.00267,0.00215,0.0146,0.0,0.0146,0.0143,0.0143,0.0141,0.0141,17.0,21.0,17.0,24.0,14.0,0.014379999999999999,12693666201.6,0.006938,0.0081,0.5475799999999998,11.468482338725737,23.264555280233655,0.0,4.962844630259907
162,19,109.0,0.0,144.0,12699099136.0,798.0,2510.0,2477.0,4679.0,470.0,58006.0,3050.0,5871.0,344.0,13847.0,2069.0,634.0,932.0,95688.0,0.00724,0.0189,0.00338,0.068,0.00248,0.0231,0.00275,0.0214,0.00796,0.0103,0.00894,0.00269,0.00215,0.0149,0.0,0.0146,0.0146,0.0143,0.0143,0.0141,19.0,17.0,21.0,17.0,24.0,0.01454,12695964057.6,0.007031999999999999,0.008302,0.5624799999999999,11.468858628305911,23.264796893800526,0.0,4.976733742420574
164,23,109.0,0.0,147.0,12697006080.0,798.0,2510.0,2477.0,4679.0,470.0,58006.0,3005.0,5943.0,344.0,13847.0,2069.0,634.0,932.0,95714.0,0.00724,0.0189,0.00338,0.0658,0.00244,0.0262,0.00271,0.0216,0.00796,0.0103,0.00894,0.00277,0.00215,0.015,0.0,0.0149,0.0146,0.0146,0.0143,0.0143,19.0,19.0,17.0,21.0,17.0,0.014680000000000002,12697189580.8,0.007125999999999999,0.008504000000000001,0.5774799999999999,11.469130304970557,23.264632060965983,0.0,4.997212273764115
166,15,19.666666666666668,0.0,149.0,12698013696.0,798.0,2510.0,2477.0,5112.0,470.0,58006.0,3056.0,6014.0,344.0,14626.0,2177.0,634.0,932.0,97157.0,0.00724,0.0189,0.00347,0.0737,0.00246,0.0262,0.00267,0.0219,0.00796,0.0103,0.00894,0.00277,0.00215,0.0157,0.0,0.015,0.0149,0.0146,0.0146,0.0143,23.0,19.0,19.0,17.0,21.0,0.014960000000000001,12697009356.8,0.007163999999999999,0.008631999999999999,0.5931799999999999,11.484093798301526,23.264711416367895,0.0,5.0106352940962555
168,22,108.0,0.0,149.0,12698349568.0,850.0,2510.0,2477.0,5269.0,478.0,58006.0,3009.0,6086.0,344.0,15464.0,2251.0,634.0,975.0,98355.0,0.00724,0.0194,0.00358,0.0737,0.00259,0.0262,0.00263,0.0222,0.00796,0.0103,0.00894,0.00277,0.00225,0.0158,0.0,0.0157,0.015,0.0149,0.0146,0.0146,15.0,23.0,19.0,19.0,17.0,0.0152,12697699942.4,0.007202,0.00876,0.60898,11.496348828565427,23.2647378667692,0.0,5.0106352940962555
170,26,108.0,0.0,144.0,12696977408.0,870.0,2619.0,2477.0,5449.0,485.0,59896.0,2962.0,5816.0,344.0,15464.0,2251.0,634.0,975.0,100243.0,0.00724,0.0204,0.00358,0.0737,0.00259,0.0262,0.00259,0.0224,0.00796,0.0106,0.00894,0.00281,0.00233,0.0159,0.0,0.0158,0.0157,0.015,0.0149,0.0146,22.0,15.0,23.0,19.0,19.0,0.015459999999999998,12697889177.6,0.00724,0.00894,0.62488,11.515362493003646,23.26462980279329,0.0,4.976733742420574
172,18,108.0,0.0,142.0,12693549056.0,900.0,2619.0,2565.0,5449.0,485.0,61697.0,2915.0,5816.0,344.0,15464.0,2251.0,677.0,992.0,102175.0,0.00723,0.0204,0.00358,0.0769,0.00259,0.0262,0.00255,0.0227,0.00796,0.011,0.00932,0.00281,0.00233,0.0163,0.0,0.0159,0.0158,0.0157,0.015,0.0149,26.0,22.0,15.0,23.0,19.0,0.015739999999999997,12696779161.6,0.007238,0.009016,0.64118,11.534452095514508,23.264359753093817,0.0,4.962844630259907
174,11,0.0,0.0,142.0,12697366528.0,900.0,2619.0,2664.0,5449.0,485.0,61697.0,2868.0,6534.0,344.0,15464.0,2251.0,698.0,1026.0,102999.0,0.00718,0.0204,0.00358,0.0769,0.00259,0.0275,0.00257,0.0229,0.00839,0.0106,0.00932,0.00281,0.00233,0.0164,0.0,0.0163,0.0159,0.0158,0.0157,0.015,18.0,26.0,22.0,15.0,23.0,0.01602,12696851251.2,0.007226000000000001,0.009092,0.6575799999999999,11.542484267211773,23.264660448987655,0.0,4.962844630259907
176,23,44.391304347826086,0.0,142.0,12691062784.0,900.0,2619.0,2664.0,5449.0,485.0,65350.0,2845.0,6608.0,334.0,15464.0,2251.0,698.0,1026.0,106693.0,0.00765,0.0204,0.00378,0.0769,0.00259,0.0288,0.00253,0.0231,0.00814,0.0117,0.00932,0.00281,0.00233,0.0167,0.0,0.0164,0.0163,0.0159,0.0158,0.0157,11.0,18.0,26.0,22.0,15.0,0.016220000000000002,12695461068.8,0.007308,0.009168,0.67428,11.577720203281377,23.264163864968882,0.0,4.962844630259907
178,21,106.0,0.0,142.0,12692377600.0,900.0,2735.0,2664.0,5449.0,485.0,65350.0,2798.0,6682.0,359.0,15464.0,2311.0,698.0,1026.0,106921.0,0.00765,0.0204,0.00378,0.08,0.00259,0.0288,0.00249,0.0234,0.00809,0.0117,0.00903,0.00281,0.00233,0.0169,0.0,0.0167,0.0164,0.0163,0.0159,0.0158,23.0,11.0,18.0,26.0,22.0,0.01644,12694266675.2,0.007389999999999999,0.009186,0.69118,11.579854875652169,23.26426746132786,0.0,4.962844630259907
180,19,106.0,0.0,145.0,12690706432.0,900.0,2848.0,2664.0,5449.0,488.0,65350.0,2751.0,6757.0,371.0,15464.0,2311.0,698.0,1026.0,107077.0,0.00765,0.0204,0.00378,0.08,0.00259,0.0288,0.00245,0.0236,0.00922,0.0117,0.00897,0.00283,0.00233,0.017,0.0,0.0169,0.0167,0.0164,0.0163,0.0159,21.0,23.0,11.0,18.0,26.0,0.01666,12693012480.0,0.0074719999999999995,0.009192,0.70818,11.581312819835654,23.26413578560239,0.0,4.983606621708336
182,17,194.05882352941177,0.0,149.0,12693676032.0,900.0,2848.0,2790.0,5449.0,488.0,65350.0,2704.0,6831.0,371.0,16391.0,2359.0,698.0,1026.0,108205.0,0.00765,0.0204,0.00378,0.08,0.00251,0.0288,0.00241,0.0239,0.00922,0.0117,0.00985,0.00283,0.00233,0.0171,0.0,0.017,0.0169,0.0167,0.0164,0.0163,19.0,21.0,23.0,11.0,18.0,0.01682,12693037875.2,0.007556,0.009298,0.72528,11.591792096722129,23.264369756235126,0.0,5.0106352940962555
184,29,264.86206896551727,0.0,141.0,12695224320.0,900.0,2848.0,2790.0,5261.0,496.0,65350.0,2656.0,6905.0,371.0,17196.0,2432.0,698.0,1065.0,108969.0,0.00777,0.0208,0.00397,0.08,0.00253,0.0288,0.00218,0.0242,0.00922,0.0117,0.00985,0.00286,0.00245,0.0172,0.0,0.0171,0.017,0.0169,0.0167,0.0164,17.0,19.0,21.0,23.0,11.0,0.016980000000000002,12692609433.6,0.007674,0.009404,0.74248,11.598827893970931,23.264491721974508,0.0,4.955827057601261
186,23,110.0,0.0,141.0,12696485888.0,946.0,2848.0,2881.0,6067.0,496.0,68244.0,2609.0,6979.0,371.0,17196.0,2432.0,698.0,1065.0,112833.0,0.00799,0.0213,0.00397,0.0833,0.0027,0.0298,0.00231,0.0244,0.00922,0.0121,0.0102,0.00286,0.00258,0.0177,0.0,0.0172,0.0171,0.017,0.0169,0.0167,29.0,17.0,19.0,21.0,23.0,0.01718,12693694054.4,0.007742000000000001,0.00958,0.7601800000000001,11.6336729910684,23.264591090468446,0.0,4.955827057601261
188,14,110.0,0.0,141.0,12694544384.0,946.0,2848.0,2881.0,6067.0,496.0,68244.0,2562.0,7053.0,371.0,17196.0,2432.0,733.0,1065.0,112895.0,0.00799,0.0219,0.00397,0.0833,0.0027,0.0298,0.00227,0.0247,0.00922,0.0126,0.0102,0.00286,0.00258,0.0178,0.0,0.0177,0.0172,0.0171,0.017,0.0169,23.0,29.0,17.0,19.0,21.0,0.01736,12694127411.2,0.00781,0.009814,0.7779800000000001,11.634222319926408,23.26443816213251,0.0,4.955827057601261
190,20,30.85,0.0,141.0,12694781952.0,997.0,2988.0,2881.0,6067.0,496.0,71733.0,2515.0,6780.0,371.0,17196.0,2432.0,771.0,1106.0,116332.0,0.00799,0.0219,0.00397,0.0856,0.0027,0.0306,0.00223,0.0249,0.00955,0.0126,0.0102,0.00286,0.00258,0.0182,0.0,0.0178,0.0177,0.0172,0.0171,0.017,14.0,23.0,29.0,17.0,19.0,0.0176,12694942515.2,0.007878,0.010060000000000001,0.7961800000000001,11.664212047182836,23.264456876138297,0.0,4.955827057601261
192,18,109.0,0.0,141.0,12693184512.0,997.0,2988.0,2881.0,6067.0,496.0,71733.0,2403.0,7296.0,371.0,17196.0,2432.0,771.0,1106.0,116736.0,0.00799,0.0219,0.00384,0.0856,0.0027,0.0309,0.00219,0.0252,0.00955,0.0126,0.0102,0.00286,0.00258,0.0182,0.0,0.0182,0.0178,0.0177,0.0172,0.0171,20.0,14.0,23.0,29.0,17.0,0.01782,12694844211.2,0.007946,0.01013,0.8143800000000001,11.667678820294977,23.26433103384177,0.0,4.955827057601261
194,19,23.73684210526316,0.0,144.0,12694343680.0,997.0,2988.0,2881.0,6067.0,496.0,71733.0,2357.0,7371.0,359.0,17196.0,2557.0,771.0,1106.0,116877.0,0.00799,0.0219,0.00428,0.0856,0.0027,0.0319,0.00215,0.0255,0.00955,0.0126,0.0105,0.00289,0.00258,0.0184,0.0,0.0182,0.0182,0.0178,0.0177,0.0172,18.0,20.0,14.0,23.0,29.0,0.01806,12694668083.2,0.00799,0.01026,0.8327800000000001,11.668885934710756,23.264422351751254,0.0,4.976733742420574
196,25,108.0,0.0,147.0,12692742144.0,997.0,2988.0,3016.0,6067.0,480.0,71733.0,2311.0,7446.0,365.0,17935.0,2557.0,771.0,1106.0,117770.0,0.00796,0.0219,0.00428,0.0879,0.00269,0.0319,0.00211,0.0258,0.00955,0.013,0.0105,0.00289,0.00258,0.0186,0.0,0.0184,0.0182,0.0182,0.0178,0.0177,19.0,18.0,20.0,14.0,23.0,0.01824,12693919334.4,0.007984000000000002,0.01032,0.85138,11.676497339926318,23.264296182405698,0.0,4.997212273764115
198,24,38.458333333333336,0.0,149.0,12688740352.0,997.0,2882.0,2923.0,6249.0,512.0,71733.0,2265.0,7521.0,400.0,18635.0,2557.0,771.0,1106.0,118552.0,0.00796,0.0219,0.00428,0.0906,0.00278,0.0319,0.00207,0.026,0.00921,0.013,0.0109,0.00289,0.00258,0.0189,0.0,0.0186,0.0184,0.0182,0.0182,0.0178,25.0,19.0,18.0,20.0,14.0,0.01846,12692758528.0,0.007978,0.01046,0.87028,11.683115396951518,23.26398085078285,0.0,5.0106352940962555
200,0,0.0,0.0,143.0,12687798272.0,997.0,3172.0,2903.0,6525.0,512.0,74643.0,2219.0,7596.0,400.0,18635.0,2668.0,771.0,1176.0,122218.0,0.00796,0.0228,0.00445,0.0906,0.00278,0.0333,0.00198,0.0263,0.0105,0.0137,0.0109,0.00293,0.00269,0.0192,0.0,0.0189,0.0186,0.0184,0.0182,0.0182,24.0,25.0,19.0,18.0,20.0,0.01866,12691361792.0,0.007972000000000002,0.0106,0.88948,11.713569796448489,23.26390660267405,0.0,4.969813299576001
202,0,0.0,0.0,142.0,12687679488.0,997.0,3172.0,3262.0,6738.0,521.0,74643.0,2173.0,7671.0,400.0,18635.0,2668.0,771.0,1176.0,122828.0,0.00819,0.0228,0.00445,0.0932,0.00269,0.0333,0.00195,0.0266,0.0108,0.0137,0.0109,0.00293,0.00269,0.0195,0.0,0.0192,0.0189,0.0186,0.0184,0.0182,0.0,24.0,25.0,19.0,18.0,0.01892,12690260787.2,0.008012,0.01074,0.90898,11.71854842316645,23.263897240564607,0.0,4.962844630259907
204,0,0.0,0.0,142.0,12696403968.0,1020.0,3259.0,3262.0,6738.0,521.0,74643.0,2127.0,7746.0,400.0,18635.0,2668.0,744.0,1212.0,122977.0,0.00819,0.0234,0.00445,0.0932,0.00267,0.0333,0.00191,0.0268,0.0108,0.0137,0.0109,0.00288,0.00259,0.0196,0.0,0.0195,0.0192,0.0189,0.0186,0.0184,0.0,0.0,24.0,25.0,19.0,0.01916,12690672844.8,0.008052,0.01082,0.92858,11.71976075656826,23.2645846382686,0.0,4.962844630259907
206,0,0.0,0.0,144.0,12698337280.0,1077.0,3382.0,3262.0,6738.0,521.0,72052.0,2081.0,7822.0,413.0,18635.0,2668.0,821.0,1212.0,120684.0,0.00819,0.0242,0.00445,0.0932,0.00283,0.0333,0.00187,0.0271,0.0108,0.0137,0.0109,0.00298,0.00276,0.0197,0.0,0.0196,0.0195,0.0192,0.0189,0.0186,0.0,0.0,0.0,24.0,25.0,0.019379999999999998,12691791872.0,0.008098,0.0109,0.94828,11.7009391243007,23.264736899083918,0.0,4.976733742420574
208,0,0.0,0.0,144.0,12699160576.0,1077.0,3382.0,3262.0,6738.0,521.0,75408.0,2035.0,7512.0,413.0,19592.0,2668.0,821.0,1212.0,124642.0,0.00819,0.0242,0.00444,0.0932,0.00283,0.0333,0.00183,0.0274,0.0108,0.0137,0.011,0.00298,0.00276,0.0197,0.0,0.0197,0.0196,0.0195,0.0192,0.0189,0.0,0.0,0.0,0.0,24.0,0.01954,12693875916.8,0.008143999999999998,0.010920000000000001,0.9679800000000001,11.733208930134554,23.26480173192729,0.0,4.976733742420574
210,0,0.0,0.0,144.0,12701519872.0,1077.0,3382.0,3361.0,6738.0,521.0,78191.0,1989.0,7914.0,413.0,19592.0,2651.0,821.0,1212.0,127863.0,0.00819,0.0242,0.00444,0.0932,0.00283,0.0342,0.00179,0.0276,0.0108,0.0137,0.0112,0.00298,0.00276,0.0198,0.0,0.0197,0.0197,0.0196,0.0195,0.0192,0.0,0.0,0.0,0.0,0.0,0.01966,12696620236.8,0.00819,0.01098,0.9877800000000001,11.75872247804849,23.26498749828984,0.0,4.976733742420574
212,0,0.0,0.0,144.0,12701761536.0,1077.0,3382.0,3384.0,6738.0,519.0,78191.0,1943.0,7989.0,413.0,18985.0,2651.0,821.0,1177.0,127269.0,0.00806,0.0242,0.0047,0.0939,0.00283,0.0342,0.00174,0.0266,0.0108,0.0135,0.0116,0.00298,0.00276,0.0198,0.0,0.0198,0.0197,0.0197,0.0196,0.0195,0.0,0.0,0.0,0.0,0.0,0.019719999999999998,12699436646.4,0.008164,0.01112,1.0075800000000001,11.754066092986093,23.265006524493277,0.0,4.976733742420574
214,0,0.0,0.0,148.0,12699832320.0,1077.0,3382.0,3487.0,6470.0,519.0,78191.0,1897.0,8063.0,399.0,19017.0,2786.0,821.0,1236.0,127344.0,0.00833,0.0232,0.0047,0.0939,0.00289,0.0342,0.0017,0.0267,0.0108,0.0135,0.0116,0.00298,0.00276,0.0198,0.0,0.0198,0.0198,0.0197,0.0197,0.0196,0.0,0.0,0.0,0.0,0.0,0.01976,12700122316.8,0.008192,0.011260000000000001,1.0273800000000002,11.754655217760117,23.26485462725293,0.0,5.003946305945459
216,0,0.0,0.0,145.0,12702035968.0,1077.0,3276.0,3487.0,6470.0,534.0,78191.0,1851.0,8138.0,402.0,19017.0,2786.0,821.0,1236.0,127286.0,0.00833,0.0232,0.0047,0.0939,0.00289,0.0342,0.00166,0.027,0.0104,0.0142,0.0116,0.00288,0.00286,0.0198,0.0,0.0198,0.0198,0.0198,0.0197,0.0197,0.0,0.0,0.0,0.0,0.0,0.019780000000000002,12700862054.4,0.00822,0.011399999999999999,1.0471800000000002,11.75419965835672,23.265028130081962,0.0,4.983606621708336
218,0,0.0,0.0,144.0,12703293440.0,1077.0,3206.0,3372.0,6661.0,534.0,78191.0,1806.0,8212.0,402.0,19017.0,2786.0,858.0,1236.0,127358.0,0.00833,0.0232,0.0047,0.0939,0.00289,0.0342,0.00163,0.0272,0.011,0.0142,0.0116,0.00294,0.00286,0.0199,0.0,0.0198,0.0198,0.0198,0.0198,0.0197,0.0,0.0,0.0,0.0,0.0,0.01982,12701688627.2,0.008248,0.011519999999999999,1.0670800000000003,11.754765149288591,23.265127122854757,0.0,4.976733742420574
220,0,0.0,0.0,140.0,12703170560.0,1077.0,3206.0,3274.0,6901.0,534.0,78191.0,1760.0,8287.0,416.0,19017.0,2786.0,858.0,1236.0,127541.0,0.00833,0.0232,0.00453,0.0939,0.00289,0.0342,0.00159,0.0275,0.011,0.0142,0.0116,0.00294,0.00286,0.0199,0.0,0.0199,0.0198,0.0198,0.0198,0.0198,0.0,0.0,0.0,0.0,0.0,0.019840000000000003,12702018764.8,0.008276,0.0116,1.0869800000000003,11.75620100110118,23.265117449725903,0.0,4.948759890378168
222,0,0.0,0.0,142.0,12696657920.0,1018.0,3206.0,3274.0,6901.0,534.0,82035.0,1714.0,8361.0,416.0,19017.0,2786.0,813.0,1236.0,131310.0,0.00811,0.0242,0.00453,0.0939,0.00279,0.0342,0.00155,0.0277,0.011,0.0142,0.0112,0.00289,0.00286,0.0199,0.0,0.0199,0.0199,0.0198,0.0198,0.0198,0.0,0.0,0.0,0.0,0.0,0.019860000000000003,12700998041.6,0.008286,0.011519999999999999,1.1068800000000003,11.78532383439027,23.264604639952616,0.0,4.962844630259907
224,0,0.0,0.0,144.0,12692307968.0,1081.0,3324.0,3274.0,6901.0,522.0,77297.0,1683.0,8436.0,416.0,19844.0,2786.0,813.0,1236.0,127612.0,0.00811,0.0242,0.00453,0.0939,0.00282,0.0342,0.00151,0.028,0.011,0.0142,0.011,0.00299,0.00276,0.0199,0.0,0.0199,0.0199,0.0199,0.0198,0.0198,0.0,0.0,0.0,0.0,0.0,0.019880000000000002,12699493171.2,0.008242,0.0114,1.1267800000000003,11.756757525581065,23.264261975185455,0.0,4.976733742420574
226,0,0.0,0.0,144.0,12694929408.0,1081.0,3324.0,3274.0,6901.0,522.0,77297.0,1636.0,8511.0,416.0,19027.0,2688.0,813.0,1188.0,126678.0,0.00811,0.0242,0.00453,0.0967,0.00282,0.0341,0.0015,0.027,0.011,0.0142,0.011,0.00299,0.0027,0.0201,0.0,0.0199,0.0199,0.0199,0.0199,0.0198,0.0,0.0,0.0,0.0,0.0,0.01994,12698071859.2,0.008198,0.011279999999999998,1.1468800000000003,11.749411606715514,23.26446849155195,0.0,4.976733742420574
228,0,0.0,0.0,148.0,12693237760.0,1081.0,3324.0,3274.0,6901.0,522.0,77297.0,1590.0,8329.0,416.0,19027.0,2628.0,813.0,1188.0,126390.0,0.00811,0.0242,0.00453,0.0963,0.00287,0.0343,0.00146,0.0273,0.0105,0.0137,0.0114,0.00299,0.00284,0.02,0.0,0.0201,0.0199,0.0199,0.0199,0.0199,0.0,0.0,0.0,0.0,0.0,0.01996,12696060723.2,0.008153999999999998,0.011239999999999998,1.1668800000000004,11.747135555628228,23.26433522884014,0.0,5.003946305945459
230,0,0.0,0.0,145.0,12694528000.0,1081.0,3324.0,3375.0,6687.0,522.0,77297.0,1544.0,8402.0,416.0,19027.0,2689.0,851.0,1188.0,126403.0,0.00822,0.0235,0.00465,0.0957,0.00287,0.0343,0.00142,0.0275,0.0105,0.0136,0.0114,0.00295,0.00284,0.02,0.0,0.02,0.0201,0.0199,0.0199,0.0199,0.0,0.0,0.0,0.0,0.0,0.01998,12694332211.2,0.008132,0.0112,1.1868800000000004,11.747238405763804,23.26443687149851,0.0,4.983606621708336
232,0,0.0,0.0,145.0,12695568384.0,1081.0,3182.0,3477.0,6641.0,522.0,77297.0,1497.0,8474.0,432.0,19027.0,2708.0,851.0,1234.0,126424.0,0.00828,0.0229,0.0045,0.0927,0.00287,0.0343,0.00138,0.0277,0.0105,0.0138,0.0114,0.00295,0.00284,0.0197,0.0,0.02,0.02,0.0201,0.0199,0.0199,0.0,0.0,0.0,0.0,0.0,0.01994,12694114304.0,0.008166,0.01124,1.2065800000000004,11.747404525948184,23.26451882345212,0.0,4.983606621708336
234,0,0.0,0.0,145.0,12700676096.0,1081.0,3365.0,3324.0,6455.0,533.0,81421.0,1451.0,8546.0,417.0,19027.0,2793.0,851.0,1234.0,130499.0,0.00854,0.0229,0.00464,0.0927,0.00287,0.0343,0.00134,0.028,0.0108,0.0138,0.0114,0.00295,0.00284,0.0198,0.0,0.0197,0.02,0.02,0.0201,0.0199,0.0,0.0,0.0,0.0,0.0,0.01992,12695787929.6,0.008251999999999999,0.01132,1.2263800000000005,11.779128505744886,23.264921064978225,0.0,4.983606621708336
236,0,0.0,0.0,140.0,12703764480.0,1081.0,3365.0,3324.0,6455.0,533.0,81421.0,1405.0,8619.0,414.0,20121.0,2793.0,851.0,1234.0,131616.0,0.00854,0.024,0.00464,0.0927,0.00287,0.0343,0.00134,0.0271,0.0112,0.0138,0.011,0.00295,0.00284,0.0198,0.0,0.0198,0.0197,0.02,0.02,0.0201,0.0,0.0,0.0,0.0,0.0,0.01986,12697554944.0,0.008338000000000002,0.01132,1.2461800000000005,11.78765146886173,23.265164202315237,0.0,4.948759890378168
238,0,0.0,0.0,140.0,12706512896.0,1081.0,3365.0,3324.0,6849.0,524.0,81421.0,1358.0,8691.0,414.0,20121.0,2793.0,807.0,1234.0,131983.0,0.00819,0.024,0.00464,0.0927,0.00281,0.0343,0.0013,0.0273,0.0112,0.0138,0.0113,0.00295,0.00284,0.0198,0.0,0.0198,0.0198,0.0197,0.02,0.02,0.0,0.0,0.0,0.0,0.0,0.01982,12700209971.2,0.008354,0.011300000000000001,1.2659800000000005,11.790435982100513,23.2653805254958,0.0,4.948759890378168
240,-1662,0.0,0.0,143.0,12706820096.0,1021.0,3365.0,3324.0,6849.0,524.0,78924.0,1414.0,8763.0,414.0,20121.0,2690.0,807.0,1234.0,129449.0,0.00819,0.024,0.00464,0.0927,0.00281,0.0343,0.00126,0.0276,0.0112,0.0138,0.0113,0.00298,0.00284,0.0198,0.0,0.0198,0.0198,0.0198,0.0197,0.02,0.0,0.0,0.0,0.0,0.0,0.01978,12702668390.4,0.008348,0.01128,1.2857800000000006,11.771049985179683,23.265404701781538,0.0,4.969813299576001
242,17,81.88235294117646,0.0,146.0,12712333312.0,1067.0,3252.0,3324.0,6849.0,524.0,78381.0,1364.0,8622.0,414.0,18998.0,2690.0,807.0,1195.0,127487.0,0.00819,0.024,0.00449,0.0973,0.00287,0.0343,0.00122,0.0278,0.0112,0.0138,0.0113,0.00298,0.00284,0.0202,0.0,0.0198,0.0198,0.0198,0.0198,0.0197,-1662.0,0.0,0.0,0.0,0.0,0.019880000000000002,12706021376.0,0.00833,0.011260000000000001,1.3059800000000006,11.755777521504216,23.265838486180062,0.0,4.990432586778736
244,21,179.71428571428572,0.0,146.0,12696412160.0,1067.0,3252.0,3324.0,6849.0,524.0,76561.0,1314.0,8693.0,414.0,18998.0,2690.0,848.0,1176.0,125710.0,0.00819,0.024,0.00449,0.0973,0.00287,0.0327,0.00118,0.028,0.0107,0.0145,0.0113,0.00298,0.00278,0.0201,0.0,0.0202,0.0198,0.0198,0.0198,0.0198,17.0,-1662.0,0.0,0.0,0.0,0.019940000000000003,12705168588.8,0.00826,0.01124,1.3260800000000006,11.741740900693879,23.26458528349046,0.0,4.990432586778736
246,22,68.13636363636364,0.0,142.0,12675579904.0,1067.0,3252.0,3502.0,6849.0,524.0,76561.0,1264.0,8763.0,414.0,18998.0,2690.0,848.0,1226.0,125959.0,0.00819,0.024,0.00449,0.0938,0.00287,0.0344,0.000943,0.0283,0.0107,0.0145,0.0113,0.00296,0.00278,0.0199,0.0,0.0201,0.0202,0.0198,0.0198,0.0198,21.0,17.0,-1662.0,0.0,0.0,0.01996,12699531673.6,0.00819,0.0113,1.3459800000000006,11.743719675214962,23.26294313725084,0.0,4.962844630259907
248,29,107.0,0.0,142.0,12688601088.0,1067.0,3252.0,3502.0,6849.0,524.0,76561.0,1215.0,8834.0,414.0,18998.0,2690.0,848.0,1226.0,125980.0,0.00819,0.0233,0.00449,0.0938,0.00287,0.0344,0.00113,0.028,0.0107,0.014,0.0113,0.00296,0.00278,0.0198,0.0,0.0199,0.0201,0.0202,0.0198,0.0198,22.0,21.0,17.0,-1662.0,0.0,0.01996,12695949312.0,0.00819,0.0113,1.3657800000000007,11.743886380912317,23.26396987532269,0.0,4.962844630259907
250,35,118.22857142857144,0.0,144.0,12674244608.0,1088.0,3252.0,3387.0,6629.0,524.0,81086.0,1165.0,8904.0,432.0,18998.0,2786.0,848.0,1226.0,130326.0,0.00844,0.0244,0.00465,0.0938,0.00287,0.0344,0.00108,0.0283,0.0107,0.014,0.0115,0.00299,0.00278,0.02,0.0,0.0198,0.0199,0.0201,0.0202,0.0198,29.0,22.0,21.0,17.0,-1662.0,0.02,12689434214.4,0.008239999999999999,0.01134,1.3857800000000007,11.777801955768314,23.262837787724614,0.0,4.976733742420574
252,31,104.7741935483871,0.0,141.0,12674146304.0,1088.0,3413.0,3474.0,6584.0,525.0,81086.0,1115.0,8975.0,417.0,19959.0,2786.0,848.0,1226.0,131496.0,0.00844,0.0244,0.00465,0.0938,0.00287,0.0344,0.00104,0.0285,0.0111,0.014,0.0119,0.00299,0.00278,0.0201,0.0,0.02,0.0198,0.0199,0.0201,0.0202,35.0,29.0,22.0,21.0,17.0,0.01998,12681796812.8,0.00829,0.01146,1.4058800000000007,11.786739316651508,23.262830031492644,0.0,4.955827057601261
254,41,158.5121951219512,0.0,141.0,12673011712.0,1088.0,3546.0,3474.0,7095.0,525.0,81086.0,1065.0,9046.0,430.0,19959.0,2786.0,861.0,1226.0,132188.0,0.00952,0.0244,0.00465,0.0938,0.00294,0.0344,0.001,0.0287,0.0111,0.014,0.0119,0.00299,0.00289,0.0202,0.0,0.0201,0.02,0.0198,0.0199,0.0201,31.0,35.0,29.0,22.0,21.0,0.02,12677116723.2,0.008556,0.01158,1.4260800000000007,11.791987995676083,23.262740507294314,0.0,4.955827057601261
256,49,144.71428571428572,0.0,143.0,12676661248.0,1150.0,3546.0,3474.0,7095.0,522.0,84453.0,1113.0,9116.0,430.0,19959.0,2786.0,861.0,1226.0,135732.0,0.00952,0.0244,0.00465,0.0989,0.00299,0.0344,0.00096,0.0289,0.0111,0.0146,0.0119,0.00299,0.003,0.0207,0.0,0.0202,0.0201,0.02,0.0198,0.0199,41.0,31.0,35.0,29.0,22.0,0.02016,12677332992.0,0.008822,0.0117,1.4467800000000006,11.818444999751646,23.26302844284525,0.0,4.969813299576001
258,46,117.52173913043478,0.0,146.0,12667117568.0,1150.0,3546.0,3474.0,7095.0,552.0,84453.0,1059.0,9187.0,430.0,19959.0,2959.0,861.0,1288.0,136014.0,0.00952,0.0244,0.0045,0.0989,0.00299,0.0344,0.000918,0.0292,0.0117,0.0146,0.0119,0.00299,0.003,0.0207,0.0,0.0207,0.0202,0.0201,0.02,0.0198,49.0,41.0,31.0,35.0,29.0,0.02034,12673036288.0,0.009087999999999999,0.01182,1.4674800000000006,11.820520452753888,23.26227530492374,0.0,4.990432586778736
260,59,123.0,0.0,146.0,12676616192.0,1150.0,3546.0,3474.0,7095.0,552.0,84453.0,1005.0,8871.0,430.0,21455.0,2959.0,898.0,1338.0,137226.0,0.00992,0.0244,0.00506,0.0959,0.00299,0.035,0.000876,0.0307,0.0117,0.0146,0.0119,0.00299,0.003,0.0207,0.0,0.0207,0.0207,0.0202,0.0201,0.02,46.0,49.0,41.0,31.0,35.0,0.020479999999999998,12673510604.8,0.009384,0.0119,1.4881800000000005,11.829391767915634,23.26302488859077,0.0,4.990432586778736
262,49,139.57142857142858,0.0,148.0,12688752640.0,1150.0,3546.0,3657.0,7095.0,552.0,84453.0,951.0,9751.0,430.0,21455.0,3058.0,898.0,1338.0,138334.0,0.00992,0.0244,0.00522,0.0952,0.00299,0.0393,0.000835,0.0309,0.0117,0.0156,0.0119,0.00295,0.003,0.0212,0.0,0.0207,0.0207,0.0207,0.0202,0.0201,59.0,46.0,49.0,41.0,31.0,0.020700000000000003,12676431872.0,0.00968,0.0119,1.5093800000000006,11.837433558664918,23.263981819200023,0.0,5.003946305945459
264,67,132.0597014925373,0.0,148.0,12697251840.0,1150.0,3546.0,3890.0,7095.0,552.0,84453.0,897.0,9825.0,456.0,21455.0,3058.0,898.0,1338.0,138611.0,0.00992,0.0278,0.00522,0.104,0.00299,0.0393,0.000793,0.0312,0.0121,0.0156,0.0115,0.00293,0.003,0.0222,0.0,0.0212,0.0207,0.0207,0.0207,0.0202,49.0,59.0,46.0,49.0,41.0,0.0211,12681279897.6,0.00976,0.01182,1.5315800000000006,11.839433942076681,23.26465141652272,0.0,5.003946305945459
266,79,160.9367088607595,0.0,142.0,12689350656.0,1150.0,3737.0,3890.0,7490.0,552.0,88453.0,843.0,9899.0,456.0,22856.0,3058.0,898.0,1338.0,144618.0,0.00992,0.0287,0.00522,0.104,0.00299,0.0393,0.000813,0.0314,0.0121,0.0156,0.0133,0.00315,0.00328,0.0225,0.0,0.0222,0.0212,0.0207,0.0207,0.0207,67.0,49.0,59.0,46.0,49.0,0.02146,12683817779.2,0.009839999999999998,0.0121,1.5540800000000006,11.8818579770321,23.264028947702347,0.0,4.962844630259907
268,72,165.66666666666666,0.0,142.0,12699840512.0,1111.0,4188.0,3890.0,7490.0,552.0,88453.0,789.0,9972.0,456.0,22856.0,3058.0,898.0,1338.0,145051.0,0.00992,0.0287,0.00522,0.104,0.00298,0.0393,0.000771,0.0316,0.0121,0.0164,0.0139,0.00315,0.0034,0.0226,0.0,0.0225,0.0222,0.0212,0.0207,0.0207,79.0,67.0,49.0,59.0,46.0,0.02184,12690362368.0,0.00992,0.0125,1.5766800000000005,11.884847577803336,23.264855272300608,0.0,4.962844630259907
270,75,200.24,0.0,142.0,12708081664.0,1334.0,4188.0,3890.0,8326.0,581.0,102667.0,735.0,10046.0,456.0,22856.0,3058.0,869.0,1338.0,160344.0,0.00961,0.0287,0.00522,0.109,0.00324,0.0393,0.000729,0.0319,0.0121,0.0164,0.0139,0.00315,0.0034,0.023,0.0,0.0226,0.0225,0.0222,0.0212,0.0207,72.0,79.0,67.0,49.0,59.0,0.0223,12696655462.4,0.009858,0.0129,1.5996800000000004,11.985083022845304,23.265503979599952,0.0,4.962844630259907
272,64,189.6875,0.0,142.0,12708478976.0,1334.0,4188.0,3890.0,8326.0,581.0,102667.0,,10120.0,456.0,22856.0,3227.0,1079.0,1338.0,160063.0,0.00955,0.0287,0.00522,0.109,0.00324,0.0393,0.000686,0.0321,0.0121,0.0164,0.0139,0.00315,0.0034,0.023,0.0,0.023,0.0226,0.0225,0.0222,0.0212,75.0,72.0,79.0,67.0,49.0,0.022659999999999996,12700600729.6,0.009784,0.013299999999999998,1.6226800000000003,11.983329014237292,23.265535243625454,0.0,4.962844630259907
274,92,257.5217391304348,0.0,145.0,12716756992.0,1413.0,4188.0,3890.0,8326.0,581.0,102667.0,,11009.0,494.0,22856.0,3227.0,1087.0,1413.0,161151.0,0.0111,0.0287,0.00522,0.109,0.00324,0.0405,0.000644,0.0353,0.0125,0.0164,0.0139,0.00315,0.0034,0.0236,0.0,0.023,0.023,0.0226,0.0225,0.0222,64.0,75.0,72.0,79.0,67.0,0.02294,12704501760.0,0.010020000000000001,0.01378,1.6462800000000004,11.990103297963964,23.266186408971745,0.0,4.983606621708336
276,93,219.16129032258064,27.8,145.0,12715114496.0,1413.0,4188.0,3890.0,8326.0,581.0,102667.0,,11088.0,494.0,22079.0,3113.0,1123.0,1654.0,160617.0,0.0115,0.0287,0.00505,0.109,0.00324,0.0463,,0.0356,0.0143,0.0184,0.0139,0.00315,0.0034,0.0243,0.0,0.0236,0.023,0.023,0.0226,0.0225,92.0,64.0,75.0,72.0,79.0,0.023299999999999998,12709654528.0,0.010336000000000001,0.0139,1.6705800000000004,11.986784153915458,23.26605724065608,3.3603753871419,4.983606621708336
278,90,337.0,27.8,139.0,12712419328.0,1413.0,4188.0,4663.0,8326.0,581.0,102667.0,,11168.0,511.0,28194.0,3872.0,1123.0,1654.0,168361.0,0.0115,0.0287,0.00516,0.106,0.00324,0.0463,,0.0358,0.0143,0.0184,0.0139,0.00327,0.0034,0.0241,0.0,0.0243,0.0236,0.023,0.023,0.0226,93.0,92.0,64.0,75.0,72.0,0.0236,12712170291.2,0.010652,0.0139,1.6946800000000004,12.033871702120196,23.265845252499577,3.3603753871419,4.941642422609304
280,91,315.4725274725275,55.6,143.0,12715241472.0,1587.0,4424.0,4663.0,8326.0,610.0,107014.0,,11248.0,511.0,28194.0,3872.0,1123.0,1654.0,173226.0,0.0115,0.0334,0.0065,0.105,0.00344,0.0463,,0.0361,0.0143,0.0184,0.0162,0.00335,0.0034,0.0248,0.0,0.0241,0.0243,0.0236,0.023,0.023,90.0,93.0,92.0,64.0,75.0,0.02396,12713602252.8,0.01103,0.014360000000000001,1.7194800000000003,12.062358152106517,23.26606722683167,4.036008985209137,4.969813299576001
282,110,223.79090909090908,56.6,143.0,12671201280.0,1587.0,4424.0,4663.0,8720.0,610.0,107014.0,,11327.0,511.0,28194.0,3872.0,1123.0,1654.0,173700.0,0.0115,0.0353,0.0065,0.114,0.00344,0.0463,,0.0364,0.0143,0.0191,0.0167,0.00335,0.00395,0.0259,0.0,0.0248,0.0241,0.0243,0.0236,0.023,91.0,90.0,93.0,92.0,64.0,0.02454,12706146713.6,0.01142,0.01492,1.7453800000000004,12.065090709265014,23.262597639807876,4.053522567701846,4.969813299576001
284,112,361.875,57.9,143.0,12668141568.0,1587.0,5250.0,4663.0,8720.0,625.0,107014.0,,12296.0,511.0,29741.0,3872.0,1123.0,1654.0,177056.0,0.0115,0.0353,0.0065,0.12,0.00344,0.0463,,0.0366,0.0151,0.0191,0.0167,0.00335,0.00395,0.0265,0.0,0.0259,0.0248,0.0241,0.0243,0.0236,110.0,91.0,90.0,93.0,92.0,0.025119999999999996,12696423628.8,0.0115,0.015479999999999999,1.7718800000000003,12.084226993612486,23.262356140884012,4.075841090657541,4.969813299576001
286,110,299.9727272727273,57.9,145.0,12677001216.0,1587.0,5250.0,4663.0,8720.0,625.0,107014.0,,12382.0,511.0,29741.0,3872.0,1123.0,1654.0,177142.0,0.0119,0.0353,0.0065,0.12,0.00354,0.0463,,0.0369,0.0151,0.0191,0.0167,0.00335,0.00406,0.0266,0.0,0.0265,0.0259,0.0248,0.0241,0.0243,112.0,110.0,91.0,90.0,93.0,0.025580000000000002,12688800972.8,0.01158,0.01604,1.7984800000000003,12.084712594977194,23.263055260903627,4.075841090657541,4.983606621708336
288,128,338.140625,57.9,147.0,12688539648.0,1587.0,5250.0,4663.0,9915.0,625.0,103225.0,,12468.0,573.0,29741.0,4038.0,1352.0,1654.0,175090.0,0.0119,0.0353,0.0065,0.12,0.00354,0.0463,,0.0371,0.0151,0.0191,0.0167,0.00335,0.00421,0.0266,0.0,0.0266,0.0265,0.0259,0.0248,0.0241,110.0,112.0,110.0,91.0,90.0,0.02608,12684025036.8,0.01166,0.016599999999999997,1.8250800000000003,12.073061117752502,23.263965033169615,4.075841090657541,4.997212273764115
290,96,381.96875,57.9,147.0,12693708800.0,1587.0,5250.0,4909.0,9915.0,625.0,137615.0,,12554.0,580.0,29741.0,4038.0,1352.0,1887.0,210052.0,0.0119,0.0353,0.0065,0.12,0.00354,0.0463,,0.0435,0.0176,0.0191,0.0167,0.00335,0.00421,0.0273,0.0,0.0266,0.0266,0.0265,0.0259,0.0248,128.0,110.0,112.0,110.0,91.0,0.026580000000000003,12679718502.4,0.01174,0.0167,1.8523800000000004,12.255115158809271,23.264372337674704,4.075841090657541,4.997212273764115
292,120,458.625,59.1,147.0,12704096256.0,1663.0,5250.0,4909.0,9915.0,625.0,146076.0,,12640.0,599.0,29741.0,4038.0,1429.0,1935.0,218819.0,0.0123,0.0396,0.0065,0.12,0.00388,0.057,,0.0438,0.0176,0.0199,0.0167,0.00335,0.00421,0.0287,,0.0273,0.0266,0.0266,0.0265,0.0259,96.0,128.0,110.0,112.0,110.0,0.027139999999999997,12686297497.6,0.0119,0.0167,1.8810800000000003,12.29600475303078,23.2651903183274,4.096009841541162,4.997212273764115
294,140,511.9642857142857,57.4,141.0,12708245504.0,1663.0,5250.0,5904.0,10200.0,625.0,146076.0,,12726.0,599.0,29741.0,3906.0,1429.0,1998.0,220116.0,0.0123,0.0396,0.00782,0.123,0.00388,0.057,,0.0441,0.0176,0.0231,0.0203,0.00355,0.00421,0.0297,,0.0287,0.0273,0.0266,0.0266,0.0265,120.0,96.0,128.0,110.0,112.0,0.02778,12694318284.8,0.012060000000000001,0.017419999999999998,1.9107800000000004,12.301914502151146,23.26551687210003,4.067315889834181,4.955827057601261
296,131,552.2519083969465,56.5,139.0,12660654080.0,2039.0,5511.0,5904.0,10607.0,705.0,146076.0,,13966.0,599.0,28722.0,3879.0,1429.0,1998.0,221436.0,0.0123,0.0396,0.00823,0.123,0.00388,0.057,,0.0444,0.0176,0.0231,0.0203,0.00355,0.00491,0.0298,,0.0297,0.0287,0.0273,0.0266,0.0266,140.0,120.0,96.0,128.0,110.0,0.02842,12691048857.6,0.012140000000000001,0.018139999999999996,1.9405800000000004,12.30789340363181,23.261764917493718,4.051784947803305,4.941642422609304
298,131,672.4885496183206,57.2,142.0,12657537024.0,2039.0,5511.0,5904.0,10607.0,705.0,146076.0,,14070.0,599.0,39860.0,5099.0,1429.0,1998.0,233897.0,0.013,0.041,0.00823,0.13,0.00388,0.057,,0.0447,0.0176,0.0231,0.0203,0.00363,0.00491,0.0306,,0.0298,0.0297,0.0287,0.0273,0.0266,131.0,140.0,120.0,96.0,128.0,0.029220000000000003,12684848332.8,0.01236,0.01886,1.9711800000000004,12.362640401873037,23.261518686947255,4.063885354737392,4.962844630259907
300,144,716.1597222222222,57.2,142.0,12669280256.0,2039.0,6717.0,5904.0,11357.0,708.0,146076.0,,14169.0,599.0,39860.0,5099.0,1429.0,1998.0,235954.0,0.013,0.041,0.00823,0.13,0.00388,0.057,,0.0416,0.0185,0.0231,0.0203,0.00363,0.00491,0.0304,,0.0306,0.0298,0.0297,0.0287,0.0273,131.0,131.0,140.0,120.0,96.0,0.02984,12679962624.0,0.01258,0.01958,2.0015800000000006,12.37139638786029,23.262446022799274,4.063885354737392,4.962844630259907
302,142,631.4577464788732,57.2,142.0,12671901696.0,2039.0,6717.0,5904.0,11357.0,713.0,170189.0,,14268.0,681.0,39860.0,5296.0,1710.0,2292.0,261024.0,0.013,0.0451,0.00823,0.13,0.00397,0.057,,0.0419,0.0185,0.0231,0.0203,0.00363,0.00491,0.0308,,0.0304,0.0306,0.0298,0.0297,0.0287,144.0,131.0,131.0,140.0,120.0,0.03026,12673523712.0,0.01272,0.0203,2.0323800000000007,12.472371467158311,23.262652914491547,4.063885354737392,4.962844630259907
304,141,723.6170212765958,58.1,147.0,12687982592.0,2039.0,6717.0,6063.0,11357.0,735.0,170189.0,,14366.0,681.0,39860.0,5296.0,1710.0,2292.0,261303.0,0.013,0.0451,0.00951,0.13,0.00397,0.0625,,0.0512,0.0185,0.0238,0.0203,0.00363,0.00501,0.0322,,0.0308,0.0304,0.0306,0.0298,0.0297,142.0,144.0,131.0,131.0,140.0,0.03076,12669471129.6,0.01286,0.0203,2.0645800000000007,12.473439759466546,23.263921129911733,4.079230924412053,4.997212273764115
306,154,750.1818181818181,58.3,147.0,12693798912.0,2271.0,6717.0,6105.0,11357.0,735.0,170189.0,,14465.0,681.0,39860.0,5296.0,1710.0,2292.0,261676.0,0.0135,0.0451,0.00951,0.13,0.00397,0.0625,,0.0512,0.0215,0.0239,0.0208,0.00363,0.00504,0.0326,,0.0322,0.0308,0.0304,0.0306,0.0298,141.0,142.0,144.0,131.0,131.0,0.03132,12676100096.0,0.0131,0.020399999999999998,2.0971800000000007,12.474866197762568,23.264379436599185,4.08260930600368,4.997212273764115
308,137,753.956204379562,59.3,143.0,12691038208.0,2374.0,6717.0,7369.0,11357.0,808.0,174237.0,,14564.0,689.0,39860.0,5296.0,1710.0,2292.0,267274.0,0.0135,0.0451,0.00951,0.134,0.0045,0.0625,,0.0512,0.0215,0.0247,0.0214,0.00386,0.0059,0.0331,,0.0326,0.0322,0.0308,0.0304,0.0306,154.0,141.0,142.0,144.0,131.0,0.03182,12682800332.8,0.0132,0.02062,2.130280000000001,12.496033369881701,23.26416192848616,4.09933210373314,4.969813299576001
310,149,696.8322147651006,57.2,145.0,12700024832.0,2374.0,6862.0,7369.0,11357.0,808.0,180468.0,,14663.0,712.0,39860.0,5296.0,1783.0,2393.0,273946.0,0.0142,0.0468,0.00951,0.134,0.0045,0.0655,,0.0512,0.0215,0.0238,0.0253,0.00393,0.0059,0.0338,,0.0331,0.0326,0.0322,0.0308,0.0304,137.0,154.0,141.0,142.0,144.0,0.032499999999999994,12688949248.0,0.013439999999999999,0.02162,2.1640800000000007,12.520689936003151,23.264869785763377,4.063885354737392,4.983606621708336
312,141,581.6099290780141,56.3,141.0,12700266496.0,2374.0,7818.0,7369.0,12298.0,808.0,180468.0,,14241.0,712.0,46725.0,6196.0,1783.0,2393.0,283186.0,0.0142,0.0468,0.00973,0.134,0.00461,0.0655,,0.0512,0.0215,0.0282,0.0253,0.00393,0.0059,0.0342,,0.0338,0.0331,0.0326,0.0322,0.0308,149.0,137.0,154.0,141.0,142.0,0.03318,12694622208.0,0.013680000000000001,0.022619999999999998,2.1982800000000005,12.553862735793281,23.264888814206543,4.048300623720694,4.955827057601261
314,141,548.0070921985815,56.3,141.0,12694069248.0,2374.0,8068.0,7369.0,12840.0,808.0,180468.0,,17177.0,770.0,47663.0,6490.0,1783.0,2393.0,288206.0,0.0142,0.0506,0.0101,0.134,0.00461,0.0655,,0.0512,0.022,0.0282,0.0253,0.00393,0.0059,0.0347,,0.0342,0.0338,0.0331,0.0326,0.0322,141.0,149.0,137.0,154.0,141.0,0.03368,12695839539.2,0.013919999999999998,0.02362,2.2329800000000004,12.571434250941005,23.26440073307026,4.048300623720694,4.955827057601261
316,139,610.0071942446043,57.2,141.0,12704165888.0,2374.0,8068.0,7369.0,12840.0,808.0,180468.0,,17325.0,770.0,49200.0,6490.0,1783.0,2393.0,289892.0,0.0142,0.0506,0.0101,0.135,0.00461,0.0655,,0.0512,0.0227,0.0282,0.0253,0.00393,0.0059,0.0348,,0.0347,0.0342,0.0338,0.0331,0.0326,141.0,141.0,149.0,137.0,154.0,0.03412,12697912934.4,0.01406,0.02452,2.2677800000000006,12.57726716836089,23.26519579937916,4.063885354737392,4.955827057601261
318,148,613.3040540540541,58.1,141.0,12700897280.0,2620.0,8068.0,7369.0,12840.0,808.0,180468.0,,17444.0,770.0,49200.0,6490.0,1723.0,2748.0,290550.0,0.0148,0.0506,0.0114,0.139,0.00461,0.0717,,0.0512,0.0227,0.0282,0.0253,0.00393,0.0059,0.0358,,0.0348,0.0347,0.0342,0.0338,0.0331,139.0,141.0,141.0,149.0,137.0,0.03466,12699884748.8,0.014320000000000003,0.0253,2.3035800000000006,12.579534399245738,23.264938479962463,4.079230924412053,4.955827057601261
320,135,783.8222222222222,58.1,141.0,12707106816.0,2714.0,8068.0,7369.0,12840.0,822.0,220612.0,,17562.0,770.0,49200.0,6490.0,2192.0,2748.0,331389.0,0.0148,0.0525,0.0114,0.139,0.00461,0.0717,,0.0498,0.0227,0.0282,0.0283,0.00411,0.00652,0.0361,,0.0358,0.0348,0.0347,0.0342,0.0338,148.0,139.0,141.0,141.0,149.0,0.03512,12701301145.6,0.01444,0.0259,2.3396800000000004,12.711051208504237,23.265427265787565,4.079230924412053,4.955827057601261
322,142,874.0845070422536,57.0,146.0,12713984000.0,2714.0,8068.0,7594.0,12840.0,822.0,220612.0,,17680.0,770.0,49200.0,6490.0,2292.0,2748.0,331832.0,0.0148,0.0525,0.0114,0.139,0.00507,0.0717,,0.0511,0.0254,0.0303,0.0283,0.00416,0.00652,0.0367,,0.0361,0.0358,0.0348,0.0347,0.0342,135.0,148.0,139.0,141.0,141.0,0.03562,12704044646.4,0.01456,0.026500000000000003,2.3763800000000006,12.712387109297433,23.265968327083243,4.060443010546419,4.990432586778736
324,137,919.1970802919708,57.9,146.0,12714819584.0,2714.0,8068.0,8932.0,12840.0,796.0,220612.0,,17736.0,770.0,49200.0,6490.0,2292.0,2841.0,333293.0,0.0148,0.0525,0.0114,0.142,0.00517,0.072,,0.0636,0.0254,0.0303,0.0292,0.00416,0.00656,0.0381,,0.0367,0.0361,0.0358,0.0348,0.0347,142.0,135.0,148.0,139.0,141.0,0.0363,12708194713.6,0.014680000000000002,0.02728,2.4144800000000006,12.716780262333616,23.26603404657315,4.075841090657541,4.990432586778736
326,123,795.8536585365854,57.1,146.0,12726181888.0,2714.0,8068.0,8932.0,12840.0,919.0,220612.0,,17736.0,864.0,49200.0,7320.0,2292.0,2841.0,334339.0,0.0156,0.0525,0.0114,0.142,0.00517,0.0742,,0.0636,0.0254,0.0305,0.0292,0.00416,0.00676,0.0384,,0.0381,0.0367,0.0361,0.0358,0.0348,137.0,142.0,135.0,148.0,139.0,0.03702,12712597913.6,0.014960000000000001,0.028059999999999995,2.452880000000001,12.719913718256622,23.266927274362715,4.062165663857866,4.990432586778736
328,162,767.0246913580247,57.2,143.0,12728836096.0,2714.0,7816.0,8932.0,12840.0,919.0,227446.0,,19514.0,864.0,55992.0,7557.0,2292.0,2841.0,349727.0,0.0156,0.0525,0.0114,0.142,0.00517,0.0742,,0.0636,0.0254,0.0315,0.0292,0.00416,0.00676,0.0385,,0.0384,0.0381,0.0367,0.0361,0.0358,123.0,137.0,142.0,135.0,148.0,0.037559999999999996,12718185676.8,0.01512,0.028839999999999998,2.491380000000001,12.7649109884764,23.267135815406455,4.063885354737392,4.969813299576001
330,140,701.0857142857143,57.2,142.0,12727922688.0,2714.0,9323.0,8932.0,12667.0,932.0,227446.0,,19939.0,864.0,55992.0,7557.0,2292.0,2841.0,351499.0,0.0156,0.0508,0.0116,0.142,0.00517,0.0742,,0.0636,0.0254,0.0315,0.0292,0.00416,0.00676,0.0384,,0.0385,0.0384,0.0381,0.0367,0.0361,162.0,123.0,137.0,142.0,135.0,0.03802,12722348851.2,0.015279999999999998,0.02902,2.529780000000001,12.769964990232857,23.267064053874826,4.063885354737392,4.962844630259907
332,138,715.8695652173913,57.2,70.4,12725391360.0,2714.0,9387.0,8932.0,14467.0,932.0,227446.0,,19967.0,864.0,57568.0,7557.0,2292.0,2841.0,354968.0,0.0156,0.0583,0.013,0.138,0.00517,0.0742,,0.0636,0.0258,0.0315,0.0292,0.00418,0.00676,0.0388,,0.0384,0.0385,0.0384,0.0381,0.0367,140.0,162.0,123.0,137.0,142.0,0.038439999999999995,12724630323.2,0.01544,0.0292,2.568580000000001,12.779785740700934,23.266865154194935,4.063885354737392,4.268297869345539
334,103,429.2912621359223,58.5,70.4,12717645824.0,2623.0,9678.0,8932.0,14467.0,932.0,227446.0,,19967.0,864.0,57568.0,7557.0,2549.0,3198.0,355781.0,0.016,0.0583,0.013,0.142,0.00523,0.0809,,0.0636,0.0277,0.0315,0.0292,0.00436,0.00749,0.04,,0.0388,0.0384,0.0385,0.0384,0.0381,138.0,140.0,162.0,123.0,137.0,0.03882,12725195571.2,0.01568,0.0292,2.6085800000000012,12.78207346271492,23.26625630107865,4.085976312551584,4.268297869345539
336,143,859.2797202797203,57.3,70.4,12678619136.0,3239.0,9678.0,9080.0,14467.0,977.0,227446.0,,19967.0,914.0,57568.0,7557.0,2549.0,3198.0,356641.0,0.0165,0.059,0.013,0.142,0.00523,0.0809,,0.0636,0.0277,0.0334,0.0288,0.00436,0.00749,0.0402,,0.04,0.0388,0.0384,0.0385,0.0384,103.0,138.0,140.0,162.0,123.0,0.039180000000000006,12715683020.8,0.01586,0.02912,2.6487800000000012,12.784487756499889,23.263182879157853,4.065602093356446,4.268297869345539
338,164,713.0243902439024,56.3,0.0,12667797504.0,3239.0,9678.0,10056.0,14467.0,977.0,219296.0,,19967.0,914.0,57568.0,7557.0,2549.0,3198.0,349467.0,0.0165,0.059,0.013,0.145,0.00523,0.0809,,0.0652,0.0277,0.0334,0.0332,0.00436,0.00749,0.0409,,0.0402,0.04,0.0388,0.0384,0.0385,143.0,103.0,138.0,140.0,162.0,0.03966,12703475302.4,0.01604,0.029920000000000002,2.6896800000000014,12.764167277093657,23.262328980730285,4.048300623720694,0.0
340,120,535.0,56.3,0.0,12666634240.0,3239.0,9678.0,10056.0,14467.0,977.0,273374.0,,19967.0,933.0,57568.0,7557.0,2640.0,3267.0,403725.0,0.0165,0.059,0.013,0.145,0.00576,0.0809,,0.0632,0.0277,0.0334,0.0332,0.00436,0.00749,0.0408,,0.0409,0.0402,0.04,0.0388,0.0384,164.0,143.0,103.0,138.0,140.0,0.040139999999999995,12691217612.8,0.016220000000000002,0.030719999999999997,2.7304800000000014,12.908491709027757,23.26223714808036,4.048300623720694,0.0
342,141,760.1489361702128,56.3,0.0,12668665856.0,3239.0,9678.0,10056.0,14467.0,977.0,273374.0,,21596.0,933.0,57568.0,7557.0,2640.0,3267.0,405354.0,0.0165,0.059,0.0132,0.145,0.00576,0.0824,,0.0628,0.0277,0.0334,0.0332,0.00436,0.00772,0.0409,,0.0408,0.0409,0.0402,0.04,0.0388,120.0,164.0,143.0,103.0,138.0,0.04056,12679872512.0,0.0164,0.031520000000000006,2.7713800000000015,12.912518505358896,23.262397526366502,4.048300623720694,0.0
344,136,780.4264705882352,57.2,0.0,12663578624.0,3239.0,9678.0,10056.0,14662.0,977.0,273374.0,,21596.0,933.0,64067.0,8463.0,2640.0,3267.0,412953.0,0.0165,0.0625,0.0132,0.145,0.00583,0.0824,,0.0749,0.0294,0.0331,0.0332,0.00436,0.00772,0.0423,,0.0409,0.0408,0.0409,0.0402,0.04,141.0,120.0,164.0,143.0,103.0,0.04102,12669059072.0,0.0165,0.03232,2.8136800000000015,12.931091485594662,23.261995885519244,4.063885354737392,0.0
346,153,802.2941176470588,59.3,0.0,12661972992.0,3239.0,9371.0,10056.0,15410.0,967.0,273374.0,,22153.0,986.0,63992.0,8738.0,2862.0,3267.0,414417.0,0.0169,0.0625,0.0145,0.145,0.00583,0.0824,,0.0749,0.0294,0.0343,0.0339,0.00459,0.00772,0.0426,,0.0423,0.0409,0.0408,0.0409,0.0402,136.0,141.0,120.0,164.0,143.0,0.041499999999999995,12665729843.2,0.01658,0.03334,2.8562800000000017,12.934630405277519,23.261869086148682,4.09933210373314,0.0
348,145,593.4827586206897,58.0,0.0,12612202496.0,3239.0,9306.0,10368.0,15410.0,974.0,273374.0,,22153.0,986.0,66244.0,8738.0,2862.0,3545.0,417200.0,0.0169,0.0633,0.0145,0.145,0.00583,0.0824,,0.0749,0.0299,0.0363,0.0339,0.00459,0.00772,0.0429,,0.0426,0.0423,0.0409,0.0408,0.0409,153.0,136.0,141.0,120.0,164.0,0.0419,12654610841.6,0.01666,0.033479999999999996,2.8991800000000016,12.94132339903781,23.257930634399475,4.07753744390572,0.0
350,123,650.089430894309,477.0,0.0,12472184832.0,3239.0,11227.0,10368.0,15410.0,1004.0,273374.0,,22153.0,986.0,66244.0,8738.0,2862.0,3545.0,419152.0,0.0169,0.0633,0.0145,0.147,0.00583,0.0798,,0.0749,0.0299,0.0363,0.0339,0.00459,0.00747,0.0429,,0.0429,0.0426,0.0423,0.0409,0.0408,145.0,153.0,136.0,141.0,120.0,0.04232,12615720960.0,0.016739999999999998,0.03362,2.9420800000000016,12.94599128738263,23.24676678842851,6.169610732491456,0.0
352,160,1045.15,477.0,0.0,12467908608.0,3553.0,11227.0,10368.0,15410.0,973.0,273374.0,,22153.0,986.0,66244.0,8738.0,2862.0,3545.0,419434.0,0.0163,0.0633,0.0145,0.147,0.00583,0.089,,0.077,0.0299,0.0363,0.0369,0.00459,0.00861,0.0441,,0.0429,0.0429,0.0426,0.0423,0.0409,123.0,145.0,153.0,136.0,141.0,0.04296,12575569510.4,0.0167,0.03436,2.9861800000000014,12.94666384651925,23.246423868779722,6.169610732491456,0.0
354,155,768.8064516129032,476.0,0.0,12379918336.0,3560.0,11227.0,11579.0,15410.0,1097.0,273374.0,,22153.0,1009.0,70426.0,8738.0,2862.0,3638.0,425073.0,0.0175,0.0633,0.0149,0.147,0.00622,0.089,,0.077,0.0299,0.0363,0.0369,0.00459,0.00861,0.0443,,0.0441,0.0429,0.0429,0.0426,0.0423,160.0,123.0,145.0,153.0,136.0,0.043359999999999996,12518837452.8,0.0169,0.035100000000000006,3.030480000000001,12.960018550396894,23.239341507816,6.1675164908883415,0.0
356,117,575.0,488.0,0.0,12275232768.0,3689.0,11227.0,11579.0,15410.0,1097.0,312064.0,,22153.0,1009.0,70426.0,8738.0,2934.0,3638.0,463965.0,0.0175,0.0633,0.0149,0.147,0.00627,0.0909,,0.077,0.0299,0.0363,0.0369,0.00459,0.00861,0.0444,,0.0443,0.0441,0.0429,0.0429,0.0426,155.0,160.0,123.0,145.0,153.0,0.04372,12441489408.0,0.01702,0.035699999999999996,3.074880000000001,13.047566552661516,23.230849473298527,6.192362489474872,0.0
358,140,850.1428571428571,931.0,196.0,12278435840.0,3689.0,11227.0,11579.0,15789.0,1097.0,312064.0,,23959.0,1009.0,70426.0,8738.0,2934.0,3638.0,466149.0,0.018,0.0633,0.0162,0.147,0.00648,0.0909,,0.0836,0.0299,0.0363,0.0375,0.00459,0.00857,0.0452,,0.0444,0.0443,0.0441,0.0429,0.0429,117.0,155.0,160.0,123.0,145.0,0.044180000000000004,12374736076.8,0.01724,0.03642,3.120080000000001,13.05226274972484,23.231110377041183,6.837332814685591,5.2832037287379885
360,135,1066.5555555555557,1352.0,196.0,12281282560.0,3689.0,11227.0,11579.0,15789.0,1097.0,312064.0,,23959.0,1009.0,70426.0,8738.0,2934.0,3638.0,466149.0,0.018,0.0617,0.0162,0.147,0.00648,0.0909,,0.0836,0.0304,0.0363,0.0375,0.00464,0.00887,0.0451,,0.0452,0.0444,0.0443,0.0441,0.0429,140.0,117.0,155.0,160.0,123.0,0.04462,12336555622.4,0.01746,0.03714,3.165180000000001,13.05226274972484,23.231342197289784,7.210079628170788,5.2832037287379885
362,142,1062.619718309859,1374.0,196.0,12284747776.0,3689.0,11227.0,11579.0,15266.0,1097.0,312064.0,,24508.0,1083.0,70426.0,9609.0,3220.0,3638.0,467405.0,0.018,0.0693,0.0162,0.146,0.00648,0.0909,,0.0836,0.0294,0.0369,0.0375,0.00448,0.00887,0.0457,,0.0451,0.0452,0.0444,0.0443,0.0441,135.0,140.0,117.0,155.0,160.0,0.044939999999999994,12299923456.0,0.0178,0.03726,3.2108800000000013,13.054953537974976,23.23162431173606,7.226209010100671,5.2832037287379885
364,162,897.3765432098766,1372.0,196.0,12283756544.0,3689.0,11227.0,11888.0,16793.0,1097.0,312064.0,,24508.0,1083.0,70672.0,9867.0,3220.0,3638.0,469746.0,0.018,0.0693,0.0162,0.146,0.00648,0.0909,,0.0836,0.033,0.0391,0.0375,0.00445,0.00887,0.0461,,0.0457,0.0451,0.0452,0.0444,0.0443,142.0,135.0,140.0,117.0,155.0,0.0453,12280691097.6,0.0179,0.03738,3.2569800000000013,13.059949530879587,23.231543620458517,7.224753405767971,5.2832037287379885
366,124,551.6854838709677,1372.0,402.0,12281585664.0,3971.0,12638.0,11888.0,16793.0,1114.0,312064.0,,24508.0,1083.0,72931.0,9867.0,3220.0,3950.0,474026.0,0.018,0.0693,0.0162,0.149,0.00648,0.0909,,0.0836,0.033,0.0391,0.0405,0.00491,0.00887,0.0467,,0.0461,0.0457,0.0451,0.0452,0.0444,162.0,142.0,135.0,140.0,117.0,0.045759999999999995,12281961676.8,0.018,0.0381,3.3036800000000013,13.069019561080255,23.23136687714372,7.224753405767971,5.998936561946683
368,112,733.6964285714286,1355.0,402.0,12277362688.0,3971.0,12638.0,11888.0,16793.0,1174.0,324005.0,,24508.0,1083.0,72931.0,9867.0,3220.0,3950.0,486027.0,0.0185,0.0693,0.0169,0.149,0.00648,0.0879,,0.084,0.033,0.0391,0.0418,0.00491,0.00859,0.0466,,0.0467,0.0461,0.0457,0.0451,0.0452,124.0,162.0,142.0,135.0,140.0,0.04604,12281747046.4,0.018099999999999998,0.03896,3.3502800000000015,13.09402151439178,23.231022971860746,7.212294468500341,5.998936561946683
370,150,850.5,1812.0,402.0,12272988160.0,3971.0,12638.0,11530.0,16793.0,1174.0,324005.0,,24508.0,1115.0,78020.0,9867.0,3240.0,4053.0,490912.0,0.0185,0.0693,0.0173,0.149,0.00648,0.0974,,0.0871,0.033,0.0391,0.0418,0.00491,0.00953,0.0478,,0.0466,0.0467,0.0461,0.0457,0.0451,112.0,124.0,162.0,142.0,135.0,0.046579999999999996,12280088166.4,0.0182,0.03982,3.3980800000000015,13.10402220166739,23.230666599923495,7.502738210754851,5.998936561946683
372,150,860.5,1816.0,393.0,12270432256.0,3971.0,12638.0,12844.0,16793.0,1174.0,349590.0,,25650.0,1115.0,78020.0,10301.0,3360.0,4053.0,519507.0,0.0185,0.0686,0.0173,0.149,0.00685,0.0995,,0.0922,0.0341,0.0391,0.0418,0.00491,0.00953,0.0484,,0.0478,0.0466,0.0467,0.0461,0.0457,150.0,112.0,124.0,162.0,142.0,0.04712,12277225062.4,0.0183,0.04068,3.4464800000000015,13.16063748882537,23.23045832381807,7.504942068396171,5.976350909297934
374,144,723.7083333333334,1830.0,393.0,12266164224.0,3996.0,12638.0,12844.0,16793.0,1174.0,349590.0,,25650.0,1162.0,78020.0,10301.0,3360.0,4053.0,519579.0,0.0185,0.0721,0.0173,0.149,0.00706,0.0995,,0.0922,0.0355,0.0405,0.0418,0.00491,0.00953,0.049,,0.0484,0.0478,0.0466,0.0467,0.0461,150.0,150.0,112.0,124.0,162.0,0.0477,12273706598.4,0.0184,0.04154,3.4954800000000015,13.160776071890743,23.230110432695827,7.5126175446745105,5.976350909297934
376,139,676.2374100719425,1846.0,409.0,12269342720.0,4126.0,12638.0,12844.0,17164.0,1211.0,349590.0,,26265.0,1162.0,78020.0,10301.0,3360.0,4053.0,520733.0,0.0186,0.0721,0.0173,0.149,0.00706,0.0995,,0.0922,0.0355,0.0411,0.0418,0.00498,0.00984,0.0491,,0.049,0.0484,0.0478,0.0466,0.0467,144.0,150.0,150.0,112.0,124.0,0.04818,12271258009.6,0.01852,0.0418,3.5445800000000016,13.162994633735211,23.230369526263758,7.52131798019924,6.016157159698354
378,135,564.1259259259259,1846.0,409.0,12269445120.0,4126.0,12638.0,13322.0,17164.0,1211.0,349590.0,,26265.0,1162.0,78020.0,10366.0,3256.0,4053.0,521172.0,0.0193,0.0721,0.0173,0.149,0.00706,0.0995,,0.0922,0.0355,0.0411,0.0418,0.00498,0.00984,0.0491,,0.0491,0.049,0.0484,0.0478,0.0466,139.0,144.0,150.0,150.0,112.0,0.04868,12269674496.0,0.01868,0.0418,3.5936800000000018,13.163837319360663,23.23037787223428,7.52131798019924,6.016157159698354
380,148,728.581081081081,1830.0,409.0,12265648128.0,4126.0,12638.0,13322.0,17960.0,1211.0,349590.0,,26265.0,1162.0,81519.0,10710.0,3596.0,4053.0,526152.0,0.0193,0.0721,0.018,0.151,0.00706,0.0995,,0.0922,0.0355,0.0411,0.0418,0.00498,0.00984,0.0494,,0.0491,0.0491,0.049,0.0484,0.0478,135.0,139.0,144.0,150.0,150.0,0.049,12268206489.6,0.01884,0.0418,3.6430800000000017,13.173347323948768,23.230068357043802,7.5126175446745105,6.016157159698354
382,142,737.1267605633802,1842.0,397.0,12260974592.0,3999.0,12593.0,13871.0,17960.0,1211.0,349590.0,,26265.0,1162.0,83533.0,10710.0,3596.0,3931.0,528421.0,0.0193,0.0721,0.0181,0.151,0.00706,0.0995,,0.0922,0.0355,0.0411,0.0405,0.00515,0.00984,0.0493,,0.0494,0.0491,0.0491,0.049,0.0484,148.0,135.0,139.0,144.0,150.0,0.04918,12266314956.8,0.019,0.04154,3.6923800000000018,13.177650485888496,23.22968725801443,7.519149957669823,5.986452005284438
384,137,625.0,1845.0,388.0,12261556224.0,4452.0,13851.0,13871.0,17960.0,1173.0,360518.0,,26265.0,1162.0,83533.0,10710.0,3596.0,4480.0,541571.0,0.0187,0.0721,0.0183,0.151,0.00706,0.0995,,0.0922,0.0355,0.0411,0.0403,0.00515,0.00984,0.0492,,0.0493,0.0494,0.0491,0.0491,0.049,142.0,148.0,135.0,139.0,144.0,0.04922,12265393356.8,0.01904,0.04124,3.7415800000000017,13.202231300573175,23.229734694553866,7.520776415062797,5.963579343618446
386,31,625.0,,,,,,,,,,,,,,,,,,0.0203,0.0744,0.0189,0.151,0.00737,0.0989,,0.0973,0.037,0.0436,0.0467,0.00515,0.00949,0.0508,,0.0492,0.0493,0.0494,0.0491,0.0491,137.0,142.0,148.0,135.0,139.0,0.04956,,0.01938,0.042219999999999994,3.792380000000002,,,,
