i_o_read,i_o_write,memory,network_outgoing_pod-pod-1,network_outgoing_pod-pod-2,network_outgoing_pod-pod-3,network_outgoing_pod-pod-4,network_outgoing_pod-pod-5,network_outgoing_pod-pod-6,network_outgoing_pod-pod-7,network_outgoing_pod-pod-8,network_outgoing_pod-pod-9,network_outgoing_pod-pod-10,network_outgoing_pod-pod-11,network_outgoing_pod-pod-12,network_outgoing_pod-pod-13,network_outgoing_system,cpu_pod-pod-1,cpu_pod-pod-2,cpu_pod-pod-3,cpu_pod-pod-4,cpu_pod-pod-5,cpu_pod-pod-6,cpu_pod-pod-7,cpu_pod-pod-8,cpu_pod-pod-9,cpu_pod-pod-10,cpu_pod-pod-11,cpu_pod-pod-12,cpu_pod-pod-13,cpu_system
0,1547,12107333632,122,144,181,169,320,1789,5808.0,212,146,162,325,71.1,227,9675,0.00189,0.00201,0.000349,0.000854,0.00169,0.00057,0.0053,0.0075,0.000342,0.000323,0.00171,0.00226,0.000444,0.0021
0,1520,12108156928,122,144,181,169,317,1847,5764.0,226,146,191,325,71.1,227,9730,0.00189,0.00201,0.000349,0.000854,0.00168,0.00057,0.00522,0.00504,0.000342,0.000323,0.00171,0.00219,0.000444,0.00188
0,1515,12108808192,122,139,181,168,317,1847,5720.0,171,146,191,325,72.9,227,9627,0.00188,0.00194,0.000349,0.000854,0.00168,0.00057,0.00518,0.00537,0.000342,0.000323,0.00171,0.00217,0.000444,0.0019
0,1529,12103020544,125,179,181,168,318,1847,5676.0,171,146,191,327,72.9,227,9629,0.00188,0.00235,0.000349,0.00187,0.00168,0.000844,0.00514,0.0057,0.000342,0.000323,0.00171,0.00226,0.000444,0.00207
0,1529,12148690944,125,179,238,168,318,2695,5561.0,327,148,191,327,71.0,226,10574,0.00188,0.00235,0.000349,0.00195,0.00168,0.000844,0.0051,0.00603,0.000342,0.000323,0.00166,0.00226,0.000515,0.00211
0,1496,12161073152,125,179,238,168,318,2695,5518.0,345,148,191,316,71.0,218,10530,0.00188,0.00235,0.000349,0.00195,0.00168,0.000844,0.00506,0.00637,0.000577,0.000323,0.00171,0.00226,0.000515,0.00215
0,1496,12171853824,125,179,238,168,318,2695,5475.0,363,148,191,380,71.0,244,10593,0.00188,0.00234,0.000445,0.00195,0.00168,0.00088,0.00502,0.0067,0.000577,0.00033,0.00171,0.00226,0.000515,0.00219
0,1496,12178214912,125,179,238,168,328,2695,5431.0,380,148,191,380,71.0,244,10578,0.00194,0.00234,0.000447,0.00195,0.00168,0.00088,0.00492,0.00703,0.000605,0.000641,0.00171,0.00226,0.000515,0.00224
0,1521,12195266560,121,179,238,164,328,2695,5388.0,398,148,663,380,71.0,244,11016,0.00194,0.00234,0.000447,0.00195,0.00168,0.00088,0.00489,0.00736,0.000605,0.000641,0.00171,0.0022,0.000522,0.00226
0,1545,12440707072,120,260,237,416,328,2674,5345.0,416,148,663,383,70.2,244,11304,0.00194,0.00234,0.000447,0.00195,0.00173,0.00192,0.00485,0.00577,0.000605,0.000641,0.00165,0.00227,0.000522,0.00222
0,1577,12447469568,155,260,237,416,328,4918,5301.0,433,148,663,383,101.0,244,13588,0.00194,0.00234,0.000447,0.00195,0.00173,0.00192,0.00481,0.00602,0.000605,0.000641,0.00212,0.00227,0.000522,0.00228
0,1530,12526379008,155,266,237,416,328,4918,5258.0,666,153,694,383,101.0,267,13843,0.00194,0.00234,0.000523,0.00196,0.00173,0.00192,0.00477,0.00627,0.000605,0.000641,0.00212,0.00229,0.000579,0.00231
0,1530,12639064064,155,266,296,416,328,4918,4946.0,692,155,694,383,101.0,271,13622,0.00205,0.00331,0.000523,0.0074,0.00173,0.00192,0.00473,0.00651,0.000605,0.000641,0.00212,0.00229,0.000579,0.00287
0,1507,12696190976,155,266,296,416,328,4918,5101.0,718,155,694,383,101.0,271,13803,0.00205,0.00331,0.000523,0.0074,0.00173,0.00192,0.00466,0.00676,0.000843,0.00108,0.00215,0.00229,0.000579,0.00294
0,1487,12798046208,155,266,296,430,328,4918,5058.0,744,155,694,383,101.0,271,13800,0.00205,0.00323,0.000523,0.0074,0.00166,0.00197,0.00462,0.00701,0.000843,0.00111,0.00215,0.00229,0.000571,0.00295
0,1487,12808073216,156,266,292,430,336,4918,5016.0,771,155,1532,370,101.0,271,14613,0.00205,0.00335,0.000541,0.0074,0.00172,0.00204,0.00458,0.00726,0.000843,0.00111,0.00215,0.00229,0.000575,0.00299
0,1514,12814835712,156,266,302,430,336,4918,4973.0,797,164,1532,527,101.0,271,14773,0.00205,0.00335,0.000541,0.0074,0.00172,0.00408,0.00454,0.00751,0.000861,0.00111,0.00215,0.00229,0.000594,0.00318
0,1542,12829114368,156,443,302,752,336,4918,4930.0,823,164,1532,527,135.0,271,15290,0.00205,0.00335,0.000541,0.0134,0.0018,0.00408,0.0045,0.00776,0.000861,0.00111,0.00279,0.00229,0.000594,0.00376
0,1542,12890935296,151,460,302,752,337,4854,4888.0,1098,164,1532,527,138.0,271,15474,0.00207,0.00335,0.000763,0.0134,0.0018,0.00408,0.00446,0.00752,0.000861,0.00191,0.00279,0.00229,0.000735,0.00384
0,1511,13026807808,227,460,495,752,337,10499,4845.0,1132,166,1532,527,138.0,332,21441,0.00207,0.00335,0.000763,0.0134,0.0018,0.00408,0.00442,0.00775,0.000861,0.00191,0.00276,0.00229,0.000735,0.00385
0,1464,13081964544,227,460,495,752,337,10499,4802.0,1166,166,2713,527,138.0,334,22616,0.00207,0.00324,0.000763,0.014,0.0018,0.00408,0.00432,0.00799,0.000861,0.00191,0.00286,0.00234,0.000735,0.00392
0,1486,13104418816,227,460,495,767,337,10499,4651.0,1200,177,2713,527,138.0,345,22536,0.00233,0.00523,0.000763,0.014,0.0018,0.00408,0.00428,0.00822,0.00159,0.00197,0.00286,0.00234,0.000735,0.00419
0,1538,13128007680,231,460,495,795,337,10499,4609.0,1234,177,2713,668,138.0,345,22702,0.00233,0.00523,0.000763,0.014,0.0018,0.00408,0.00424,0.00845,0.00159,0.00197,0.00286,0.00234,0.000735,0.0042
0,1563,13128941568,231,460,495,795,352,10979,4567.0,1268,177,2713,686,184.0,345,23253,0.00233,0.00523,0.000785,0.014,0.00174,0.0065,0.0042,0.00869,0.00159,0.00197,0.00286,0.00234,0.000735,0.00442
0,1563,13134548992,231,460,513,795,352,10979,4526.0,1301,177,2713,686,184.0,345,23263,0.00233,0.00537,0.000785,0.014,0.00176,0.0065,0.00416,0.00875,0.00167,0.00197,0.0035,0.00234,0.000752,0.0045
0,1563,13144383488,231,445,513,1367,352,10979,4484.0,1607,177,2713,686,192.0,345,24091,0.00237,0.00537,0.00108,0.014,0.00189,0.0065,0.00413,0.00898,0.00167,0.00271,0.0035,0.00234,0.000752,0.00461
0,1534,13154107392,231,771,513,1367,352,10979,4442.0,1648,177,2713,686,192.0,345,24415,0.00237,0.00537,0.00108,0.0135,0.00189,0.0065,0.00409,0.00921,0.00167,0.00271,0.0035,0.00238,0.000939,0.0046
0,1511,13160177664,303,771,496,1367,352,10651,4401.0,1688,199,3925,686,192.0,334,25365,0.00237,0.0065,0.00108,0.0237,0.00189,0.0065,0.00382,0.00944,0.00167,0.00285,0.0035,0.00238,0.000939,0.00555
0,1506,13162618880,303,771,493,1367,352,17379,4359.0,1729,199,4123,686,192.0,331,32283,0.00237,0.0065,0.00108,0.0245,0.00189,0.0065,0.00396,0.00967,0.00167,0.00285,0.00348,0.00238,0.000939,0.00565
0,1486,13160480768,303,771,805,1367,352,17379,4299.0,1770,199,4123,686,192.0,451,32696,0.00237,0.0065,0.00108,0.0245,0.00189,0.00932,0.00392,0.0102,0.00256,0.00285,0.00351,0.00238,0.000939,0.006
0,1486,13151748096,303,771,805,1367,352,17379,4258.0,1810,199,4123,686,250.0,451,32753,0.00265,0.0065,0.00108,0.0245,0.00189,0.00932,0.00388,0.0104,0.00256,0.00285,0.00362,0.00238,0.000939,0.00605
0,1536,13155110912,303,771,819,1837,339,18248,4216.0,1851,199,4123,660,250.0,451,34066,0.00265,0.00674,0.00112,0.0245,0.00189,0.00967,0.00384,0.0107,0.00256,0.00285,0.00362,0.00244,0.000939,0.00612
0,1536,13162422272,303,771,848,1837,363,18248,4175.0,2142,199,4123,981,250.0,451,34689,0.00265,0.0079,0.00112,0.0245,0.00197,0.00967,0.0038,0.0109,0.00256,0.00285,0.00477,0.00244,0.000938,0.00634
0,1536,13174665216,368,1026,848,1837,363,18248,4133.0,2188,206,4123,981,257.0,451,35029,0.00266,0.0079,0.00145,0.0245,0.00192,0.00967,0.00377,0.0111,0.0027,0.00429,0.00477,0.00244,0.000944,0.00651
0,1536,13175275520,368,1026,848,1837,363,18248,4091.0,2234,206,4123,981,257.0,451,35034,0.00266,0.0079,0.00145,0.0245,0.00193,0.00967,0.00373,0.0114,0.0027,0.00429,0.00477,0.00244,0.000944,0.00653
0,1536,13177544704,368,1076,1082,1837,363,25824,3990.0,2280,199,3990,981,257.0,451,42698,0.00266,0.0079,0.00145,0.0237,0.00199,0.00967,0.00361,0.0116,0.0027,0.00439,0.00477,0.00244,0.00129,0.00652
0,1536,13191745536,368,1076,1082,1886,363,25824,3949.0,2326,230,6551,981,317.0,550,45504,0.00287,0.0079,0.00145,0.0247,0.00199,0.00986,0.00358,0.0118,0.0027,0.00455,0.00477,0.00244,0.00129,0.00666
0,1509,13194915840,379,1076,1082,1899,389,25824,3908.0,2372,230,6551,981,317.0,550,45558,0.00287,0.0079,0.00145,0.0359,0.00199,0.00988,0.00354,0.011,0.00261,0.00455,0.00477,0.00244,0.00129,0.00752
0,1451,13197365248,379,1076,1082,1961,389,25824,3867.0,2418,230,6551,981,317.0,550,45626,0.00287,0.0079,0.00145,0.0359,0.00209,0.0141,0.0035,0.013,0.00378,0.00455,0.0049,0.00251,0.00129,0.00816
0,1543,13201625088,460,1076,1082,1961,389,26532,3826.0,2464,230,6551,981,317.0,550,46420,0.00287,0.00991,0.00147,0.0359,0.00209,0.0141,0.00346,0.0133,0.00378,0.00455,0.0059,0.00252,0.00129,0.00843
0,1543,13205491712,460,1373,1082,2746,389,27430,3785.0,2271,230,6551,1296,322.0,550,48486,0.00287,0.0103,0.00147,0.0359,0.00209,0.0141,0.00343,0.0135,0.00378,0.00455,0.0059,0.00252,0.00129,0.00848
0,1543,13200232448,460,1373,1121,2746,389,27430,3744.0,3034,228,6551,1342,334.0,550,49302,0.00292,0.0103,0.00142,0.0359,0.00209,0.0141,0.00337,0.0138,0.00378,0.00627,0.0059,0.00252,0.00152,0.00866
0,1543,13208268800,460,1402,1446,2746,389,27430,3703.0,3089,236,6551,1342,334.0,550,49677,0.00325,0.0103,0.00201,0.0359,0.00204,0.0141,0.00333,0.014,0.00398,0.00627,0.0059,0.00252,0.00154,0.00877
0,1543,13219590144,478,1412,1446,2746,389,26627,3641.0,3143,268,6551,1342,334.0,550,48926,0.00325,0.0103,0.00201,0.0372,0.00205,0.0141,0.0033,0.0143,0.00398,0.00627,0.0059,0.00252,0.0016,0.0089
0,1514,13245734912,478,1457,1446,2746,389,26444,3601.0,3198,268,9752,1342,323.0,547,51990,0.00325,0.0103,0.00201,0.0385,0.00212,0.0141,0.00326,0.0145,0.00398,0.00643,0.00605,0.00252,0.0016,0.00905
0,1477,13243662336,478,1457,1446,2746,394,40493,3560.0,3253,268,10101,1342,321.0,543,66401,0.00325,0.0103,0.00209,0.0372,0.00227,0.0149,0.00322,0.016,0.00398,0.00666,0.00605,0.00261,0.0016,0.00918
0,1477,13249277952,478,1457,1476,2863,421,40493,3519.0,3307,268,10101,1342,475.0,733,66932,0.00325,0.0103,0.00209,0.0484,0.00227,0.0144,0.00318,0.0163,0.00385,0.00666,0.00605,0.00261,0.0016,0.0101
0,1518,13246627840,478,1457,1526,2863,421,40493,3478.0,3362,268,10101,1395,475.0,733,67050,0.00325,0.0105,0.00209,0.0484,0.00227,0.0208,0.00314,0.0165,0.00555,0.00666,0.00584,0.00261,0.0016,0.0108
0,1549,13244485632,461,1982,1526,3643,421,42412,3438.0,3417,268,10101,1395,475.0,733,70271,0.00355,0.0147,0.00209,0.0484,0.00227,0.0208,0.00311,0.0168,0.00555,0.00666,0.00802,0.00262,0.00191,0.0114
0,1549,13248430080,655,1982,1526,3643,421,42412,3397.0,3471,268,10101,1798,492.0,733,70899,0.00354,0.0147,0.00209,0.0484,0.00227,0.0208,0.00307,0.0171,0.00555,0.00875,0.00832,0.00262,0.00191,0.0116
0,1549,13254995968,678,1982,1994,3643,421,42412,3356.0,3231,265,10101,1798,492.0,743,71117,0.00356,0.0147,0.00202,0.0484,0.00227,0.0208,0.00303,0.0174,0.00572,0.00875,0.00832,0.00262,0.00191,0.0116
0,1508,13259108352,678,1982,1994,3643,422,42412,3144.0,4128,265,10101,1798,492.0,767,71826,0.00367,0.0147,0.00289,0.0484,0.00227,0.0208,0.003,0.0176,0.00591,0.00875,0.00832,0.00262,0.0019,0.0117
0,1508,13265465344,678,2058,1994,3643,422,53672,3289.0,4191,321,9800,1798,492.0,767,83125,0.00367,0.0147,0.00289,0.0499,0.00251,0.0208,0.00292,0.0179,0.00591,0.00875,0.00832,0.00262,0.00196,0.0119
0,1524,13266751488,678,2058,1994,3870,422,53672,3248.0,4254,321,13583,1798,600.0,767,87266,0.00367,0.0147,0.00289,0.0518,0.00251,0.0219,0.00289,0.0169,0.00591,0.00922,0.00832,0.00257,0.00196,0.0121
0,1497,13272018944,678,2058,1994,3870,458,53672,3207.0,4317,321,13677,1798,600.0,743,87394,0.00367,0.0147,0.00289,0.0502,0.00251,0.0219,0.00285,0.0201,0.00591,0.00922,0.00832,0.00278,0.00196,0.0123
0,1541,13259460608,678,2439,2107,3870,458,55665,3166.0,4380,321,14137,1873,623.0,952,90669,0.00404,0.0154,0.00289,0.0499,0.00251,0.0219,0.00281,0.0204,0.00765,0.00922,0.00832,0.00278,0.00196,0.0125
0,1541,13263687680,841,2439,2107,3746,458,55665,3126.0,4766,321,14137,2149,623.0,952,91329,0.00404,0.0178,0.00305,0.0615,0.00251,0.0267,0.00278,0.0207,0.00765,0.00922,0.01,0.00278,0.00189,0.0142
0,1541,13270605824,841,2439,2107,4846,455,55665,3085.0,4834,321,14137,2149,623.0,952,92452,0.00404,0.0178,0.00354,0.0615,0.00251,0.0267,0.00274,0.021,0.00765,0.00893,0.0104,0.00278,0.00241,0.0143
0,1505,13266120704,841,2540,2618,4846,470,55665,3044.0,4901,321,14137,2149,623.0,952,93106,0.00404,0.0178,0.00354,0.0615,0.00263,0.0267,0.00269,0.0213,0.00765,0.0113,0.0104,0.00278,0.00241,0.0146
0,1505,13263982592,841,2540,2618,4846,470,55665,3003.0,4969,322,16071,2149,623.0,993,95109,0.00404,0.0178,0.00354,0.0615,0.00263,0.0275,0.00266,0.0216,0.00765,0.0113,0.0104,0.00278,0.00241,0.0146
0,1505,13267783680,841,2860,2618,4846,470,70809,2931.0,5037,320,16071,2149,623.0,993,110567,0.00419,0.0178,0.00354,0.0615,0.00263,0.0284,0.00262,0.0218,0.00816,0.0113,0.0104,0.00278,0.00249,0.0148
0,1510,13268459520,841,2860,2618,5119,470,70809,2890.0,5104,372,16071,2149,638.0,993,110935,0.00419,0.0178,0.00354,0.0615,0.00263,0.0284,0.00258,0.0241,0.00816,0.0116,0.0104,0.00289,0.00249,0.015
0,1510,13267185664,958,2860,2618,5692,470,70809,2850.0,5172,372,16071,2250,801.0,993,111915,0.0046,0.0187,0.00354,0.0636,0.00263,0.0284,0.00255,0.0244,0.00816,0.0117,0.0104,0.00289,0.00249,0.0153
0,1550,13268463616,1008,2860,2682,5692,453,70809,2809.0,5239,372,16557,2250,801.0,1137,112668,0.0046,0.0213,0.00354,0.072,0.00263,0.0284,0.00251,0.0247,0.00816,0.0136,0.0104,0.00289,0.00249,0.0164
0,1550,13269676032,1008,2966,2766,5692,499,70809,2769.0,5888,372,16672,2690,801.0,1137,114068,0.0046,0.0213,0.00354,0.072,0.00278,0.034,0.00247,0.025,0.00941,0.0136,0.0123,0.00289,0.00249,0.0172
0,1509,13265555456,1008,2966,2766,5692,499,70809,2728.0,5963,372,17219,2690,801.0,1137,114650,0.0046,0.0213,0.00359,0.072,0.00283,0.034,0.00244,0.0254,0.00941,0.0136,0.0125,0.00289,0.0025,0.0172
0,1481,13262508032,1008,3299,2766,5692,506,70809,2687.0,6038,372,16713,2690,801.0,1154,114535,0.0046,0.0213,0.00356,0.072,0.00283,0.034,0.00236,0.0257,0.00941,0.0136,0.0129,0.00297,0.00248,0.0173
0,1481,13265293312,1008,3299,2669,5692,506,84507,2647.0,6113,372,21000,2690,801.0,1193,132497,0.0046,0.0213,0.00452,0.072,0.00283,0.034,0.00232,0.026,0.00941,0.0136,0.0129,0.00297,0.00306,0.0175
0,750,13268979712,1008,3299,3416,5692,506,84507,2373.0,6188,408,21000,2690,801.0,1193,133081,0.00474,0.0213,0.00452,0.072,0.00283,0.0361,0.00228,0.028,0.00941,0.0136,0.0129,0.00296,0.00306,0.0178
0,750,13271031808,1008,3385,3416,5862,506,88859,2373.0,6263,422,21000,2816,917.0,1317,138143,0.00474,0.0213,0.00452,0.072,0.00297,0.0361,0.00225,0.0284,0.00981,0.0136,0.0129,0.00296,0.00306,0.0179
0,750,13269364736,1008,3511,3416,5903,506,88859,2373.0,6338,422,21000,2816,948.0,1317,138417,0.00528,0.0226,0.00452,0.072,0.00297,0.0397,0.00221,0.0287,0.0112,0.0154,0.0129,0.00296,0.00306,0.0186
0,0,13265612800,972,3511,3416,5889,506,88859,2497.0,6919,422,21000,2816,948.0,1317,139073,0.00528,0.0249,0.00452,0.0726,0.00297,0.0397,0.00218,0.029,0.0112,0.016,0.0129,0.00296,0.00323,0.019
0,0,13272182784,1220,3887,3578,7078,506,88859,2456.0,7000,422,21000,3200,948.0,1317,141471,0.00528,0.0249,0.0048,0.0824,0.00305,0.0397,0.00214,0.0294,0.0112,0.016,0.0125,0.00296,0.00323,0.0198
0,0,13271068672,1266,3887,3578,7078,550,88859,2415.0,7081,422,21678,3200,948.0,1317,142279,0.00528,0.0249,0.0048,0.0824,0.00305,0.0397,0.00211,0.0297,0.0112,0.016,0.0149,0.00296,0.00323,0.02
0,806,13275250688,1266,3887,3578,7078,544,88859,2374.0,7162,422,24071,3200,948.0,1317,144706,0.00528,0.0249,0.0048,0.0824,0.00305,0.0397,0.00207,0.0301,0.0112,0.016,0.0155,0.00316,0.00323,0.0201
0,806,13266526208,1266,3887,4127,7078,547,88859,2334.0,7243,461,24863,3200,948.0,1366,146179,0.00532,0.0249,0.00561,0.0824,0.00305,0.0397,0.00204,0.0304,0.0116,0.016,0.0155,0.00316,0.00312,0.0202
0,806,13263835136,1266,3887,4127,7078,566,106232,2293.0,7324,461,24863,3200,993.0,1485,163775,0.00536,0.0249,0.00561,0.0856,0.00305,0.0397,0.002,0.0321,0.0129,0.016,0.0155,0.00316,0.00368,0.0208
0,806,13265756160,1266,3887,4127,7078,566,106232,2252.0,7405,480,24863,3572,993.0,1485,164207,0.00553,0.0249,0.00561,0.0856,0.00295,0.0415,0.00196,0.0325,0.0129,0.0167,0.0155,0.00316,0.00368,0.021
0,806,13264715776,1266,3887,4127,7078,566,106232,2211.0,7486,480,24863,3572,1098.0,1485,164352,0.00553,0.0255,0.00561,0.0856,0.00328,0.0402,0.00193,0.0329,0.0129,0.0182,0.0155,0.00316,0.00368,0.0212
0,1590,13255704576,1266,4033,4312,7297,566,106232,2171.0,8047,480,24863,3572,1098.0,1485,165423,0.00609,0.0248,0.00561,0.0905,0.00337,0.046,0.00191,0.0332,0.0129,0.0182,0.0155,0.00316,0.00368,0.0221
0,1590,13257195520,1385,3908,4312,7545,566,106232,2130.0,8134,480,24863,3572,1098.0,1485,165710,0.00609,0.0282,0.00561,0.0905,0.00337,0.046,0.00187,0.0336,0.0129,0.0182,0.0175,0.00316,0.00387,0.0226
0,1553,13252911104,1385,4462,4312,8289,548,106232,2089.0,8220,506,24863,3572,1098.0,1485,167061,0.00609,0.0282,0.00582,0.0905,0.00337,0.046,0.00183,0.0339,0.0129,0.0182,0.0175,0.00323,0.00387,0.0226
0,1588,13259415552,1425,4462,4312,8289,544,106232,2048.0,8306,506,24064,3572,1150.0,1538,166448,0.00609,0.0282,0.00582,0.0934,0.00337,0.046,0.0018,0.0353,0.0129,0.0182,0.0175,0.00328,0.00418,0.023
0,1623,13261152256,1475,4462,4701,8289,604,111226,1766.0,8392,506,28944,3780,1150.0,1538,176834,0.00609,0.0282,0.00563,0.0965,0.00337,0.0485,0.00176,0.0357,0.0129,0.0191,0.0175,0.00328,0.00418,0.0236
0,1623,13259513856,1475,4676,4701,8289,617,121656,1766.0,8478,506,28944,3926,1150.0,1663,187848,0.00609,0.0282,0.0056,0.0965,0.00337,0.0485,0.00155,0.036,0.0129,0.0191,0.0175,0.00328,0.00418,0.0236
0,1586,13262209024,1475,4676,4825,8289,617,121656,1890.0,8897,523,28944,3926,1150.0,1663,188532,0.00629,0.0282,0.00655,0.0965,0.00337,0.0485,0.00167,0.0364,0.0151,0.0186,0.0175,0.00328,0.00418,0.0238
0,1586,13264216064,1475,4676,4987,8685,617,121656,1850.0,8987,523,28944,3926,1247.0,1663,189236,0.00629,0.0282,0.00689,0.101,0.00326,0.0485,0.00164,0.0368,0.0151,0.0184,0.0175,0.00328,0.00418,0.0243
0,1586,13262127104,1581,4676,4987,8685,617,121656,1810.0,9076,523,28944,3926,1247.0,1663,189391,0.00629,0.0282,0.00689,0.101,0.00332,0.0525,0.0016,0.0371,0.0151,0.0211,0.0197,0.00328,0.00418,0.0251
0,1552,13264306176,1581,4676,4987,9162,617,121656,1770.0,9166,552,28944,3926,1247.0,1715,189999,0.00607,0.0281,0.00689,0.101,0.00368,0.0525,0.00156,0.0375,0.0151,0.0211,0.0197,0.00336,0.00439,0.0251
0,1630,13257863168,1581,5048,5200,9162,617,126837,1729.0,9255,552,29781,3926,1315.0,1715,196720,0.00668,0.0288,0.00689,0.101,0.00368,0.0525,0.00153,0.0379,0.0151,0.0211,0.0197,0.0034,0.00439,0.0253
0,1630,13254369280,1581,5048,5200,9162,654,126837,1689.0,9345,552,29987,4033,1315.0,1715,197118,0.00668,0.0324,0.00689,0.101,0.00368,0.054,0.00149,0.0364,0.0151,0.0223,0.0197,0.0034,0.00439,0.0257
0,1630,13249679360,1671,5301,5200,9162,654,126837,1649.0,9434,559,29888,4168,1315.0,1715,197554,0.00668,0.0324,0.00689,0.106,0.00368,0.0558,0.00146,0.0403,0.0158,0.0223,0.0197,0.0034,0.00424,0.0265
0,1630,13251678208,1671,5301,5200,9162,654,126837,1601.0,9524,580,33839,4512,1315.0,1715,201911,0.00676,0.0324,0.00741,0.109,0.00368,0.0582,0.00139,0.0407,0.0158,0.0232,0.0197,0.0034,0.00473,0.0272
0,1630,13255663616,1757,5301,5200,9621,654,138482,1561.0,9613,580,33839,4512,1315.0,1695,214129,0.00702,0.0324,0.00771,0.109,0.00387,0.0582,0.00135,0.041,0.0158,0.0232,0.0197,0.0034,0.00473,0.0273
0,1601,13253804032,1757,5301,5353,9621,654,138482,1521.0,10157,580,33839,4512,1422.0,1973,215170,0.00702,0.0324,0.00771,0.109,0.00387,0.0582,0.00132,0.0414,0.0167,0.0232,0.0213,0.0034,0.00473,0.0275
0,1565,13248942080,1757,5301,5390,9621,654,146195,1481.0,10250,580,33839,4512,1422.0,1973,222974,0.00702,0.0324,0.00771,0.109,0.00387,0.0582,0.00128,0.0418,0.0167,0.0232,0.0215,0.00354,0.00484,0.0276
0,1599,13249306624,1757,5301,5567,10081,654,146195,1441.0,10344,561,33839,4512,1422.0,1973,223646,0.00702,0.0324,0.00771,0.109,0.00387,0.0582,0.00125,0.0422,0.0167,0.0232,0.0222,0.00354,0.00499,0.0277
0,1599,13250174976,1757,5134,6053,10081,654,146195,1400.0,10438,612,33839,4512,1493.0,1973,224140,0.00679,0.0336,0.00771,0.113,0.00387,0.0582,0.00121,0.0426,0.0167,0.0232,0.0222,0.00354,0.00499,0.0281
0,1599,13252001792,1757,6004,6053,10081,633,146195,1360.0,10531,612,35157,4512,1493.0,1973,226361,0.00751,0.0325,0.00823,0.113,0.00387,0.0607,0.00118,0.043,0.0167,0.0241,0.0222,0.00354,0.00499,0.0285
0,1599,13254840320,1757,6004,6053,10081,691,146195,1203.0,10625,612,35157,5017,1493.0,1973,226860,0.00751,0.0365,0.00823,0.113,0.00404,0.0628,0.00114,0.0416,0.0162,0.0253,0.0222,0.00354,0.00522,0.0289
0,1599,13261090816,1934,6004,6053,10081,691,146195,1318.0,10718,619,36986,5017,1493.0,2043,229152,0.00751,0.0365,0.00875,0.118,0.00404,0.0628,0.00108,0.0455,0.018,0.0253,0.0222,0.00354,0.00522,0.0298
0,1626,13264093184,1934,6004,6053,10655,691,155074,1276.0,10812,623,36986,5017,1493.0,2043,238662,0.00751,0.0365,0.00875,0.118,0.00404,0.0628,0.00104,0.0459,0.018,0.0253,0.0232,0.00352,0.00522,0.0299
0,1612,13267156992,1934,6004,6053,10655,691,155074,1235.0,11242,643,36986,5017,1493.0,2090,239117,0.00766,0.0385,0.00875,0.122,0.00404,0.0628,0.00101,0.0463,0.0188,0.0253,0.0232,0.00371,0.00522,0.0306
0,1599,13259423744,1934,6004,6053,10984,691,164153,1193.0,11338,643,36986,5017,1586.0,2167,248749,0.0079,0.0385,0.00875,0.122,0.00404,0.0628,0.000976,0.0467,0.0188,0.0268,0.0232,0.00371,0.00522,0.0308
0,1599,13262532608,1934,6253,6660,11335,705,164153,1152.0,11435,663,38607,5017,1586.0,2167,251666,0.0079,0.0385,0.00875,0.122,0.00417,0.0661,0.000942,0.0471,0.0188,0.0268,0.0243,0.00371,0.00547,0.0312
0,1599,13272129536,1934,6253,6660,11335,705,164153,1110.0,11531,663,40229,5017,1637.0,2167,253394,0.0079,0.0385,0.00929,0.122,0.00417,0.0661,0.000908,0.0475,0.0188,0.0268,0.0243,0.00371,0.00547,0.0313
0,1599,13267202048,2025,6449,6660,11335,705,164153,1092.0,11628,663,40229,5017,1692.0,2167,253815,0.00821,0.0385,0.00929,0.125,0.00404,0.0639,0.000874,0.0479,0.0188,0.0268,0.0243,0.00371,0.00547,0.0314
0,1599,13268320256,2099,6677,6660,11335,725,164153,1050.0,11986,663,40229,5299,1692.0,2167,254733,0.00821,0.0372,0.00929,0.125,0.00401,0.0699,0.000843,0.0483,0.0195,0.0281,0.0243,0.00371,0.00574,0.032
0,1599,13265711104,2099,6677,6660,11335,725,171310,1008.0,12084,663,40229,5603,1753.0,2270,262414,0.00821,0.0402,0.00929,0.132,0.00437,0.0699,0.000809,0.0487,0.0204,0.0281,0.0243,0.00371,0.00574,0.0329
0,1642,13264605184,2099,6903,6660,11821,725,171310,965.0,12183,663,40229,5603,1753.0,2270,263183,0.00821,0.0402,0.00959,0.132,0.00437,0.0699,0.000775,0.0504,0.0204,0.0281,0.0255,0.00371,0.00574,0.0332
0,1632,13267582976,2099,6903,6660,11821,745,171310,923.0,12282,687,41744,5603,1753.0,2270,264799,0.00821,0.0421,0.0099,0.132,0.00437,0.0699,0.000741,0.0508,0.0204,0.0281,0.0255,0.00369,0.00574,0.0334
0,1626,13267111936,2099,6903,6967,11821,745,171310,881.0,12380,709,41744,5603,1753.0,2270,265184,0.00859,0.0421,0.0099,0.132,0.00437,0.072,0.000706,0.0513,0.0204,0.029,0.0265,0.00366,0.00574,0.0338
0,1602,13274087424,2099,6903,6733,12466,745,181393,670.0,12479,709,41744,5603,1753.0,2343,275639,0.00879,0.0421,0.0104,0.134,0.00448,0.0743,0.000672,0.0517,0.0204,0.0306,0.0265,0.00389,0.00592,0.0345
0,1602,13276258304,2167,6903,6687,12466,759,181393,775.0,12831,709,40505,5603,1753.0,2343,274893,0.00879,0.0421,0.0104,0.134,0.00456,0.0767,0.000638,0.0521,0.0204,0.0306,0.0265,0.00389,0.00626,0.0348
0,1602,13273468928,2340,6903,7329,12782,759,187779,733.0,12932,709,44015,5802,1887.0,2343,286313,0.00879,0.0421,0.0104,0.134,0.00456,0.0767,0.000603,0.0525,0.0204,0.0306,0.0265,0.00389,0.00626,0.0348
0,1602,13277519872,2340,7100,7329,12782,759,187779,691.0,13033,725,45220,5802,1887.0,2343,287790,0.00879,0.0421,0.0104,0.14,0.00456,0.0767,0.000346,0.0529,0.0219,0.0306,0.0265,0.00389,0.00626,0.0354
0,1627,13281095680,2340,7149,7329,12782,759,187779,649.0,13133,725,45534,5953,1887.0,2423,288443,0.00879,0.044,0.0104,0.14,0.00456,0.0767,0.000346,0.0543,0.0226,0.0306,0.0273,0.00389,0.00626,0.0358
0,1628,13273092096,2340,7179,7615,12782,790,187779,607.0,13234,725,47010,5995,1887.0,2560,290503,0.00879,0.0455,0.0104,0.14,0.00469,0.0767,0.000346,0.0548,0.0226,0.0306,0.0282,0.00394,0.00626,0.0361
0,1600,13276700672,2340,7700,7615,12782,790,187779,566.0,13334,725,47010,6201,1887.0,2560,291289,0.00879,0.0455,0.0108,0.143,0.00469,0.0767,0.000421,0.0552,0.0226,0.0306,0.0282,0.00392,0.00626,0.0364
0,1627,13268570112,2340,7700,7615,12782,798,187779,553.0,13435,746,47010,6201,1924.0,2560,291443,0.00924,0.0455,0.0108,0.143,0.00469,0.0767,0.000387,0.0556,0.0226,0.0306,0.0282,0.00405,0.00626,0.0364
0,1627,13268652032,2396,7700,7751,13423,798,201071,509.0,13536,746,47010,6201,1971.0,2560,305673,0.00895,0.0455,0.0113,0.143,0.00482,0.0789,0.000354,0.056,0.0226,0.0313,0.0282,0.00405,0.00644,0.0368
0,1627,13270106112,2396,7700,7751,13423,798,201071,465.0,13150,746,48235,6201,2036.0,2560,306533,0.00983,0.0455,0.0113,0.152,0.00482,0.0833,0.000321,0.0564,0.0226,0.031,0.0288,0.00405,0.00667,0.0381
0,1627,13269766144,2449,7700,7751,13798,798,201071,421.0,14168,746,48235,6201,2036.0,2560,307935,0.00983,0.0483,0.0113,0.152,0.00482,0.0833,0.000288,0.0569,0.0226,0.0335,0.0299,0.00405,0.00667,0.0386
0,1627,13266313216,2467,7700,7987,13798,798,201071,376.0,14272,724,48235,5978,2036.0,2560,308003,0.00983,0.0487,0.0113,0.152,0.00494,0.0833,,0.0573,0.0232,0.0335,0.0299,0.00405,0.00667,0.0387
0,1584,13266165760,2556,7856,8243,13798,811,201071,,14376,800,48235,6416,2036.0,2480,308678,0.00983,0.0487,0.0116,0.152,0.00494,0.0833,,0.059,0.0246,0.0335,0.0299,0.00409,0.00667,0.039
0,1629,13265268736,2556,8065,8243,13798,811,201071,,14480,800,49951,6416,2036.0,2565,310791,0.00983,0.0487,0.012,0.152,0.00494,0.0833,,0.0594,0.0246,0.0335,0.0299,0.00409,0.00667,0.0391
0,1581,13270667264,2556,8121,8243,13798,815,212009,,14584,800,49951,6637,2036.0,2746,322296,0.00983,0.0487,0.012,0.154,0.00494,0.0853,,0.0598,0.0246,0.0335,0.0304,0.00409,0.00667,0.0395
0,1605,13273296896,2556,8410,8243,14482,843,212009,,14688,800,49951,6637,1973.0,2746,323337,0.00983,0.0487,0.012,0.154,0.00494,0.0853,,0.0603,0.0246,0.035,0.0304,0.00407,0.00708,0.0397
0,1610,13272010752,2468,8410,8575,14482,843,218242,,14791,800,49951,6637,2110.0,2746,330054,0.0104,0.0487,0.0116,0.154,0.00512,0.0853,,0.0607,0.0246,0.035,0.0314,0.0041,0.00708,0.0398
0,1635,13160710144,2653,8410,8575,14482,853,218242,,14895,800,48243,6637,2209.0,2746,328745,0.0107,0.0487,0.0126,0.154,0.00527,0.0879,,0.0611,0.0253,0.035,0.0314,0.00422,0.00708,0.0403
0,1635,13159833600,2653,8410,8575,14032,853,218242,,14511,800,49938,6769,2209.0,2746,329737,0.0107,0.0487,0.0126,0.163,0.00527,0.0908,,0.0615,0.0253,0.0339,0.0314,0.00422,0.00708,0.0412
0,1635,13158703104,2653,8410,8575,13935,853,218242,,15424,789,53684,6769,2209.0,2746,334288,0.0107,0.0519,0.0126,0.164,0.00527,0.0908,,0.0628,0.0253,0.0359,0.0314,0.00422,0.00708,0.0419
0,1610,13046829056,2774,8147,8888,14871,853,218242,,15530,810,53684,7103,2209.0,2946,336057,0.0107,0.0519,0.0126,0.164,0.00527,0.0919,,0.0632,0.0253,0.0359,0.0319,0.0041,0.00708,0.042
0,1638,13051355136,2774,8091,9049,14871,853,228730,,15636,864,53684,7103,2209.0,2946,346811,0.0107,0.0519,0.0132,0.164,0.00527,0.0919,,0.0636,0.0268,0.0369,0.0319,0.00426,0.00741,0.0423
0,1590,13054758912,2774,8662,9049,15837,853,231432,,15742,864,53684,7103,2245.0,2946,351192,0.0107,0.0519,0.0132,0.164,0.00527,0.0919,,0.0641,0.0272,0.0382,0.0329,0.00426,0.00741,0.0426
0,1590,13058273280,2774,9149,9049,15837,857,231432,,15848,864,53684,7103,2245.0,2946,351788,0.0107,0.0519,0.0132,0.164,0.00517,0.0919,,0.0645,0.0272,0.0382,0.0339,0.00426,0.00757,0.0427
0,1590,13060493312,2774,9149,9049,15837,863,231432,,15981,864,55763,7103,2374.0,2946,354136,0.0104,0.0519,0.0132,0.165,0.00547,0.0919,,0.0649,0.0272,0.0382,0.0339,0.00426,0.00757,0.0429
0,1625,13059055616,2690,9149,9316,15837,891,231432,,16092,864,56592,7103,2374.0,2946,355288,0.0113,0.0543,0.0128,0.165,0.00566,0.0919,,0.064,0.0272,0.0382,0.0339,0.00436,0.00757,0.0431
0,1625,13055385600,2672,9149,9624,16017,858,231432,,16204,864,56592,7103,2374.0,2946,355836,0.0113,0.0543,0.0137,0.173,0.00566,0.0973,,0.064,0.0272,0.0382,0.0339,0.00436,0.00757,0.0442
0,1625,13054947328,2937,9149,9624,16017,906,231432,,16315,864,56592,7609,2374.0,3109,356929,0.0113,0.0543,0.0137,0.173,0.00566,0.0973,,0.064,0.0272,0.0388,0.0339,0.00436,0.00795,0.0443
0,1584,13054877696,2937,9279,9624,16017,906,239149,,15818,908,56592,7609,2374.0,3109,364323,0.0113,0.0525,0.0141,0.173,0.00566,0.0987,,0.0617,0.0272,0.0388,0.0328,0.00441,0.00795,0.044
0,1632,13053419520,2937,9279,9624,16017,906,251033,,16838,908,58383,7609,2374.0,2998,378907,0.0113,0.0558,0.0146,0.173,0.00566,0.0987,,0.0655,0.0284,0.0388,0.0326,0.00441,0.00795,0.0448
0,1582,13051310080,2937,9279,9805,16017,906,251033,,16951,908,58788,7609,2374.0,3168,379775,0.0113,0.0558,0.0146,0.175,0.00573,0.0987,,0.0655,0.0287,0.0405,0.0346,0.00441,0.00795,0.0452
0,1607,13043068928,2937,9492,9805,16760,906,251033,,16988,908,60668,7609,2421.0,3168,382695,0.0113,0.0558,0.0146,0.175,0.00573,0.0987,,0.0655,0.0287,0.0405,0.0365,0.0044,0.00807,0.0454
0,1612,13039812608,3050,9558,9805,16760,906,251033,,17201,908,60668,7609,2540.0,3168,383206,0.0118,0.0591,0.0146,0.175,0.00573,0.0987,,0.0655,0.0287,0.0405,0.0365,0.00443,0.00807,0.0457
0,1638,13029699584,3050,9899,9805,16760,938,251033,,17321,908,61619,7609,2540.0,3168,384650,0.0119,0.0591,0.0146,0.183,0.00592,0.0987,,0.0679,0.0287,0.0405,0.0365,0.00457,0.00807,0.0466
0,1638,13023281152,3110,9899,10327,16760,938,251033,,17485,908,61619,7609,2540.0,3168,385396,0.0119,0.0591,0.0141,0.183,0.00592,0.103,,0.0679,0.0287,0.0405,0.0365,0.00457,0.00841,0.047
0,1598,13022363648,3110,9899,10327,16159,938,253468,,17606,916,61619,7551,2540.0,3343,387475,0.0119,0.0591,0.015,0.183,0.00592,0.103,,0.0679,0.0302,0.0411,0.0365,0.00459,0.00841,0.0472
0,1598,13018816512,3110,10015,10327,17053,938,253468,,17726,909,61619,8182,2540.0,3343,389229,0.0119,0.0591,0.015,0.183,0.00592,0.0999,,0.0679,0.0302,0.0419,0.0365,0.00459,0.00841,0.047
0,1633,13023739904,3110,10015,10327,17293,938,262673,,17846,954,61619,8182,2540.0,3343,398838,0.0119,0.0591,0.0155,0.183,0.00592,0.104,,0.0679,0.0303,0.0432,0.0365,0.00459,0.00843,0.0476
0,1633,13018263552,3168,10015,10005,17413,938,262673,,17967,954,61619,8182,2540.0,3359,398832,0.0119,0.0603,0.0155,0.183,0.00572,0.104,,0.0688,0.0303,0.0432,0.0352,0.00459,0.00843,0.0477
0,1602,13015941120,3286,10015,10428,18012,952,262673,,18047,954,64658,8182,2540.0,3359,403104,0.0122,0.0603,0.0155,0.177,0.00602,0.104,,0.072,0.0303,0.0432,0.0377,0.00459,0.00843,0.0476
0,1578,13017206784,3286,10015,10428,18012,956,262673,,18047,954,64658,8182,2567.0,3359,403136,0.0122,0.0603,0.0155,0.184,0.0062,0.104,,0.072,0.0303,0.0432,0.0389,0.00459,0.00843,0.0484
0,1593,13018046464,3321,10356,10428,18012,956,262673,,18047,954,64658,8182,2700.0,3359,403646,0.0124,0.0628,0.0155,0.191,0.0062,0.108,,0.072,0.0303,0.0432,0.0389,0.00474,0.00843,0.0494
0,1593,13016809472,3321,10356,10891,18012,956,271653,,18584,989,64658,8182,2700.0,3359,413661,0.0124,0.0628,0.0155,0.191,0.0062,0.109,,0.072,0.0303,0.0432,0.0389,0.00474,0.00877,0.0495
0,1639,13016543232,3321,10356,10891,18198,956,271653,,18709,989,64658,8182,2700.0,3359,413971,0.0124,0.0628,0.015,0.191,0.0062,0.109,,0.072,0.0318,0.0418,0.0389,0.00474,0.00877,0.0495
0,1639,13010919424,3321,10455,10891,18198,956,275141,,18750,987,64658,8278,2700.0,3450,417785,0.0124,0.0628,0.0163,0.191,0.0062,0.109,,0.072,0.0318,0.0436,0.0389,0.00474,0.00877,0.0497
0,1639,13008027648,3321,10455,10891,18198,984,275141,,18750,987,64658,8668,2700.0,3450,418202,0.0127,0.0629,0.0163,0.191,0.0062,0.109,,0.072,0.0317,0.0449,0.0389,0.00474,0.00848,0.0499
0,1639,13002940416,3321,10455,10891,18198,984,275141,,18750,987,67273,8668,2700.0,3450,420818,0.0127,0.0629,0.0163,0.191,0.0062,0.109,,0.0725,0.0317,0.0449,0.0389,0.00474,0.0088,0.0499
0,1639,12845694976,3334,10821,10891,18779,984,275141,,18750,987,67273,8668,2721.0,3450,421798,0.0127,0.0629,0.0163,0.191,0.00598,0.112,,0.0728,0.0317,0.0449,0.0389,0.00474,0.0088,0.0502
0,1557,12844507136,3359,10821,10507,18815,953,277367,,18750,987,67273,8668,2809.0,3450,423760,0.0127,0.0629,0.0163,0.191,0.00612,0.112,,0.0752,0.0317,0.0449,0.0402,0.00475,0.0088,0.0506
0,1578,12808318976,3480,10821,10953,18815,947,287101,,19258,1007,67273,8668,2809.0,3553,434685,0.0127,0.0629,0.0168,0.191,0.00642,0.113,,0.0752,0.0317,0.0451,0.0402,0.00469,0.00905,0.0507
0,1583,12739579904,3480,10821,11304,18815,981,287101,,19323,1007,67273,8722,2809.0,3553,435190,0.0127,0.0631,0.0168,0.192,0.00642,0.113,,0.0752,0.0317,0.0451,0.0402,0.00472,0.00905,0.0509
0,1606,12721954816,3480,10821,11304,18815,981,287101,,19323,1016,67273,8722,2809.0,3553,435199,0.0131,0.0661,0.0168,0.192,0.00642,0.113,,0.0752,0.0328,0.0461,0.0402,0.00486,0.00905,0.0513
0,1639,12724396032,3480,10484,11304,18815,981,289412,,19323,1016,67273,8722,2809.0,3553,437173,0.0131,0.0661,0.0168,0.192,0.00642,0.113,,0.0752,0.0328,0.0461,0.0402,0.00486,0.00915,0.0513
0,1639,12722159616,3480,10412,11304,18815,1004,289412,,19323,1016,69333,8722,2809.0,3553,439184,0.0131,0.0661,0.017,0.192,0.00642,0.113,,0.0752,0.0331,0.0461,0.0388,0.00486,0.00915,0.0513
0,1639,12723896320,3516,10938,11304,18815,1004,289412,,19323,1034,69333,8921,2809.0,3436,439846,0.0131,0.0661,0.017,0.192,0.00642,0.116,,0.0752,0.0331,0.0463,0.0406,0.00486,0.00915,0.0517
0,1559,12719292416,3516,10963,11389,19367,1004,289412,,19323,1034,69333,8921,2893.0,3590,440744,0.0131,0.0661,0.017,0.187,0.0066,0.116,,0.0759,0.0331,0.0463,0.0418,0.00488,0.00915,0.0514
0,1559,12725370880,3516,11353,11389,19367,1004,289412,,19754,1034,69333,8938,2909.0,3590,441600,0.0127,0.0667,0.0175,0.189,0.00664,0.116,,0.0778,0.0331,0.0474,0.0418,0.00488,0.00943,0.0519
0,1581,12725424128,3610,11353,11421,18686,1004,299289,,19754,1034,69333,8938,2909.0,3594,450927,0.0132,0.0667,0.0175,0.195,0.00664,0.116,,0.0778,0.0331,0.0474,0.0418,0.00488,0.00937,0.0525
0,1640,12723724288,3610,11353,11851,19510,1008,299289,,19721,1034,71216,8938,2909.0,3720,454160,0.0132,0.0667,0.0175,0.195,0.00664,0.116,,0.0778,0.0331,0.0474,0.0418,0.00494,0.00937,0.0525
0,1640,12727488512,3610,11353,11851,19510,1008,299289,,19721,1048,71221,8938,2909.0,3720,454178,0.0132,0.0681,0.0175,0.195,0.00664,0.116,,0.0778,0.0336,0.0474,0.0418,0.00494,0.00937,0.0526
0,1640,12725239808,3610,11353,11851,19510,1008,289206,,19721,1010,71221,8916,2909.0,3720,444037,0.0137,0.0681,0.0175,0.195,0.00664,0.116,,0.0778,0.0336,0.0475,0.0417,0.00494,0.00937,0.0527
0,1640,12722282496,3610,11353,11851,19510,1036,299778,,19721,1039,71221,9239,2970.0,3720,455048,0.0137,0.0681,0.0175,0.195,0.00664,0.118,,0.0778,0.0336,0.0475,0.0417,0.00494,0.00937,0.0529
0,1600,12724199424,3651,10978,11851,19510,1036,299778,,19721,1039,71221,9239,2970.0,3720,454713,0.0137,0.0688,0.0175,0.195,0.00664,0.115,,0.0792,0.0336,0.0475,0.0427,0.00494,0.00937,0.0528
0,1574,12728819712,3651,11389,11731,19854,1036,299778,,20074,1039,71221,9239,2970.0,3720,455702,0.0137,0.0688,0.0181,0.195,0.00681,0.114,,0.0792,0.0336,0.0486,0.0427,0.00478,0.00937,0.0529
0,1583,12723007488,3651,11614,11731,19854,1036,299778,,20074,1039,71221,8935,2976.0,3699,455607,0.0137,0.0688,0.0181,0.189,0.00657,0.118,,0.0794,0.0336,0.0486,0.0427,0.00498,0.00928,0.0528
0,1583,12722462720,3735,11614,11731,19854,1033,299778,,20074,1068,73304,9243,2976.0,3699,458107,0.0137,0.07,0.0181,0.189,0.00652,0.118,,0.0794,0.0336,0.0486,0.0427,0.00498,0.00961,0.0529
0,1583,12722593792,3735,11614,11731,19954,1033,307945,,20074,1068,73304,9243,2976.0,3699,466375,0.0137,0.07,0.0181,0.19,0.00677,0.118,,0.0794,0.0336,0.0486,0.0427,0.00498,0.00961,0.053
0,1611,12722688000,3735,11614,11990,19954,1033,307945,,19374,1068,73493,9243,2976.0,3778,466202,0.0137,0.07,0.018,0.197,0.00677,0.117,,0.0815,0.0334,0.0487,0.0427,0.00498,0.00961,0.0536
0,1640,12725030912,3736,11614,11990,19954,1033,307945,,20040,1068,73493,9243,3038.0,3778,466932,0.0139,0.07,0.018,0.197,0.00677,0.121,,0.0815,0.0332,0.0487,0.0427,0.00498,0.00961,0.0539
0,1634,12726874112,3736,11614,11990,19643,1033,297516,,20040,1068,73493,9243,3038.0,3778,456191,0.0139,0.07,0.018,0.197,0.00677,0.121,,0.0815,0.0344,0.0487,0.0427,0.00503,0.00961,0.054
0,1597,12732452864,3736,11614,11990,20311,1039,309019,,19785,1068,73493,9428,3038.0,3787,468306,0.0139,0.0712,0.018,0.197,0.00686,0.121,,0.0815,0.0344,0.0487,0.0435,0.00503,0.00963,0.0542
0,1597,12728197120,3803,11398,11610,20311,1039,309019,,20439,1068,73493,9433,3038.0,3787,468438,0.0139,0.0712,0.0186,0.197,0.00686,0.121,,0.0815,0.0344,0.0495,0.0435,0.00503,0.00963,0.0543
0,1597,12728561664,3803,11758,12005,20311,1037,309019,,20439,1068,73494,9433,2935.0,3787,469089,0.0139,0.0712,0.0186,0.197,0.00686,0.121,,0.0814,0.0344,0.0495,0.0435,0.00503,0.00963,0.0543
0,1597,12721160192,3803,11758,12188,20311,1037,302633,,20439,1068,73494,9433,3039.0,3787,462991,0.0135,0.0712,0.0186,0.197,0.00685,0.121,,0.0814,0.0344,0.0495,0.0435,0.00503,0.00972,0.0543
0,1597,12723707904,3803,11758,12188,20324,1037,304729,,20439,1080,74430,9433,2967.0,3706,465894,0.014,0.0712,0.0187,0.197,0.00685,0.121,,0.0814,0.0344,0.0495,0.042,0.00503,0.00972,0.0542
0,1597,12724342784,3803,11758,12188,20324,1017,314337,,20412,1045,74430,9433,3078.0,3843,475668,0.014,0.0712,0.0187,0.19,0.00685,0.121,,0.0814,0.0344,0.0494,0.0418,0.00503,0.00972,0.0536
0,1633,12729372672,3799,11758,12188,20324,1050,313623,,20412,1078,74430,9433,3078.0,3843,475017,0.014,0.0712,0.0187,0.197,0.00695,0.118,,0.0823,0.0337,0.0494,0.0435,0.00506,0.00972,0.0541
0,1633,12729438208,3689,11758,12188,20324,1050,313623,,20412,1078,74430,9433,3078.0,3837,474901,0.014,0.0681,0.0187,0.197,0.00695,0.122,,0.0823,0.0337,0.0494,0.0425,0.00506,0.00972,0.0541
0,1607,12729856000,3715,11851,12239,20441,1051,313623,,20412,1078,74430,9220,3063.0,3837,474959,0.014,0.0705,0.0187,0.197,0.00695,0.122,,0.0819,0.035,0.0494,0.0439,0.0049,0.0097,0.0545
0,1581,12735803392,3840,11851,12239,20441,1051,313623,,19915,1078,74255,9465,3063.0,3837,474658,0.014,0.0705,0.0187,0.197,0.00702,0.122,,0.0819,0.035,0.0497,0.0439,0.00502,0.00976,0.0545
0,1581,12738084864,3840,11826,12358,20441,1051,313623,,20053,1078,74255,9465,3063.0,3837,474891,0.014,0.0705,0.019,0.191,0.00702,0.119,,0.0819,0.035,0.0497,0.0439,0.00502,0.00976,0.0537
0,1581,12738158592,3840,11826,12358,20441,1051,313623,,20685,1078,74255,9465,3063.0,3837,475524,0.014,0.0705,0.019,0.197,0.00702,0.122,,0.0819,0.035,0.0497,0.0439,0.00502,0.00976,0.0545
0,1590,12732977152,3840,11826,12358,19805,1051,313049,,20685,1078,72474,9465,3063.0,3837,472532,0.014,0.0705,0.019,0.197,0.00702,0.122,,0.0819,0.035,0.0497,0.0438,0.00502,0.00976,0.0545
0,1614,12723089408,3840,11826,12358,19668,1051,315043,,20549,1087,74836,9465,3063.0,3851,476638,0.014,0.0705,0.019,0.197,0.00704,0.122,,0.0827,0.035,0.0481,0.0438,0.00487,0.00976,0.0545
0,1619,12719665152,3826,11826,12435,20368,1054,315043,,20549,1087,74751,9465,3089.0,3855,477349,0.014,0.0706,0.019,0.189,0.00704,0.122,,0.0827,0.035,0.0478,0.0438,0.00491,0.00976,0.0538
0,1643,12720439296,3826,11826,12435,20368,1054,315043,,20549,1087,74751,9465,3087.0,3855,477347,0.014,0.0706,0.019,0.191,0.00704,0.119,,0.0827,0.0349,0.0496,0.0438,0.00505,0.00978,0.0538
0,1643,12711288832,3826,11920,12435,19819,1054,315043,,20549,1087,74751,9465,3087.0,3855,476891,0.0141,0.0712,0.019,0.197,0.00704,0.123,,0.0827,0.0338,0.0496,0.0442,0.00505,0.00951,0.0547
0,1618,12708823040,3856,11920,12435,20452,1054,315043,,20549,1087,74751,9549,3087.0,3855,477638,0.0141,0.0712,0.019,0.197,0.00707,0.123,,0.0827,0.0353,0.0483,0.0442,0.0049,0.00981,0.0547
0,1612,12709937152,3856,11931,12544,20452,1054,315043,,20549,1089,74751,9549,3087.0,3855,477761,0.0141,0.0712,0.0184,0.197,0.00707,0.123,,0.0827,0.0353,0.0499,0.0442,0.00486,0.00981,0.0548
0,1626,12714799104,3856,11931,12544,20452,1054,315043,,20639,1089,74751,9549,3087.0,3855,477852,0.0136,0.0712,0.0194,0.19,0.00707,0.123,,0.0827,0.0353,0.0499,0.0441,0.00507,0.00981,0.0543
0,1599,12713635840,3856,11931,12544,20452,1054,316855,,20639,1064,74751,9549,3087.0,3855,479638,0.014,0.072,0.0194,0.197,0.00715,0.123,,0.0827,0.0353,0.0499,0.0441,0.00507,0.00981,0.0549
0,1572,12716060672,3856,11931,12544,20452,1057,316855,,20599,1099,75248,9549,2995.0,3855,480040,0.014,0.072,0.0194,0.197,0.00715,0.123,,0.0827,0.0353,0.0499,0.0441,0.00507,0.00981,0.0549
0,1608,12712386560,3856,11931,12144,19778,1025,316855,,20599,1099,75248,9549,3113.0,3873,479071,0.014,0.072,0.0194,0.197,0.00715,0.123,,0.0827,0.0353,0.0499,0.0441,0.00508,0.00981,0.0549
0,1608,12709060608,3717,11947,12759,20536,1032,316855,,20599,1099,75248,9549,3113.0,3889,480343,0.0141,0.072,0.0194,0.197,0.00715,0.123,,0.0827,0.0346,0.0483,0.0441,0.00508,0.00949,0.0548
0,1608,12716679168,3862,11947,12759,20536,1068,316855,,20517,1110,75248,9544,3113.0,3889,480448,0.0141,0.0722,0.0194,0.197,0.00715,0.123,,0.0827,0.0358,0.0479,0.0441,0.00508,0.00986,0.0549
0,1573,12721025024,3862,11947,12759,20540,1068,316855,,20517,1110,75248,9540,3113.0,3889,480447,0.0141,0.0722,0.019,0.197,0.00718,0.123,,0.0827,0.0362,0.0499,0.0441,0.00508,0.0095,0.055
0,1616,12721156096,3862,11960,12270,20540,1068,316855,,20457,1110,75248,9540,3113.0,3889,479911,0.0141,0.0722,0.0198,0.197,0.00723,0.123,,0.0827,0.0362,0.0499,0.0441,0.00508,0.00957,0.0551
0,1616,12719452160,3862,11960,12355,20540,1068,316855,,20457,1110,72842,9540,3113.0,3889,477591,0.0141,0.0722,0.0198,0.197,0.00723,0.123,,0.0827,0.0362,0.0499,0.0441,0.00508,0.00987,0.0551
0,1616,12717604864,3862,11944,12783,20540,1071,315604,,20457,1110,74995,9540,3099.0,3889,478892,0.0141,0.0719,0.0198,0.197,0.00723,0.123,,0.0827,0.0362,0.0499,0.0441,0.00508,0.00987,0.0551
0,1646,12710354944,3862,11944,12783,20540,1071,315604,,20457,1105,74995,9540,3099.0,3893,478891,0.014,0.0719,0.0198,0.197,0.00723,0.123,,0.0828,0.0362,0.0499,0.0441,0.00508,0.00987,0.0551
0,1615,12711063552,3715,11944,12662,19751,1071,315604,,20457,1105,74995,9540,3089.0,3893,477825,0.014,0.0719,0.0198,0.197,0.00723,0.123,,0.0828,0.0362,0.0499,0.0441,0.00508,0.00987,0.0551
0,1589,12710772736,3741,11944,12662,19888,1071,315604,,20457,1105,74995,9540,3089.0,3892,477986,0.014,0.0722,0.0198,0.191,0.00721,0.123,,0.0828,0.0362,0.0499,0.0441,0.00508,0.00987,0.0546
0,1589,12707475456,3861,11968,12662,20533,1025,315604,,20386,1105,74995,9530,3089.0,3892,478649,0.014,0.0722,0.0198,0.197,0.00722,0.123,,0.0828,0.0358,0.0499,0.0426,0.00508,0.00987,0.0549
0,1589,12696969216,3861,11968,12662,20533,1059,315604,,20386,1105,75099,9555,3089.0,3892,478812,0.014,0.0722,0.0198,0.197,0.00722,0.123,,0.0828,0.0358,0.0499,0.0441,0.00509,0.00987,0.055
0,818,12691795968,3861,11967,12662,20533,1059,315604,,20386,1105,75099,9555,3089.0,3892,478812,0.014,0.0722,0.0196,0.197,0.00722,0.123,,0.0828,0.0358,0.0499,0.0441,0.00506,0.00987,0.0551
0,818,12693671936,3861,11967,12662,20533,1059,306677,,19663,1105,75284,9555,3100.0,3892,469358,0.014,0.0722,0.0197,0.197,0.00722,0.123,,0.0828,0.0358,0.0499,0.0441,0.00506,0.00952,0.055
0,818,12693807104,3861,11967,12538,20556,1057,317555,,20501,1097,75284,9555,3100.0,3912,480984,0.014,0.0732,0.0197,0.197,0.00722,0.123,,0.083,0.0358,0.0499,0.0441,0.00506,0.0099,0.0552
0,818,12694515712,3861,11970,12538,20556,1057,317555,,20501,1060,75284,9555,3115.0,3916,480970,0.014,0.0732,0.0197,0.197,0.00699,0.123,,0.0831,0.0358,0.05,0.0441,0.00506,0.0099,0.0552
0,782,12708474880,3861,11970,12466,20556,1057,317555,,20501,1052,75284,9555,3115.0,3916,480890,0.0134,0.0732,0.0197,0.197,0.0072,0.12,,0.0831,0.036,0.0501,0.0441,0.00506,0.0099,0.0548
0,782,12703436800,3864,11970,12466,20556,1057,317555,,20491,1090,75284,9555,3115.0,3916,480920,0.0139,0.0723,0.0197,0.197,0.0072,0.124,,0.0831,0.0356,0.0501,0.0428,0.00506,0.0099,0.055
0,782,12709150720,3875,12010,12466,19967,1057,317505,,20491,1090,75407,9560,3115.0,3916,480460,0.0139,0.0745,0.0197,0.197,0.0072,0.124,,0.0831,0.0356,0.0501,0.0425,0.00506,0.0099,0.0552
0,0,12704854016,3875,12010,12466,20651,1012,317505,,20491,1090,75407,9265,3115.0,3916,480803,0.0139,0.0745,0.0197,0.197,0.0072,0.124,,0.0831,0.0356,0.0501,0.0442,0.0049,0.0099,0.0554
0,0,12708171776,3875,12010,12466,20651,1021,317505,,20491,1090,73027,9595,3115.0,3916,478763,0.0139,0.0745,0.0196,0.197,0.0072,0.124,,0.0831,0.0356,0.0501,0.0442,0.00488,0.0099,0.0554
0,799,12707176448,3875,12010,12556,20651,1054,317505,,20474,1093,75575,9595,3120.0,3936,481444,0.0139,0.0755,0.0191,0.197,0.0072,0.124,,0.0831,0.0356,0.0501,0.0442,0.00512,0.0099,0.0554
0,1578,12710834176,3875,12010,12556,20696,1054,318659,,20474,1093,75575,9595,3120.0,3936,482643,0.0139,0.0755,0.0198,0.197,0.0072,0.124,,0.0833,0.0345,0.0501,0.0442,0.00512,0.00986,0.0554
0,1578,12715728896,3875,12010,12556,20696,1054,318659,,20474,1104,75575,9617,3120.0,3936,482676,0.0139,0.0755,0.0198,0.197,0.0072,0.124,,0.0833,0.0359,0.0503,0.0442,0.00512,0.00986,0.0556
0,1578,12714950656,3875,11588,12556,20696,1054,319045,,20474,1104,75575,9617,3133.0,3936,482652,0.0139,0.0755,0.0198,0.198,0.00672,0.124,,0.0835,0.0359,0.0487,0.0442,0.00512,0.00986,0.0554
0,1615,12712468480,3870,12094,12556,20696,1054,319045,,20450,1104,75575,9617,3133.0,3936,483129,0.0135,0.0755,0.0198,0.198,0.00706,0.124,,0.0835,0.0359,0.0504,0.0442,0.00512,0.00986,0.0555
0,1615,12718772224,3893,12094,12556,20696,1061,319045,,20450,1104,73029,9617,3133.0,3936,480613,0.014,0.0735,0.0199,0.198,0.00728,0.124,,0.0835,0.0359,0.0504,0.0443,0.00512,0.00993,0.0554
0,1651,12715495424,3893,12139,12556,20731,1061,319045,,20450,1100,72525,9617,3133.0,3948,480198,0.014,0.0762,0.0199,0.198,0.00728,0.12,,0.0835,0.0359,0.0504,0.0443,0.00512,0.00993,0.0554
0,1612,12711546880,3893,12139,12556,20731,1061,319045,,20450,1100,75831,9617,3133.0,3948,483503,0.014,0.0762,0.0199,0.198,0.00728,0.124,,0.0836,0.0359,0.0504,0.0443,0.00513,0.00957,0.0556
0,1612,12711485440,3893,12139,12673,20731,1068,318644,,20450,1100,73089,9629,3027.0,3948,480390,0.014,0.0762,0.0199,0.198,0.00728,0.124,,0.0836,0.0359,0.0506,0.0443,0.00513,0.00963,0.0557
0,1569,12716011520,3893,12139,12886,20731,1068,307292,,20573,1100,73595,9629,3133.0,3803,469841,0.014,0.0762,0.0199,0.198,0.00728,0.124,,0.0836,0.0359,0.0506,0.0443,0.00513,0.00994,0.0557
0,1591,12717056000,3893,12124,12886,20769,1068,309415,,19866,1100,75808,9629,3133.0,3940,473631,0.014,0.0762,0.02,0.198,0.00728,0.124,,0.0836,0.0366,0.0506,0.0443,0.00513,0.00994,0.0558
0,1597,12722065408,3883,12124,12886,20827,1068,318422,,20559,1061,75808,9629,3130.0,3940,483337,0.014,0.0762,0.02,0.198,0.00729,0.124,,0.0836,0.0366,0.0506,0.0443,0.00513,0.00994,0.0558
0,1623,12721311744,3889,12124,12886,20827,1068,318422,,20559,1120,75808,9629,3130.0,3940,483403,0.0139,0.0762,0.02,0.198,0.00729,0.124,,0.0834,0.0366,0.0506,0.0443,0.00513,0.00966,0.0557
0,1629,12716597248,3889,12124,12886,20827,1031,318422,,20559,1086,75808,9629,3130.0,3940,483332,0.0139,0.0762,0.02,0.198,0.00731,0.124,,0.0834,0.0366,0.0506,0.0443,0.00513,0.0096,0.0557
0,1629,12725211136,3889,12121,12842,20827,1074,318667,,20559,1121,75882,9629,3130.0,3940,483683,0.0138,0.0762,0.0193,0.198,0.00731,0.124,,0.0834,0.0366,0.0506,0.0443,0.00513,0.00999,0.0557
0,1592,12723056640,3889,12121,12842,20827,1041,318667,,20559,1121,75882,9629,3130.0,3969,483679,0.0138,0.0726,0.0201,0.198,0.00731,0.124,,0.0834,0.0366,0.0506,0.0443,0.00513,0.00999,0.0555
0,1592,12724244480,3889,12121,12842,20827,1075,318667,,20559,1121,75882,9629,3130.0,3969,483713,0.0138,0.0749,0.0201,0.198,0.00731,0.124,,0.0805,0.0354,0.0504,0.0443,0.00513,0.00999,0.0553
0,1592,12722839552,3889,12121,12842,20827,1075,318667,,20559,1121,76080,9643,3124.0,3969,483916,0.0138,0.0749,0.02,0.198,0.00731,0.124,,0.0832,0.0365,0.0505,0.0443,0.00513,0.01,0.0556
0,1592,12723683328,3886,12100,12379,20805,1075,310122,,19857,1121,76080,9643,3124.0,3969,474159,0.0138,0.0749,0.02,0.198,0.00735,0.124,,0.0836,0.0367,0.0505,0.0444,0.00513,0.01,0.0557
0,1592,12722921472,3767,12100,12869,20805,1075,319003,,20571,1121,76080,9643,3030.0,3989,484052,0.0138,0.0749,0.02,0.198,0.00735,0.124,,0.0836,0.0367,0.0505,0.0444,0.00513,0.01,0.0557
0,1680,12722765824,3741,12100,12869,20805,1075,319003,,20571,1119,75906,9643,3126.0,3989,483946,0.0137,0.0749,0.02,0.198,0.00735,0.124,,0.0836,0.0367,0.0505,0.0444,0.00513,0.01,0.0557
0,1680,12715986944,3878,12100,12869,20805,1076,309837,,20571,1119,75906,9650,3126.0,3989,474924,0.0137,0.0749,0.02,0.198,0.00735,0.124,,0.0836,0.0367,0.0505,0.0444,0.00513,0.0101,0.0557
0,1595,12713549824,3878,12100,12848,20805,1076,318345,,20571,1124,75906,9650,3120.0,3989,483411,0.0137,0.0749,0.02,0.198,0.00735,0.124,,0.0836,0.0367,0.0505,0.0444,0.00513,0.0101,0.0557
0,1595,12716044288,3878,12123,12848,20805,1076,318345,,20571,1124,75906,9650,3120.0,3864,483308,0.0137,0.0727,0.0201,0.198,0.00735,0.12,,0.0836,0.0367,0.0505,0.0444,0.00513,0.0101,0.0552
0,1595,12715098112,3878,12123,12848,20805,1077,318345,,20571,1124,75906,9607,3120.0,3837,483240,0.0137,0.0729,0.0193,0.198,0.00734,0.124,,0.0836,0.0367,0.0503,0.0444,0.00513,0.01,0.0554
0,1595,12716187648,3868,12123,12848,20766,1077,318345,,20571,1124,75799,9607,3120.0,3976,483223,0.0137,0.0752,0.0201,0.198,0.00734,0.124,,0.0809,0.0369,0.0504,0.0444,0.00513,0.01,0.0555
0,1595,12717797376,3854,11734,12848,20786,1077,317983,,20571,1124,75799,9607,3120.0,3976,482478,0.0137,0.0752,0.0201,0.198,0.0071,0.124,,0.0836,0.0369,0.0504,0.043,0.00513,0.01,0.0555
0,1620,12718104576,3854,12082,12782,20786,1077,317983,,20453,1124,75799,9607,3120.0,3976,482641,0.0137,0.0752,0.0201,0.198,0.0073,0.124,,0.0836,0.0369,0.0504,0.0443,0.00496,0.01,0.0557
0,1686,12716208128,3854,12082,12782,20786,1077,317983,,20453,1122,75799,9607,3111.0,3976,482631,0.0137,0.0752,0.0201,0.198,0.0073,0.124,,0.0836,0.0369,0.0504,0.0443,0.00514,0.01,0.0557
0,1686,12719284224,3854,12048,12362,20786,1076,317983,,20453,1127,75799,9614,3111.0,3976,482189,0.0137,0.0752,0.0201,0.198,0.0073,0.124,,0.0836,0.0369,0.0504,0.0443,0.00514,0.00971,0.0556
0,1608,12718661632,3854,12048,12819,20786,1076,307326,,20453,1127,72773,9614,3105.0,3976,468956,0.0137,0.0752,0.0201,0.197,0.0073,0.124,,0.0834,0.0369,0.0504,0.0443,0.00512,0.00997,0.0556
0,1585,12716482560,3851,12048,12819,20786,1076,317282,,20453,1127,73276,9614,3105.0,3976,479412,0.0137,0.0742,0.0201,0.197,0.0073,0.124,,0.0834,0.0363,0.0502,0.0443,0.00512,0.00997,0.0555
0,1585,12715634688,3851,12048,12723,20786,1076,317282,,20414,1127,75464,9612,3105.0,3976,481463,0.0137,0.0742,0.0201,0.197,0.00724,0.124,,0.0834,0.0363,0.0503,0.0443,0.00512,0.00999,0.0555
0,1585,12720017408,3851,12048,12723,20711,1076,316803,,20414,1120,75464,9612,3099.0,3857,480777,0.0137,0.0741,0.0201,0.197,0.00725,0.12,,0.0834,0.0363,0.0503,0.0443,0.00512,0.00999,0.0551
0,1585,12722151424,3851,12022,12723,20682,1076,316803,,20414,1120,75464,9612,3099.0,3951,480817,0.0136,0.0741,0.0199,0.197,0.00725,0.124,,0.0833,0.0363,0.0503,0.0443,0.00512,0.00999,0.0554
0,1632,12726714368,3718,12009,12723,20682,1076,316803,,20414,1118,75464,9612,3099.0,3951,480669,0.0136,0.0741,0.0199,0.197,0.00725,0.124,,0.0833,0.0363,0.0503,0.0443,0.00512,0.00999,0.0554
0,1632,12728446976,3870,12009,12723,20682,1076,316803,,20359,1118,75464,9612,3099.0,3951,480767,0.0136,0.0741,0.0199,0.197,0.00725,0.124,,0.0833,0.0366,0.0503,0.0443,0.00512,0.00999,0.0554
0,1662,12722638848,3870,12009,12809,20682,1043,316473,,20359,1118,75464,9612,3091.0,3951,480481,0.0133,0.0741,0.0199,0.197,0.00725,0.124,,0.0833,0.0366,0.0482,0.0443,0.00511,0.00999,0.0552
0,1636,12725182464,3870,12009,12809,20682,1076,316473,,20239,1118,73104,9255,3091.0,3951,477678,0.0133,0.0741,0.0199,0.197,0.00724,0.124,,0.0807,0.0366,0.0485,0.0429,0.00495,0.01,0.0549
0,1562,12728877056,3877,12009,12883,20716,1076,316137,,20239,1118,75376,9242,3098.0,3951,479722,0.0133,0.0716,0.02,0.197,0.00724,0.124,,0.0801,0.0366,0.0502,0.0426,0.0051,0.01,0.0548
0,1562,12738621440,3877,12009,12883,20790,1076,316137,,20239,1130,75376,9601,3098.0,3951,480166,0.0133,0.0749,0.02,0.197,0.00702,0.124,,0.0831,0.0368,0.0502,0.0443,0.0051,0.01,0.0555
0,1562,12745912320,3877,12009,12883,20790,1076,316137,,20239,1130,75376,9601,3098.0,3817,480032,0.0133,0.0757,0.02,0.197,0.00697,0.123,,0.0829,0.0368,0.0502,0.0443,0.0051,0.01,0.0555
0,1604,12744929280,3877,12009,12883,20790,1076,316137,,20239,1130,75376,9601,3098.0,3988,480203,0.0133,0.0757,0.02,0.197,0.00733,0.123,,0.0829,0.0368,0.0502,0.0443,0.00511,0.01,0.0555
0,1650,12742631424,3864,12044,12883,20790,1076,316137,,20239,1130,75376,9601,3098.0,3988,480225,0.0133,0.0757,0.02,0.197,0.00733,0.123,,0.0829,0.0368,0.0502,0.0443,0.00511,0.01,0.0555
338,1620,12744765440,3864,12040,13047,20790,1074,316137,,20239,1130,75376,9601,3083.0,3988,480369,0.0133,0.0757,0.02,0.197,0.00733,0.123,,0.0829,0.0374,0.0502,0.0443,0.00511,0.01,0.0556
338,1620,12742111232,3726,12040,12979,20790,1074,314643,,20208,1130,75376,9601,2981.0,3988,478535,0.0133,0.0757,0.0198,0.197,0.00727,0.123,,0.0829,0.0374,0.0502,0.0444,0.00511,0.01,0.0555
679,1620,12742557696,3852,12040,12979,20790,1090,314643,,20208,1130,70410,9601,3085.0,3988,473815,0.0131,0.0757,0.0198,0.197,0.00727,0.123,,0.0829,0.0374,0.0502,0.0444,0.00511,0.0101,0.0555
679,1574,12738662400,3852,12040,12979,20005,1090,314643,,20169,1130,70410,9623,3085.0,3988,473014,0.0131,0.0757,0.0202,0.197,0.00727,0.123,,0.0827,0.0374,0.0487,0.0444,0.00511,0.0101,0.0554
679,1574,12737265664,3852,12040,12979,20779,1090,314643,,20169,1130,72325,9623,3085.0,3988,475703,0.013,0.0763,0.0202,0.197,0.00727,0.123,,0.0827,0.0371,0.0502,0.0444,0.00511,0.0101,0.0556
695,1598,12740067328,3846,11602,12988,20779,1088,314643,,20169,1099,75366,9615,3085.0,4009,478289,0.013,0.0736,0.0202,0.197,0.0073,0.123,,0.0829,0.0371,0.0502,0.0444,0.00497,0.0101,0.0554
695,1591,12735922176,3846,12020,12988,20779,1088,314643,,20169,1136,75366,9615,3085.0,4009,478744,0.013,0.0775,0.0202,0.197,0.0073,0.123,,0.0829,0.0371,0.0502,0.0445,0.00513,0.0101,0.0557
695,1636,12729913344,3846,12020,12988,20779,1088,314643,,20152,1136,75366,9615,3085.0,3993,478712,0.013,0.0775,0.0202,0.197,0.0073,0.124,,0.0829,0.0369,0.0503,0.0446,0.00513,0.0101,0.0557
715,1636,12734791680,3846,12020,12988,20779,1081,305547,,20152,1136,75366,9615,3085.0,3993,469608,0.013,0.0775,0.0202,0.191,0.0073,0.124,,0.0829,0.0369,0.0503,0.0446,0.00513,0.0101,0.0552
694,1636,12737163264,3846,12042,12987,20779,1081,316590,,20152,1136,75366,9615,3088.0,3993,480676,0.013,0.0775,0.0199,0.19,0.0073,0.124,,0.0829,0.0369,0.0503,0.0446,0.00513,0.0101,0.0551
682,1636,12739391488,3716,12042,12987,20764,1034,316590,,20152,1136,75366,9627,3088.0,3993,480495,0.013,0.0775,0.0199,0.197,0.0073,0.124,,0.0829,0.0369,0.0503,0.0446,0.00513,0.00978,0.0557
680,1591,12737314816,3741,12042,12987,20764,1041,316590,,20152,1136,75366,9640,3088.0,3980,480529,0.013,0.0779,0.0199,0.197,0.00728,0.124,,0.0829,0.0369,0.0503,0.0446,0.00513,0.00971,0.0557
683,1591,12738670592,3862,12042,12987,20764,1078,316590,,19325,1133,73202,9640,3088.0,3980,477692,0.013,0.0747,0.0199,0.197,0.00728,0.124,,0.0795,0.0369,0.0504,0.0445,0.00513,0.0101,0.0552
683,1591,12737200128,3862,12042,12580,20798,1078,316590,,20072,1133,75494,9640,3088.0,3826,480203,0.013,0.0752,0.0199,0.197,0.00728,0.124,,0.0801,0.0369,0.0504,0.0428,0.00513,0.0101,0.0551
683,1606,12763635712,3862,12042,12494,20798,1077,316590,,20072,1136,75494,9640,3082.0,3853,480141,0.013,0.078,0.0199,0.197,0.00728,0.124,,0.0827,0.0369,0.0504,0.0431,0.00495,0.0101,0.0556
671,1628,12769013760,3862,12038,12907,20798,1077,315795,,20028,1136,75494,9620,2970.0,3981,479706,0.013,0.078,0.0199,0.197,0.00728,0.124,,0.0827,0.037,0.0504,0.0445,0.00512,0.0101,0.0557
1082,1628,12770598912,3862,12038,12907,20798,1077,306569,,20028,1136,75494,9620,3077.0,3981,470587,0.013,0.078,0.0197,0.197,0.00728,0.124,,0.0827,0.037,0.0504,0.0445,0.00512,0.0101,0.0557
1494,1593,12770201600,3862,12038,12907,20822,1077,314742,,20028,1136,75494,9620,3077.0,3959,478761,0.013,0.078,0.0197,0.197,0.00727,0.124,,0.0799,0.037,0.0504,0.0445,0.00512,0.0101,0.0555
1478,1593,12779106304,3747,11623,12907,20822,1077,314742,,20028,1126,73218,9620,3077.0,3959,475945,0.0129,0.078,0.0197,0.197,0.00727,0.124,,0.0828,0.037,0.0504,0.0445,0.00512,0.00999,0.0557
1504,1593,12773117952,3722,11978,12907,20009,1077,314742,,20028,1126,75338,9620,3077.0,3959,477581,0.0129,0.0757,0.0197,0.197,0.00727,0.12,,0.0828,0.037,0.0502,0.0445,0.00512,0.00999,0.0552
1504,1593,12787507200,3831,11978,12907,20147,1082,314742,,20028,1126,75338,9311,3077.0,3959,477525,0.0129,0.0751,0.0197,0.197,0.00715,0.119,,0.0828,0.0365,0.0501,0.0431,0.00512,0.00999,0.0549
1489,1600,12859191296,3831,11976,12727,20793,1082,314742,,20028,1088,75202,9625,3077.0,3959,478129,0.0129,0.0771,0.0197,0.197,0.00715,0.12,,0.0828,0.0365,0.0501,0.0428,0.00513,0.00999,0.0551
1486,1600,12863303680,3831,11976,12727,20793,1049,315531,,20057,1127,75202,9625,3071.0,3959,478947,0.0129,0.0742,0.0197,0.197,0.00715,0.124,,0.0827,0.0365,0.0501,0.0444,0.00513,0.00999,0.0553
1489,1625,12864786432,3831,11976,12340,20793,1071,315531,,20018,1127,75202,9607,3071.0,3978,478543,0.0129,0.0769,0.0197,0.189,0.00713,0.124,,0.0827,0.0367,0.0501,0.0429,0.00513,0.00999,0.0547
1502,1631,12864163840,3831,11983,12781,20793,1071,315531,,20018,1127,75202,9607,2938.0,3978,478858,0.0129,0.0769,0.0195,0.191,0.00713,0.124,,0.0827,0.0367,0.0501,0.0443,0.00513,0.01,0.055
1514,1613,12880789504,3831,11983,12781,20105,1071,315531,,20018,1127,75202,9607,2958.0,3978,478191,0.0129,0.0769,0.0195,0.197,0.00713,0.124,,0.0827,0.0367,0.0501,0.0443,0.00513,0.01,0.0555
1502,1613,12887953408,3830,11983,12781,20704,1072,315531,,20018,1125,75147,9607,3063.0,3972,478832,0.0128,0.0769,0.0195,0.197,0.00713,0.123,,0.0827,0.0368,0.0502,0.0443,0.00513,0.00971,0.0555
1484,1578,12899504128,3822,11983,12781,20704,1072,315531,,19986,1125,75147,9607,3063.0,3972,478792,0.0123,0.0769,0.0195,0.197,0.00713,0.123,,0.0798,0.0368,0.0502,0.0443,0.00511,0.00964,0.0552
1488,1610,12900708352,3822,11983,12781,20704,1072,304607,,19986,1125,75147,9607,3063.0,3972,467869,0.0128,0.0759,0.0189,0.197,0.00716,0.123,,0.0826,0.0368,0.0486,0.0443,0.00511,0.0101,0.0552
1501,1610,12901773312,3822,11974,12355,20640,1077,314542,,19986,1125,72582,9597,3063.0,3972,474736,0.0128,0.0759,0.0195,0.197,0.00716,0.123,,0.0826,0.0368,0.0502,0.0443,0.00511,0.0101,0.0554
1491,1610,12902039552,3822,11974,12270,20640,1077,305132,,19986,1134,75076,9597,3054.0,3972,467733,0.0128,0.0759,0.0195,0.197,0.00716,0.123,,0.0826,0.0372,0.0502,0.0443,0.00511,0.00982,0.0554
1502,1610,12902010880,3822,11935,12794,20640,1077,313931,,19986,1134,75076,9282,3054.0,3999,476728,0.0128,0.0764,0.0195,0.197,0.00716,0.123,,0.0828,0.0372,0.0502,0.0443,0.00511,0.0101,0.0555
1498,1573,12897591296,3822,11935,12389,20640,1077,313931,,19938,1134,75272,9594,3054.0,3999,476783,0.0128,0.0764,0.0193,0.197,0.00692,0.123,,0.0828,0.0372,0.0502,0.0444,0.00511,0.0101,0.0554
1519,1617,12896501760,3822,11935,12474,20640,1046,313931,,19938,1134,75272,9594,3054.0,3997,476835,0.0127,0.0764,0.0193,0.197,0.00717,0.123,,0.0828,0.0372,0.0502,0.0444,0.00511,0.0101,0.0555
1487,1656,12894785536,3824,11935,12854,20640,1053,313931,,19938,1096,75272,9594,3047.0,3997,477181,0.0126,0.0764,0.0193,0.197,0.00717,0.123,,0.0826,0.0369,0.0486,0.0444,0.00511,0.0101,0.0553
1487,1607,12894412800,3824,11935,12854,20651,1086,313931,,19907,1089,75413,9594,3047.0,3997,477330,0.0126,0.0764,0.0193,0.197,0.00717,0.123,,0.0826,0.0369,0.0483,0.0444,0.00511,0.0101,0.0553
1487,1607,12891471872,3824,11935,12854,20691,1054,313931,,19907,1137,75413,9594,3047.0,3997,477386,0.0126,0.0739,0.0193,0.197,0.00692,0.123,,0.0826,0.0369,0.0502,0.0446,0.00511,0.0101,0.0552
1500,1607,12888027136,3824,11455,12854,20691,1047,313033,,19907,1135,75413,9594,3047.0,3997,476000,0.0126,0.0753,0.0186,0.197,0.00716,0.123,,0.0826,0.0369,0.0501,0.0446,0.00511,0.0101,0.0552
1491,1607,12886130688,3824,11885,12854,20691,1089,313347,,19902,1135,75413,9571,2954.0,3826,476491,0.0126,0.0747,0.0193,0.197,0.00716,0.123,,0.0826,0.0368,0.0501,0.0431,0.00511,0.0101,0.0551
1524,1565,12886360064,3824,11885,12907,20691,1089,313347,,19902,1135,75197,9571,3055.0,3853,476455,0.0126,0.0747,0.0193,0.197,0.00716,0.123,,0.0796,0.037,0.0501,0.0445,0.00511,0.01,0.055
1524,1565,12886425600,3817,11445,12907,20691,1089,313347,,19902,1135,75197,9589,2950.0,3988,476056,0.012,0.0747,0.0193,0.197,0.00716,0.119,,0.0823,0.037,0.0501,0.0445,0.00511,0.01,0.0549
1483,1647,12889808896,3817,11931,12907,19859,1089,313347,,19902,1135,75197,9589,3048.0,3994,475815,0.0121,0.0747,0.0193,0.197,0.00716,0.123,,0.0823,0.037,0.0501,0.0445,0.0051,0.01,0.0552
1483,1606,12887859200,3817,11931,12892,20670,1089,313347,,19902,1135,75197,9589,3048.0,3994,476611,0.0125,0.0747,0.0193,0.197,0.00715,0.123,,0.0825,0.037,0.05,0.0445,0.00512,0.01,0.0552
1483,1606,12880764928,3817,11931,12892,20670,1089,313347,,19946,1135,72883,9601,3048.0,3994,474354,0.0125,0.0747,0.0193,0.197,0.00715,0.123,,0.0825,0.037,0.05,0.0445,0.00512,0.01,0.0552
1483,1606,12899184640,3817,11931,12865,20670,1089,313770,,19946,1104,75212,9601,3048.0,3994,477049,0.0125,0.0744,0.0193,0.19,0.00709,0.123,,0.0825,0.037,0.05,0.043,0.00512,0.01,0.0545
1476,1606,12904734720,3817,11931,12865,20670,1082,304536,,19946,1112,75212,9601,3049.0,3994,467816,0.0125,0.0747,0.0193,0.189,0.00709,0.123,,0.0825,0.037,0.05,0.0427,0.00512,0.0101,0.0544
1511,1606,12906557440,3810,11931,12865,20670,1082,314188,,19946,1147,75365,9601,3049.0,3991,477647,0.0125,0.0747,0.0194,0.197,0.00709,0.123,,0.0825,0.0374,0.05,0.0445,0.00512,0.0101,0.0553
1497,1562,12907638784,3780,11930,12865,20670,1082,314188,,19272,1147,75365,9601,3049.0,3991,476942,0.0125,0.0747,0.0194,0.197,0.00709,0.118,,0.0825,0.0362,0.0501,0.0447,0.00512,0.0101,0.0548
1477,1625,12908290048,3780,11904,13049,20670,1082,314188,,19923,1147,75365,9607,3049.0,3896,477661,0.0125,0.0747,0.0193,0.197,0.00709,0.119,,0.0798,0.0375,0.0501,0.0447,0.00498,0.0101,0.0547
1461,1651,12913229824,3780,11904,13049,20670,1082,314188,,19923,1147,75365,9301,3048.0,4031,477489,0.0125,0.0742,0.0193,0.19,0.0069,0.12,,0.0824,0.0375,0.0502,0.0447,0.00514,0.0101,0.0544
1490,1651,12909817856,3780,11904,13049,20670,1090,314188,,19923,1147,75365,9628,3048.0,4031,477824,0.0124,0.0742,0.0193,0.196,0.00715,0.123,,0.0799,0.0375,0.0502,0.0447,0.00514,0.0102,0.055
1476,1621,12911906816,3780,11904,13049,20632,1096,314062,,19188,1149,75365,9628,3048.0,4031,476932,0.0124,0.0742,0.0193,0.196,0.00715,0.123,,0.0825,0.0375,0.0502,0.0448,0.00496,0.0102,0.0552
1501,1597,12919840768,3780,11904,12634,20632,1096,314062,,19950,1149,72669,9628,3048.0,4031,474583,0.0124,0.0742,0.0195,0.197,0.0069,0.123,,0.0825,0.0363,0.0502,0.0448,0.00514,0.0102,0.0552
1496,1597,12915306496,3780,11929,12547,20632,1096,314062,,19950,1149,75384,9628,2952.0,4031,477139,0.0124,0.0741,0.0195,0.197,0.00685,0.12,,0.0825,0.0366,0.0501,0.0449,0.00514,0.0102,0.0549
1509,1597,12917010432,3660,11929,13144,20632,1096,302541,,19950,1152,75384,9628,2932.0,3904,465951,0.0124,0.0741,0.0195,0.197,0.00716,0.119,,0.0825,0.0378,0.0501,0.0449,0.00514,0.0102,0.0549
1497,1616,12919619584,3779,11929,13144,20632,1096,304630,,19950,1152,75384,9666,3055.0,4060,468478,0.0124,0.0738,0.0195,0.197,0.00716,0.123,,0.0825,0.0367,0.0501,0.0449,0.00514,0.00982,0.0552
1485,1611,12914855936,3779,11989,13199,20632,1096,313343,,19950,1152,75384,9666,3055.0,4060,477306,0.0124,0.0738,0.0195,0.197,0.00716,0.123,,0.0825,0.0365,0.0501,0.0449,0.00514,0.0102,0.0552
1494,1622,12917080064,3779,11989,13199,20632,1098,313343,,20072,1152,75384,9666,2963.0,4063,477340,0.0124,0.0738,0.0195,0.197,0.00716,0.12,,0.0827,0.0362,0.0502,0.0449,0.00514,0.0103,0.0549
1494,1585,12915372032,3779,12029,13199,20632,1103,313343,,20072,1152,75384,9670,3055.0,4063,477481,0.0125,0.0738,0.0195,0.197,0.00716,0.123,,0.0827,0.0381,0.0502,0.0449,0.00514,0.0103,0.0553
1478,1585,12917645312,3779,12029,13199,20636,1103,302930,,20072,1159,75384,9670,3055.0,4063,467079,0.0125,0.0738,0.0195,0.197,0.00719,0.123,,0.0827,0.0381,0.0502,0.0433,0.00514,0.0103,0.0552
1497,1585,12920135680,3779,12029,13199,20611,1103,314360,,20072,1130,75458,9670,3055.0,4063,478530,0.0125,0.0729,0.0195,0.19,0.00719,0.123,,0.0827,0.0381,0.0504,0.0436,0.00514,0.0103,0.0547
1497,1585,12922339328,3783,12029,13199,20611,1103,314360,,20082,1166,72908,9668,3055.0,4063,476029,0.0125,0.0729,0.0195,0.189,0.00718,0.123,,0.0827,0.0381,0.0504,0.045,0.00514,0.0103,0.0547
1511,1622,12920045568,3783,12029,12764,20611,1103,314360,,20082,1166,75600,9668,3055.0,4063,478286,0.0125,0.0729,0.0195,0.196,0.00718,0.123,,0.0827,0.0368,0.0504,0.045,0.00514,0.0103,0.0551
1530,1646,12921188352,3783,12029,13201,20611,1103,315086,,20082,1166,75600,9668,3063.0,4073,479466,0.0124,0.0738,0.0195,0.196,0.00718,0.123,,0.0827,0.038,0.0504,0.045,0.005,0.0103,0.0553
1489,1675,12925804544,3783,12029,13201,20611,1103,315086,,20082,1166,75600,9720,3063.0,4073,479518,0.0124,0.0738,0.0195,0.196,0.00718,0.123,,0.0827,0.0379,0.0504,0.0451,0.00518,0.0103,0.0553
1475,1629,12930813952,3783,12065,13198,20611,1070,314864,,20082,1160,75837,9720,3063.0,4073,479526,0.0124,0.0738,0.0195,0.19,0.00718,0.119,,0.0831,0.0379,0.0504,0.0451,0.00518,0.0103,0.0545
1495,1584,12935831552,3783,11697,13198,20634,1107,314864,,20222,1160,75837,9720,3077.0,4073,479374,0.0124,0.0738,0.0195,0.196,0.00712,0.12,,0.0806,0.0379,0.0504,0.0451,0.00517,0.0103,0.0549
1511,1584,12936912896,3783,12059,13198,19987,1107,314864,,20222,1160,75837,9716,3077.0,4073,479083,0.0125,0.0738,0.0194,0.196,0.00712,0.124,,0.083,0.0379,0.0504,0.0451,0.00517,0.0103,0.0554
1495,1584,12936871936,3783,12059,13198,20725,1107,314864,,20337,1160,75837,9716,3077.0,4073,479936,0.0125,0.0738,0.0187,0.196,0.00712,0.124,,0.083,0.0379,0.0486,0.0451,0.00517,0.0103,0.0552
1483,1618,12938665984,3795,12059,13122,20725,1107,315523,,20337,1156,75690,9716,3077.0,4057,480365,0.0125,0.0743,0.0192,0.191,0.00712,0.124,,0.083,0.0379,0.0489,0.0452,0.00517,0.0103,0.0548
1483,1618,12938096640,3802,12059,13122,20725,1107,315523,,20337,1156,75690,9716,3077.0,4053,480367,0.0125,0.0744,0.0192,0.189,0.00706,0.124,,0.083,0.0379,0.0506,0.0451,0.00517,0.0103,0.0549
1485,1618,12937895936,3802,12059,13073,20725,1105,315523,,20337,1156,75690,9716,3079.0,4053,480317,0.0125,0.0744,0.0192,0.196,0.00706,0.124,,0.083,0.0354,0.0506,0.0451,0.00517,0.0103,0.0552
1465,1605,12938579968,3802,12059,13073,20725,1105,315523,,20337,1156,75809,9735,2970.0,4053,480346,0.0125,0.0744,0.0192,0.196,0.00703,0.124,,0.083,0.0376,0.0506,0.0451,0.00496,0.0103,0.0554
1478,1611,12937814016,3802,12055,13073,20725,1105,315788,,20287,1157,75809,9759,3080.0,4053,480692,0.012,0.0744,0.0184,0.196,0.00703,0.124,,0.083,0.0376,0.0506,0.0451,0.00499,0.0103,0.0553
1508,1610,12941549568,3802,12055,13073,20834,1103,315788,,20287,1157,75809,9759,3080.0,4053,480800,0.0125,0.0744,0.019,0.191,0.00703,0.124,,0.083,0.0376,0.0506,0.0451,0.00499,0.0103,0.0549
1489,1607,12944470016,3802,12086,13073,20834,1103,307091,,20287,1157,75809,9759,3080.0,4053,472134,0.0125,0.0744,0.0189,0.196,0.00703,0.124,,0.083,0.0376,0.0506,0.0452,0.00516,0.0103,0.0554
1501,1634,12940779520,3802,12086,13088,20834,1103,316245,,20311,1157,75809,9759,3080.0,4046,481319,0.0125,0.0744,0.0189,0.196,0.00704,0.124,,0.083,0.0376,0.0506,0.0453,0.00516,0.0103,0.0554
1488,1601,12939767808,3657,12086,12491,20075,1103,316245,,20311,1157,76024,9759,3080.0,4035,480021,0.0125,0.0736,0.0189,0.196,0.00704,0.124,,0.083,0.0376,0.0509,0.0453,0.00516,0.0103,0.0554
1493,1601,12938772480,3697,12086,12899,20771,1103,316245,,20311,1157,76024,9759,3067.0,4035,481153,0.0125,0.071,0.0189,0.196,0.00704,0.124,,0.083,0.0376,0.0489,0.0453,0.00516,0.00988,0.055
1505,1601,12936990720,3811,12086,12899,20771,1103,316245,,20311,1157,76024,9759,3067.0,4035,481267,0.0125,0.0743,0.0189,0.196,0.00704,0.124,,0.083,0.0366,0.0492,0.0453,0.00516,0.0102,0.0552
1492,1601,12937547776,3811,12086,12899,20771,1100,307395,,20311,1157,76024,9762,3067.0,4035,472418,0.0125,0.0743,0.0189,0.196,0.007,0.124,,0.083,0.036,0.0509,0.0453,0.00516,0.0102,0.0553
1510,1601,12938383360,3811,12080,12899,20771,1100,305287,,20311,1140,76024,9762,3062.0,4035,470282,0.0125,0.0743,0.0189,0.196,0.007,0.124,,0.083,0.0372,0.0509,0.0453,0.00516,0.0102,0.0554
1518,1637,12932542464,3811,12054,12899,20771,1100,303179,,19554,1140,76024,9762,3062.0,4035,467391,0.0125,0.0743,0.0188,0.196,0.007,0.124,,0.0831,0.0372,0.0509,0.0454,0.00516,0.0102,0.0554
1518,1637,12933910528,3811,12054,12899,20823,1100,315899,,20359,1140,76024,9762,3062.0,4019,480953,0.0125,0.0747,0.0188,0.196,0.007,0.124,,0.0831,0.0372,0.0509,0.044,0.00516,0.0102,0.0553
1492,1577,12933087232,3811,12054,12511,20823,1099,315899,,20414,1140,75998,9762,3062.0,4019,480592,0.0126,0.0747,0.0186,0.19,0.00676,0.124,,0.0829,0.0372,0.0509,0.0437,0.00516,0.0102,0.0547
1481,1583,12928815104,3811,12054,12819,20823,1099,315899,,20414,1140,75998,9762,3075.0,4021,480915,0.0126,0.0747,0.0186,0.196,0.00691,0.124,,0.0829,0.0372,0.0492,0.0453,0.00516,0.0102,0.0553
1481,1610,12933996544,3683,12054,12942,20856,1099,315899,,20414,1140,75998,9762,3075.0,4021,480942,0.0126,0.0747,0.0186,0.196,0.00691,0.124,,0.0829,0.0372,0.0488,0.0453,0.00516,0.0099,0.0552
1494,1610,12936617984,3835,12055,12942,20856,1099,315899,,20414,1147,75998,9728,3078.0,4021,481071,0.0126,0.0742,0.0186,0.196,0.00691,0.121,,0.0829,0.0372,0.0507,0.0453,0.00516,0.00985,0.055
1483,1653,12937498624,3835,12055,12942,20856,1095,315899,,20414,1147,75998,9714,3078.0,4021,481054,0.0126,0.0742,0.0186,0.196,0.00692,0.124,,0.0829,0.0372,0.0507,0.0453,0.00515,0.0102,0.0554
1518,1653,12942774272,3835,12034,12942,20886,1095,315899,,19522,1144,75768,9714,3078.0,4006,479925,0.0126,0.0742,0.0187,0.197,0.00692,0.124,,0.083,0.0361,0.0507,0.0452,0.00515,0.0102,0.0553
1504,1616,12943081472,3835,12034,12942,20886,1095,315899,,20288,1144,75768,9714,3078.0,4006,480691,0.0126,0.0742,0.0187,0.197,0.00692,0.124,,0.083,0.0369,0.0507,0.0452,0.00513,0.0102,0.0554
1492,1574,12944793600,3835,12034,12942,20886,1099,314559,,20288,1144,75690,9714,3066.0,4006,479264,0.0126,0.0733,0.0187,0.197,0.00692,0.124,,0.083,0.0369,0.0507,0.0451,0.00513,0.0102,0.0553
1492,1574,12946550784,3835,12034,12942,20886,1099,314559,,20411,1114,75690,9714,3066.0,3991,479341,0.0116,0.0733,0.0187,0.197,0.00691,0.124,,0.0829,0.0369,0.0507,0.0451,0.00513,0.0102,0.0552
1490,1574,12942475264,3835,11985,12630,20877,1099,314559,,20411,1154,75690,9714,3066.0,3991,479012,0.012,0.0733,0.018,0.197,0.00691,0.124,,0.0829,0.0369,0.0507,0.0451,0.00513,0.0102,0.0551
1480,1610,12934598656,3835,11985,13055,20877,1098,314559,,20411,1154,75690,9674,3066.0,3991,479396,0.0125,0.0733,0.0186,0.197,0.00693,0.124,,0.0829,0.0369,0.0504,0.0451,0.00513,0.0101,0.0552
