Timestamp,Requests je Sekunde,Durchschnittliche Antwortzeitintervalle,i_o_read,i_o_write,memory,network_outgoing_pod-pod-1,network_outgoing_pod-pod-2,network_outgoing_pod-pod-3,network_outgoing_pod-pod-4,network_outgoing_pod-pod-5,network_outgoing_pod-pod-6,network_outgoing_pod-pod-7,network_outgoing_pod-pod-8,network_outgoing_pod-pod-9,network_outgoing_pod-pod-10,network_outgoing_pod-pod-11,network_outgoing_pod-pod-12,network_outgoing_pod-pod-13,network_outgoing_pod-pod-14,network_outgoing_pod-pod-15,network_outgoing_pod-pod-16,network_outgoing_pod-pod-17,network_outgoing_pod-pod-18,network_outgoing_pod-pod-19,network_outgoing_pod-pod-20,network_outgoing_pod-pod-21,network_outgoing_pod-pod-22,network_outgoing_pod-pod-23,network_outgoing_pod-pod-24,network_outgoing_pod-pod-25,network_outgoing_system,cpu_pod-pod-1,cpu_pod-pod-2,cpu_pod-pod-3,cpu_pod-pod-4,cpu_pod-pod-5,cpu_pod-pod-6,cpu_pod-pod-7,cpu_pod-pod-8,cpu_pod-pod-9,cpu_pod-pod-10,cpu_pod-pod-11,cpu_pod-pod-12,cpu_pod-pod-13,cpu_pod-pod-14,cpu_pod-pod-15,cpu_pod-pod-16,cpu_pod-pod-17,cpu_pod-pod-18,cpu_pod-pod-19,cpu_pod-pod-20,cpu_pod-pod-21,cpu_pod-pod-22,cpu_pod-pod-23,cpu_pod-pod-24,cpu_pod-pod-25,cpu_system,pod-restart-count-pod-1,pod-restart-count-pod-2,pod-restart-count-pod-3,pod-restart-count-pod-4,pod-restart-count-pod-5,pod-restart-count-pod-6,pod-restart-count-pod-7,pod-restart-count-pod-8,pod-restart-count-pod-9,pod-restart-count-pod-10,pod-restart-count-pod-11,pod-restart-count-pod-12,pod-restart-count-pod-13,pod-restart-count-pod-14,pod-restart-count-pod-15,pod-restart-count-pod-16,pod-restart-count-pod-17,pod-restart-count-pod-18,pod-restart-count-pod-19,pod-restart-count-pod-20,pod-restart-count-pod-21,pod-restart-count-pod-22,pod-restart-count-pod-23,pod-restart-count-pod-24,pod-restart-count-pod-25,cpu_system_lag_1,cpu_system_lag_2,cpu_system_lag_3,cpu_system_lag_4,cpu_system_lag_5,Requests je Sekunde_lag_1,Requests je Sekunde_lag_2,Requests je Sekunde_lag_3,Requests je Sekunde_lag_4,Requests je Sekunde_lag_5,memory_lag_1,memory_lag_2,memory_lag_3,memory_lag_4,memory_lag_5,Requests je Sekunde_rolling_avg_5,cpu_system_rolling_avg_5,memory_rolling_avg_5,cpu_pod-pod-1_rolling_avg_5,cpu_pod-pod-11_rolling_avg_5,cpu_pod-pod-8_rolling_avg_5,cpu_system_cumsum,memory_cumsum,network_outgoing_system_log_scaled,memory_log_scaled,cpu_system_log_scaled
24,5,51.8,7545,0,13071523840,111,41.7,113,38.8,20.7,121,38.7,122,244,88.0,29.0,233,489.0,4.38,9.16,36.0,117,113,23.1,242,89.0,17.1,72.3,45.5,150,2608,0.0205,0.00131,0.0115,0.00214,4.22e-05,0.000352,0.000199,0.00452,0.00397,0.000363,5.85e-05,0.0005,0.00581,0.00649,0.000495,0.000166,0.00277,0.000316,4.65e-05,0.0039,0.000398,0.000419,0.00202,7.86e-05,0.000387,0.00572,0.0,0,0.0,0.0,0,0,0.0,0,0.0,0.0,0,0.0,0,0,0.0,0.0,0,0.0,0,0,0.0,0,0.0,0.0,0,,,,,,,,,,,,,,,,,,,,,,0.00572,13071523840,7.866722285136729,23.293701948528525,0.005703702916678078
26,3,119.0,7569,0,13068718080,112,40.9,114,37.7,19.9,122,42.4,123,246,85.8,28.3,457,489.0,4.38,9.16,35.0,118,114,22.4,244,86.6,16.6,72.9,44.2,159,2844,0.0206,0.00129,0.0115,0.00153,4.08e-05,0.000343,0.000195,0.00456,0.00401,0.000352,5.7e-05,0.000504,0.00581,0.00704,0.000486,0.000162,0.00279,0.000318,4.51e-05,0.00393,0.000318,0.00041,0.00204,7.61e-05,0.000391,0.00574,0.0,0,0.0,0.0,0,0,0.0,0,0.0,0.0,0,0.0,0,0,0.0,0.0,0,0.0,0,0,0.0,0,0.0,0.0,0,0.00572,,,,,5.0,,,,,13071523840.0,,,,,,,,,,,0.011460000000000001,26140241920,7.953318346560431,23.293487278747033,0.00572358896959552
28,9,70.66666666666667,7594,0,13070958592,113,39.0,115,36.7,19.2,123,41.3,124,249,83.7,27.5,461,489.0,176.0,9.16,34.0,119,115,21.7,246,84.5,16.1,73.5,42.9,160,3018,0.0208,0.00126,0.0116,0.00175,3.95e-05,0.000347,0.000191,0.0046,0.00384,0.000341,4.47e-05,0.000508,0.00581,0.0076,0.00025,0.000158,0.00281,0.000321,4.72e-05,0.00396,0.000318,0.000395,0.00206,7.36e-05,0.000394,0.0058,0.0,0,0.0,0.0,0,0,0.0,0,0.0,0.0,0,0.0,0,0,0.0,0.0,0,0.0,0,0,0.0,0,0.0,0.0,0,0.00574,0.00572,,,,3.0,5.0,,,,13068718080.0,13071523840.0,,,,,,,,,,0.01726,39211200512,8.012680929706839,23.29365870489231,0.005783244755727333
30,2,64.5,7618,0,13072769024,124,42.2,146,35.7,18.4,121,40.2,125,251,81.5,27.3,465,489.0,187.0,9.79,34.5,120,116,20.9,248,82.4,15.6,74.1,41.6,161,3077,0.021,0.00124,0.0117,0.0017,3.81e-05,0.000349,0.000187,0.00464,0.00387,0.000265,5.06e-05,0.000512,0.00581,0.00815,0.000245,0.000153,0.00283,0.000324,4.56e-05,0.004,0.000363,0.000379,0.00208,7.11e-05,0.000397,0.00587,0.0,0,0.0,0.0,0,0,0.0,0,0.0,0.0,0,0.0,0,0,0.0,0.0,0,0.0,0,0,0.0,0,0.0,0.0,0,0.0058,0.00574,0.00572,,,9.0,3.0,5.0,,,13070958592.0,13068718080.0,13071523840.0,,,,,,,,,0.02313,52283969536,8.032035314398824,23.293797203275506,0.005852838675235257
32,6,345.6666666666667,7626,0,13083889664,125,41.3,147,34.6,17.7,122,39.2,188,253,79.3,26.6,468,489.0,199.0,9.61,33.5,121,117,20.2,250,80.4,15.1,74.7,44.9,163,3159,0.0208,0.00121,0.0118,0.00165,3.67e-05,0.000352,0.000185,0.00577,0.0039,0.0003,4.92e-05,0.00124,0.00581,0.00527,0.00024,0.000149,0.00286,0.000596,4.41e-05,0.00386,0.000351,0.000364,0.00201,6.24e-05,0.0004,0.00578,0.0,0,0.0,0.0,0,0,0.0,0,0.0,0.0,0,0.0,0,0,0.0,0.0,0,0.0,0,0,0.0,0,0.0,0.0,0,0.00587,0.0058,0.00574,0.00572,,2.0,9.0,3.0,5.0,,13072769024.0,13070958592.0,13068718080.0,13071523840.0,,5.0,0.005782000000000001,13073571840.0,0.02074,5.2000000000000004e-05,0.004818,0.02891,65367859200,8.058327306580958,23.294647513768282,0.005763359889104421
34,14,235.42857142857144,7651,0,13091373056,126,40.4,149,33.6,16.9,123,38.1,190,245,77.1,25.8,472,489.0,211.0,9.43,32.5,121,118,20.2,252,78.3,14.6,75.3,43.5,164,3165,0.0209,0.00119,0.0119,0.0016,3.6e-05,0.000355,0.00018,0.00582,0.00394,0.00029,4.78e-05,0.00125,0.00581,0.0056,0.000235,0.000144,0.00288,0.000601,4.26e-05,0.00386,0.000339,0.000349,0.00212,7.36e-05,0.000403,0.00583,0.0,0,0.0,0.0,0,0,0.0,0,0.0,0.0,0,0.0,0,0,0.0,0.0,0,0.0,0,0,0.0,0,0.0,0.0,0,0.00578,0.00587,0.0058,0.00574,0.00572,6.0,2.0,9.0,3.0,5.0,13083889664.0,13072769024.0,13070958592.0,13068718080.0,13071523840.0,6.8,0.005804,13077541683.2,0.020819999999999998,4.986e-05,0.005078,0.03474,78459232256,8.060224240440958,23.29521930495016,0.005813071314291507
36,8,107.625,7675,0,13091799040,127,39.5,150,36.4,16.1,124,37.0,191,245,75.0,25.1,476,489.0,222.0,9.25,31.5,124,119,19.4,329,76.2,14.2,89.3,42.0,165,3272,0.0211,0.00116,0.0145,0.00155,3.46e-05,0.000358,0.000176,0.00587,0.00397,0.00028,4.65e-05,0.00126,0.00581,0.00593,0.00023,0.000145,0.00276,0.000605,4.11e-05,0.00416,0.000327,0.000334,0.00214,7.07e-05,0.000407,0.0061,0.0,0,0.0,0.0,0,0,0.0,0,0.0,0.0,0,0.0,0,0,0.0,0.0,0,0.0,0,0,0.0,0,0.0,0.0,0,0.00583,0.00578,0.00587,0.0058,0.00574,14.0,6.0,2.0,9.0,3.0,13091373056.0,13083889664.0,13072769024.0,13070958592.0,13068718080.0,7.8,0.005876,13082157875.2,0.02092,4.7760000000000004e-05,0.00534,0.04084,91551031296,8.09346227450118,23.29525184371196,0.00608147031586796
38,19,144.94736842105263,7540,0,13089673216,128,38.6,151,35.3,15.4,124,36.0,193,255,72.8,24.3,480,489.0,234.0,9.08,30.4,125,115,18.7,331,74.1,13.7,90.1,40.6,166,3291,0.0212,0.00114,0.0146,0.0015,3.32e-05,0.000361,0.000172,0.00592,0.00388,0.00027,4.51e-05,0.00127,0.00581,0.00627,0.000225,0.000141,0.00278,0.00061,3.96e-05,0.00419,0.000315,0.000319,0.00216,6.79e-05,0.000457,0.00615,0.0,0,0.0,0.0,0,0,0.0,0,0.0,0.0,0,0.0,0,0,0.0,0.0,0,0.0,0,0,0.0,0,0.0,0.0,0,0.0061,0.00583,0.00578,0.00587,0.0058,8.0,14.0,6.0,2.0,9.0,13091799040.0,13091373056.0,13083889664.0,13072769024.0,13070958592.0,9.8,0.005946,13085900800.0,0.021,4.784e-05,0.0056040000000000005,0.046990000000000004,104640704512,8.09925056179696,23.295089452232695,0.006131165930240219
40,14,93.0,7563,0,13092663296,129,37.7,152,34.1,10.0,125,34.9,194,257,67.7,23.5,483,489.0,246.0,8.9,29.4,126,846,17.9,334,72.1,14.0,90.8,39.1,168,4030,0.0214,0.00111,0.0147,0.00144,3.18e-05,0.000363,0.000168,0.00597,0.00391,0.00026,4.37e-05,0.00128,0.00581,0.0066,0.000221,0.000136,0.0028,0.000615,2.88e-05,0.00423,0.000304,0.000304,0.00217,6.51e-05,0.00046,0.0062,0.0,0,0.0,0.0,0,0,0.0,0,0.0,0.0,0,0.0,0,0,0.0,0.0,0,0.0,0,0,0.0,0,0.0,0.0,0,0.00615,0.0061,0.00583,0.00578,0.00587,19.0,8.0,14.0,6.0,2.0,13089673216.0,13091799040.0,13091373056.0,13083889664.0,13072769024.0,12.2,0.006012,13089879654.4,0.021079999999999998,4.646e-05,0.00587,0.05319,117733367808,8.301769763117166,23.29531785660076,0.006180859075081115
42,14,94.0,9505,0,13085618176,152,36.8,153,33.0,9.51,126,37.3,196,259,65.6,25.3,3991,489.0,257.0,8.72,24.7,127,853,17.2,337,73.2,13.5,91.5,37.7,198,7612,0.0216,0.00109,0.0148,0.00139,3.04e-05,0.000403,0.000163,0.00601,0.00395,0.000249,4.24e-05,0.00129,0.00581,0.00693,0.000191,0.000132,0.00282,0.0012,2.77e-05,0.00426,0.000292,0.000289,0.00219,6.23e-05,0.000464,0.00631,0.0,0,0.0,0.0,0,0,0.0,0,0.0,0.0,0,0.0,0,0,0.0,0.0,0,0.0,0,0,0.0,0,0.0,0.0,0,0.0062,0.00615,0.0061,0.00583,0.00578,14.0,19.0,8.0,14.0,6.0,13092663296.0,13089673216.0,13091799040.0,13091373056.0,13083889664.0,13.8,0.006118,13090225356.8,0.021240000000000002,4.51e-05,0.005918,0.0595,130818985984,8.937612591306213,23.29477961499181,0.006290175302190091
44,12,154.33333333333334,9524,0,13088944128,153,35.9,154,31.8,8.99,170,36.1,197,261,63.5,24.4,4022,489.0,213.0,8.54,23.9,128,859,16.4,339,71.0,13.0,92.2,36.2,199,7649,0.0223,0.00106,0.0149,0.00134,2.37e-05,0.000406,0.00015,0.0111,0.00398,0.000239,4.1e-05,0.0013,0.00581,0.00726,0.000191,0.000127,0.00284,0.00121,2.65e-05,0.00429,0.00028,0.000212,0.00221,5.95e-05,0.000468,0.00682,0.0,0,0.0,0.0,0,0,0.0,0,0.0,0.0,0,0.0,0,0,0.0,0.0,0,0.0,0,0,0.0,0,0.0,0.0,0,0.00631,0.0062,0.00615,0.0061,0.00583,14.0,14.0,19.0,8.0,14.0,13085618176.0,13092663296.0,13089673216.0,13091799040.0,13091373056.0,13.4,0.0063159999999999996,13089739571.2,0.02152,4.374e-05,0.006973999999999999,0.06631999999999999,143907930112,8.942460926820582,23.295033751200776,0.0067968490002727035
46,21,206.6190476190476,11481,0,13087113216,154,29.6,156,30.7,8.46,172,34.9,199,263,61.5,23.6,4053,489.0,213.0,9.68,23.0,129,866,15.6,342,68.9,12.5,92.9,26.6,201,7674,0.0225,0.00104,0.0151,0.00117,2.26e-05,0.000409,0.000146,0.0112,0.00401,0.00016,3.96e-05,0.00131,0.00581,0.00759,0.00021,0.000135,0.00296,0.00122,2.54e-05,0.00433,0.000257,0.000263,0.00223,5.67e-05,0.000471,0.00688,0.0,0,0.0,0.0,0,0,0.0,0,0.0,0.0,0,0.0,0,0,0.0,0.0,0,0.0,0,0,0.0,0,0.0,0.0,0,0.00682,0.00631,0.0062,0.00615,0.0061,12.0,14.0,14.0,19.0,8.0,13088944128.0,13085618176.0,13092663296.0,13089673216.0,13091799040.0,16.0,0.006472,13088802406.4,0.0218,4.236e-05,0.00804,0.07319999999999999,156995043328,8.945723572455398,23.294893859086482,0.006856440796486396
48,10,64.4,11534,0,13097287680,155,28.9,376,29.5,7.94,173,33.8,456,265,59.4,22.7,4084,489.0,753.0,9.47,22.1,130,873,7.07,486,66.7,12.0,93.6,31.4,203,8866,0.0226,0.00104,0.0171,0.00138,2.14e-05,0.000412,0.000142,0.0113,0.00404,0.00016,3.69e-05,0.00384,0.00581,0.00672,0.000205,0.00013,0.00298,0.00123,2.43e-05,0.00436,0.000245,0.000247,0.00224,5.39e-05,0.000475,0.00723,0.0,0,0.0,0.0,0,0,0.0,0,0.0,0.0,0,0.0,0,0,0.0,0.0,0,0.0,0,0,0.0,0,0.0,0.0,0,0.00688,0.00682,0.00631,0.0062,0.00615,21.0,12.0,14.0,14.0,19.0,13087113216.0,13088944128.0,13085618176.0,13092663296.0,13089673216.0,14.2,0.0066879999999999995,13090325299.2,0.02208,4.072e-05,0.009115999999999999,0.08042999999999999,170092331008,9.090091799380007,23.295670998464367,0.007203988848502455
50,18,125.33333333333331,11587,0,13033762816,157,28.1,379,32.4,7.42,174,32.6,459,267,57.3,21.9,4115,489.0,783.0,9.27,21.2,132,879,7.07,489,64.6,6.8,160.0,30.0,204,9007,0.0228,0.00102,0.0172,0.00132,2.03e-05,0.000415,0.000138,0.0114,0.00407,0.000188,3.55e-05,0.00387,0.00581,0.007,0.0002,0.000125,0.003,0.00123,2.31e-05,0.00425,0.000234,0.000232,0.00226,3.68e-05,0.000478,0.00728,0.0,0,0.0,0.0,0,0,0.0,0,0.0,0.0,0,0.0,0,0,0.0,0.0,0,0.0,0,0,0.0,0,0.0,0.0,0,0.00723,0.00688,0.00682,0.00631,0.0062,10.0,21.0,12.0,14.0,14.0,13097287680.0,13087113216.0,13088944128.0,13085618176.0,13092663296.0,15.0,0.006904,13078545203.2,0.02236,3.908e-05,0.010202,0.08770999999999998,183126093824,9.105868350379472,23.29080896743769,0.007253628711308066
52,17,161.7058823529412,11557,0,13033902080,158,27.3,382,31.1,6.9,175,31.4,463,269,49.8,21.1,4146,489.0,813.0,9.06,20.4,133,886,8.99,493,62.4,6.51,161.0,28.7,206,9077,0.023,0.00099,0.0173,0.00127,1.92e-05,0.000487,0.000134,0.0114,0.00399,0.000179,3.42e-05,0.0039,0.00581,0.00728,0.000195,0.00012,0.00302,0.00124,2.38e-05,0.00425,0.000223,0.000216,0.00219,4.63e-05,0.000482,0.00732,0.0,0,0.0,0.0,0,0,0.0,0,0.0,0.0,0,0.0,0,0,0.0,0.0,0,0.0,0,0,0.0,0,0.0,0.0,0,0.00728,0.00723,0.00688,0.00682,0.00631,18.0,10.0,21.0,12.0,14.0,13033762816.0,13097287680.0,13087113216.0,13088944128.0,13085618176.0,15.6,0.0071059999999999995,13068201984.0,0.02264,3.744e-05,0.01128,0.09502999999999998,196159995904,9.113609183016411,23.290819652245904,0.007293338827465375
54,23,203.56521739130432,11530,0,13010030592,159,26.6,384,29.8,6.37,177,29.4,466,261,57.5,20.2,4176,489.0,843.0,8.86,27.5,134,893,8.47,497,63.2,6.21,162.0,27.3,207,9161,0.0232,0.000964,0.0175,0.00121,1.8e-05,0.000491,0.00013,0.0115,0.00401,0.00017,3.29e-05,0.00392,0.00581,0.00756,0.00019,0.000115,0.00305,0.00125,2.26e-05,0.00425,0.000211,0.0002,0.00238,4.35e-05,0.000647,0.0074,0.0,0,0.0,0.0,0,0,0.0,0,0.0,0.0,0,0.0,0,0,0.0,0.0,0,0.0,0,0,0.0,0,0.0,0.0,0,0.00732,0.00728,0.00723,0.00688,0.00682,17.0,18.0,10.0,21.0,12.0,13033902080.0,13033762816.0,13097287680.0,13087113216.0,13088944128.0,17.8,0.007222000000000001,13052419276.8,0.02282,3.5820000000000006e-05,0.01136,0.10242999999999998,209170026496,9.122819774446688,23.28898648096691,0.007372754329413085
56,25,212.72,11470,0,13012004864,206,25.8,387,28.5,,178,28.3,470,282,55.3,19.4,4207,489.0,873.0,8.65,26.3,135,899,7.95,500,60.9,5.91,164.0,25.9,209,9293,0.0233,0.000939,0.0176,0.00115,1.66e-05,0.000494,0.000126,0.0116,0.00404,0.000161,3.15e-05,0.00395,0.00581,0.00784,0.000185,0.00011,0.00307,0.00126,2.14e-05,0.00547,0.0002,0.000184,0.0024,4.08e-05,0.000652,0.00756,0.0,0,0.0,0.0,0,0,0.0,0,0.0,0.0,0,0.0,0,0,0.0,0.0,0,0.0,0,0,0.0,0,0.0,0.0,0,0.0074,0.00732,0.00728,0.00723,0.00688,23.0,17.0,18.0,10.0,21.0,13010030592.0,13033902080.0,13033762816.0,13097287680.0,13087113216.0,18.6,0.007358000000000001,13037397606.4,0.02298,3.4200000000000005e-05,0.01144,0.10998999999999998,222182031360,9.137124309644923,23.28913821944309,0.007531566415346586
58,17,128.64705882352942,11521,0,12983078912,207,26.6,390,27.2,,179,27.2,473,284,53.0,19.9,11358,489.0,903.0,9.82,25.0,136,871,7.43,504,58.7,5.62,165.0,24.5,279,16525,0.0235,0.000913,0.0177,0.00109,1.55e-05,0.000498,0.00011,0.0117,0.00407,0.000152,3.02e-05,0.00398,0.00581,0.00812,0.00018,0.00011,0.00309,0.00278,2.03e-05,0.00551,0.000122,0.000168,0.00241,3.8e-05,0.000656,0.00773,0.0,0,0.0,0.0,0,0,0.0,0,0.0,0.0,0,0.0,0,0,0.0,0.0,0,0.0,0,0,0.0,0,0.0,0.0,0,0.00756,0.0074,0.00732,0.00728,0.00723,25.0,23.0,17.0,18.0,10.0,13012004864.0,13010030592.0,13033902080.0,13033762816.0,13097287680.0,20.0,0.007457999999999999,13014555852.8,0.023159999999999997,3.286e-05,0.011519999999999999,0.11771999999999998,235165110272,9.71269017726113,23.286912724485212,0.007700276626187931
60,22,238.6818181818182,11560,0,12988846080,209,25.8,393,25.9,,262,26.0,477,286,50.8,19.0,11441,489.0,933.0,9.82,23.8,137,3192,6.91,708,56.4,5.32,166.0,23.2,281,19246,0.0229,0.000887,0.0178,0.00104,1.44e-05,0.000502,0.000122,0.0114,0.0041,0.000142,2.89e-05,0.00679,0.00581,0.0084,0.000178,0.000105,0.00311,0.0028,1.91e-05,0.00555,0.000122,,0.00243,3.53e-05,0.000661,0.00792,0.0,0,0.0,0.0,0,0,0.0,0,0.0,0.0,0,0.0,0,0,0.0,0.0,0,0.0,0,0,0.0,0,0.0,0.0,0,0.00773,0.00756,0.0074,0.00732,0.00728,17.0,25.0,23.0,17.0,18.0,12983078912.0,13012004864.0,13010030592.0,13033902080.0,13033762816.0,20.8,0.007586000000000001,13005572505.6,0.02318,3.154e-05,0.011519999999999999,0.12563999999999997,248153956352,9.865110483415124,23.28735683235139,0.007888801420237238
62,17,96.11764705882354,11601,0,12989300736,210,25.0,396,34.7,,263,24.9,480,288,48.5,18.0,11523,489.0,963.0,10.8,22.6,138,3215,6.39,713,54.2,5.02,167.0,18.6,283,19399,0.025,0.000862,0.0191,0.000979,1.33e-05,0.000505,0.000118,0.0214,0.00413,0.00014,2.76e-05,0.00684,0.00581,0.00868,0.000173,9.95e-05,0.00313,0.00282,1.79e-05,0.00559,0.000155,,0.00245,3.26e-05,0.000666,0.00906,0.0,0,0.0,0.0,0,0,0.0,0,0.0,0.0,0,0.0,0,0,0.0,0.0,0,0.0,0,0,0.0,0,0.0,0.0,0,0.00792,0.00773,0.00756,0.0074,0.00732,22.0,17.0,25.0,23.0,17.0,12988846080.0,12983078912.0,13012004864.0,13010030592.0,13033902080.0,20.8,0.007934,12996652236.8,0.02358,3.022e-05,0.013519999999999999,0.1347,261143257088,9.87302834505142,23.287391835310085,0.00901920442015993
64,24,158.0,11506,0,12989693952,212,24.2,385,32.9,,265,23.7,468,291,46.3,17.1,11606,489.0,1441.0,10.5,21.4,144,3238,5.87,718,51.9,4.73,168.0,18.6,285,19968,0.0252,0.000866,0.0193,0.000881,1.22e-05,0.000509,0.000114,0.0215,0.00409,0.00013,2.62e-05,0.00689,0.00581,0.00896,0.000168,9.43e-05,0.0033,0.00284,,0.00563,0.000144,,0.00247,2.98e-05,0.000671,0.00913,0.0,0,0.0,0.0,0,0,0.0,0,0.0,0.0,0,0.0,0,0,0.0,0.0,0,0.0,0,0,0.0,0,0.0,0.0,0,0.00906,0.00792,0.00773,0.00756,0.0074,17.0,22.0,17.0,25.0,23.0,12989300736.0,12988846080.0,12983078912.0,13012004864.0,13010030592.0,21.0,0.00828,12992584908.8,0.02398,2.8879999999999998e-05,0.01552,0.14382999999999999,274132951040,9.90193635004339,23.28742210715122,0.009088573508331085
66,19,175.0,11442,0,12993241088,213,23.4,798,31.1,,267,22.6,468,293,44.0,16.2,11688,489.0,1485.0,10.3,20.1,145,3261,5.35,723,49.6,4.43,164.0,18.6,287,20528,0.0253,0.000839,0.0194,0.00108,,0.000632,0.00011,0.0217,0.00412,0.000121,3.1e-05,0.00694,0.00581,0.00921,0.000163,8.9e-05,0.00333,0.00286,,0.00568,0.000133,,0.00248,,0.000836,0.00924,0.0,0,0.0,0.0,0,0,0.0,0,0.0,0.0,0,0.0,0,0,0.0,0.0,0,0.0,0,0,0.0,0,0.0,0.0,0,0.00913,0.00906,0.00792,0.00773,0.00756,24.0,17.0,22.0,17.0,25.0,12989693952.0,12989300736.0,12988846080.0,12983078912.0,13012004864.0,19.8,0.008616,12988832153.6,0.024380000000000002,2.878e-05,0.01754,0.15306999999999998,287126192128,9.929593799620607,23.28769514297387,0.009197572354042135
68,31,718.5483870967741,11404,0,13001252864,215,22.6,803,29.3,,269,21.4,1030,295,41.7,15.3,11771,489.0,1529.0,9.99,18.9,146,3285,,728,47.4,,164.0,22.4,289,21242,0.0255,0.000813,0.0195,0.00101,,0.000636,0.000105,0.0218,0.00415,0.000111,2.94e-05,0.00699,0.00581,0.00949,0.000158,8.38e-05,0.00336,0.00288,,0.00572,0.000122,,0.0025,,0.000842,0.00931,0.0,0,0.0,0.0,0,0,0.0,0,0.0,0.0,0,0.0,0,0,0.0,0.0,0,0.0,0,0,0.0,0,0.0,0.0,0,0.00924,0.00913,0.00906,0.00792,0.00773,19.0,24.0,17.0,22.0,17.0,12993241088.0,12989693952.0,12989300736.0,12988846080.0,12983078912.0,22.6,0.008931999999999999,12992466944.0,0.024780000000000003,2.862e-05,0.01956,0.16238,300127444992,9.963782708319883,23.28831156399502,0.009266929070524819
70,23,191.6086956521739,11452,0,13021163520,216,21.8,809,27.5,,271,9.68,1037,297,43.5,14.4,11854,489.0,1572.0,9.71,17.7,147,3308,,734,46.0,,289.0,20.6,291,21524,0.0257,0.000786,0.0197,0.000933,,0.000657,0.000101,0.022,0.00418,0.000101,2.79e-05,0.00704,0.00581,0.00977,0.000153,8.43e-05,0.00338,0.0029,,0.00576,0.000111,,0.00265,,0.000848,0.00939,0.0,0,0.0,0.0,0,0,0.0,0,0.0,0.0,0,0.0,0,0,0.0,0.0,0,0.0,0,0,0.0,0,0.0,0.0,0,0.00931,0.00924,0.00913,0.00906,0.00792,31.0,19.0,24.0,17.0,22.0,13001252864.0,12993241088.0,12989693952.0,12989300736.0,12988846080.0,22.8,0.009226,12998930432.0,0.02534,2.8420000000000002e-05,0.021679999999999998,0.17177,313148608512,9.976970329295932,23.289841833866202,0.009346187999580034
72,34,400.4117647058824,11500,0,13019308032,295,21.0,815,25.7,,273,9.68,1044,289,41.0,13.5,11936,489.0,1616.0,9.43,,148,4977,,739,43.8,,291.0,18.7,293,23387,0.0259,0.00076,0.0198,0.000859,,0.000657,9.71e-05,0.0222,0.00421,9.12e-05,2.63e-05,0.00709,0.00581,0.01,0.000156,7.88e-05,0.0034,0.00292,,0.00558,9.96e-05,,0.00266,,0.000879,0.00944,0.0,0,0.0,0.0,0,0,0.0,0,0.0,0.0,0,0.0,0,0,0.0,0.0,0,0.0,0,0,0.0,0,0.0,0.0,0,0.00939,0.00931,0.00924,0.00913,0.00906,23.0,31.0,19.0,24.0,17.0,13021163520.0,13001252864.0,12993241088.0,12989693952.0,12989300736.0,26.2,0.009302,13004931891.2,0.025519999999999998,2.816e-05,0.02184,0.18121,326167916544,10.05997834929556,23.289699325847536,0.009395721640362292
74,28,175.96428571428572,11549,0,13022351360,297,15.1,820,23.9,,275,12.5,1051,311,38.4,12.5,12019,489.0,1660.0,9.16,,149,5011,,744,41.5,,293.0,16.9,286,23576,0.0261,0.000733,0.02,0.000785,,0.000657,9.57e-05,0.0223,0.00424,8.14e-05,2.47e-05,0.00997,0.00581,0.0103,0.00015,7.32e-05,0.00342,0.00285,,0.00742,,,0.00268,,0.000879,0.00988,0.0,0,0.0,0.0,0,0,0.0,0,0.0,0.0,0,0.0,0,0,0.0,0.0,0,0.0,0,0,0.0,0,0.0,0.0,0,0.00944,0.00939,0.00931,0.00924,0.00913,34.0,23.0,31.0,19.0,24.0,13019308032.0,13021163520.0,13001252864.0,12993241088.0,12989693952.0,27.0,0.009451999999999999,13011463372.8,0.0257,2.786e-05,0.022000000000000002,0.19109,339190267904,10.068026939534285,23.289933053504274,0.009831511913289298
76,25,182.88,11597,0,13018779648,299,18.0,826,,,268,11.6,1058,313,35.9,11.6,11669,489.0,1703.0,8.88,,150,5046,,1002,39.2,,295.0,15.0,286,23546,0.0262,0.000707,0.0201,0.000711,,0.000657,9.14e-05,0.0225,0.00427,,2.31e-05,0.01,0.00581,0.011,0.000145,6.77e-05,0.00345,0.00471,,0.00747,,,0.0027,,0.000879,0.0101,0.0,0,0.0,0.0,0,0,0.0,0,0.0,0.0,0,0.0,0,0,0.0,0.0,0,0.0,0,0,0.0,0,0.0,0.0,0,0.00988,0.00944,0.00939,0.00931,0.00924,28.0,34.0,23.0,31.0,19.0,13022351360.0,13019308032.0,13021163520.0,13001252864.0,12993241088.0,28.2,0.009624,13016571084.8,0.025880000000000004,2.628e-05,0.02216,0.20119,352209047552,10.066753702794923,23.28965874037855,0.01004933585300144
78,34,232.64705882352945,11691,0,13013762048,301,17.2,831,,,268,10.8,1066,315,33.4,,23583,489.0,1747.0,5.35,,151,5081,,1009,37.0,,297.0,,399,35642,0.0277,0.000468,0.0219,,,0.000787,8.72e-05,0.0219,0.00421,,,0.0101,0.00581,0.0113,0.00014,6.21e-05,0.00345,0.00475,,0.00752,,,0.00272,,0.000879,0.0103,0.0,0,0.0,0.0,0,0,0.0,0,0.0,,0,0.0,0,0,0.0,0.0,0,0.0,0,0,0.0,0,0.0,0.0,0,0.0101,0.00988,0.00944,0.00939,0.00931,25.0,28.0,34.0,23.0,31.0,13018779648.0,13022351360.0,13019308032.0,13021163520.0,13001252864.0,28.8,0.009822000000000001,13019072921.6,0.02632,,0.02218,0.21149,365222809600,10.481308053126398,23.28927325361968,0.010247316451549523
80,35,279.9142857142857,11687,0,13011140608,303,16.4,837,,,394,9.97,1073,317,30.9,,23743,489.0,1791.0,6.1,,147,5115,,1016,34.7,,299.0,,402,36026,0.0279,0.000468,0.0221,,,0.000787,8.29e-05,0.0319,0.00424,,,0.0102,0.00581,0.0116,0.000134,5.66e-05,0.00345,0.00478,,0.00758,,,0.00274,,0.00112,0.0112,0.0,0,0.0,0.0,0,0,0.0,0,0.0,,0,0.0,0,0,0.0,0.0,0,0.0,0,0,0.0,0,0.0,0.0,0,0.0103,0.0101,0.00988,0.00944,0.00939,34.0,25.0,28.0,34.0,23.0,13013762048.0,13018779648.0,13022351360.0,13019308032.0,13021163520.0,31.2,0.010184,13017068339.2,0.02676,,0.02416,0.22269,378233950208,10.492023936328794,23.28907179734195,0.011137744410455924
82,38,283.10526315789474,11549,0,13017788416,298,15.7,845,,,385,9.13,1512,320,28.4,,23903,489.0,2352.0,5.89,,163,5150,,1023,32.4,,301.0,,405,37238,0.0136,0.000558,0.0222,,,0.000787,7.86e-05,0.0322,0.00427,,,0.0102,0.00581,0.0119,0.000129,,0.00333,0.00479,,0.00763,,,0.00276,,0.00112,0.0101,0.0,0,0.0,,0,0,0.0,0,0.0,,0,0.0,0,0,0.0,0.0,0,0.0,0,0,,0,0.0,0.0,0,0.0112,0.0103,0.0101,0.00988,0.00944,35.0,34.0,25.0,28.0,34.0,13011140608.0,13013762048.0,13018779648.0,13022351360.0,13019308032.0,32.0,0.010316,13016764416.0,0.024300000000000002,,0.02616,0.23279,391251738624,10.525111878184058,23.289582598853446,0.01004933585300144
84,39,258.28205128205127,11441,0,13006995456,298,14.9,1306,,,399,8.3,1523,322,,,24099,489.0,2408.0,5.68,,164,5185,,1030,30.2,,303.0,,407,37992,0.014,0.000534,0.0224,,,0.000787,3.81e-05,0.0324,0.0043,,,0.0103,0.00581,0.0122,0.000119,,0.00367,0.00479,,0.00768,,,0.00286,,0.00112,0.0102,0.0,0,0.0,,0,0,0.0,0,0.0,,0,0.0,0,0,0.0,0.0,0,0.0,0,0,,0,0.0,0.0,0,0.0101,0.0112,0.0103,0.0101,0.00988,38.0,35.0,34.0,25.0,28.0,13017788416.0,13011140608.0,13013762048.0,13018779648.0,13022351360.0,34.2,0.01038,13013693235.2,0.021880000000000004,,0.02818,0.24298999999999998,404258734080,10.545157211213365,23.288753161754485,0.01014833105181515
86,46,357.3478260869565,11440,0,12907081728,298,14.2,1315,,,399,7.47,1534,324,,,24270,489.0,2464.0,5.48,,165,5237,,1303,,,295.0,,410,38530,0.014,0.00051,0.0214,,,0.000682,3.81e-05,0.0326,0.00431,,,0.0103,0.00581,0.0132,0.000114,,0.00198,0.00631,,0.00773,,,0.00286,,0.00112,0.0103,0.0,0,0.0,,0,0,0.0,0,0.0,,0,0.0,0,0,0.0,0.0,0,0.0,0,0,,0,0.0,0.0,0,0.0102,0.0101,0.0112,0.0103,0.0101,39.0,38.0,35.0,34.0,25.0,13006995456.0,13017788416.0,13011140608.0,13013762048.0,13018779648.0,38.4,0.01042,12991353651.2,0.01944,,0.030199999999999998,0.25328999999999996,417165815808,10.559218391085642,23.28104196892476,0.010247316451549523
88,37,181.8108108108108,11453,0,12896976896,394,13.4,1324,,,399,,1545,333,,,24441,489.0,2520.0,5.27,,166,5274,,1312,,,480.0,,413,39108,0.014,0.000486,0.0214,,,0.000682,3.81e-05,0.0329,0.00431,,,0.0151,0.00581,0.0135,0.000109,,0.00205,0.00635,,0.00778,,,0.00286,,0.00112,0.0107,0.0,0,0.0,,0,0,0.0,0,0.0,,0,0.0,0,0,0.0,0.0,0,0.0,0,0,,0,0.0,,0,0.0103,0.0102,0.0101,0.0112,0.0103,46.0,39.0,38.0,35.0,34.0,12907081728.0,13006995456.0,13017788416.0,13011140608.0,13013762048.0,39.0,0.0105,12967996620.8,0.0167,,0.0324,0.26398999999999995,430062792704,10.574107898514463,23.280258771780236,0.010643160098479827
90,39,422.6923076923077,11440,0,12859527168,394,12.6,1333,,,399,,1555,335,,,24612,489.0,2576.0,5.07,,167,8598,,1321,,,483.0,,416,42697,0.0155,0.000462,0.0234,,,0.000682,4.82e-05,0.0331,0.00168,,,0.0152,0.00581,0.0139,0.000103,,0.00205,0.00639,,0.00955,,,0.00282,,0.00107,0.011,0.0,0,0.0,,0,0,0.0,0,0.0,,0,0.0,0,0,0.0,0.0,0,0.0,0,0,,0,0.0,,0,0.0107,0.0103,0.0102,0.0101,0.0112,37.0,46.0,39.0,38.0,35.0,12896976896.0,12907081728.0,13006995456.0,13017788416.0,13011140608.0,39.8,0.01046,12937673932.8,0.01422,,0.03264,0.27498999999999996,442922319872,10.66190735971227,23.27735078750607,0.010939940038334364
92,39,205.46153846153845,11440,0,12861276160,394,10.1,1342,,,399,,1566,338,,,24782,489.0,2632.0,4.86,,167,8658,,1330,,,487.0,,419,43018,0.0155,0.000438,0.0234,,,0.000741,4.47e-05,0.0333,0.00168,,,0.0153,0.00581,0.0142,9.84e-05,,0.00205,0.00642,,0.00741,,,0.00282,,0.00107,0.0109,0.0,0,0.0,,0,0,0.0,0,0.0,,0,0.0,0,0,0.0,0.0,0,,0,0,,0,0.0,,0,0.011,0.0107,0.0103,0.0102,0.0101,39.0,37.0,46.0,39.0,38.0,12859527168.0,12896976896.0,12907081728.0,13006995456.0,13017788416.0,40.0,0.010620000000000001,12906371481.6,0.014600000000000002,,0.03286,0.28589,455783596032,10.669397157549227,23.27748678574689,0.010841023177874857
94,39,243.0,9308,0,12859056128,414,9.45,1351,,,424,,1577,340,,,24953,489.0,2688.0,6.27,,167,8718,,1339,,,490.0,,407,43373,0.0155,0.000414,0.0234,,,0.000741,4.11e-05,0.0335,0.00168,,,0.0153,0.00581,0.0145,9.33e-05,,0.00205,0.00642,,0.00741,,,0.00295,,0.00136,0.0109,0.0,0,0.0,,0,0,0.0,0,0.0,,0,0.0,0,0,0.0,0.0,0,,0,0,,0,0.0,,0,0.0109,0.011,0.0107,0.0103,0.0102,39.0,39.0,37.0,46.0,39.0,12861276160.0,12859527168.0,12896976896.0,12907081728.0,13006995456.0,40.0,0.01076,12876783616.0,0.014900000000000002,,0.03308,0.29679,468642652160,10.677615462228353,23.277314157183582,0.010841023177874857
96,48,332.375,9233,0,12817432576,417,8.82,1363,,,424,,2074,340,,,41326,489.0,2744.0,6.0,,167,8778,,1348,,,490.0,,552,60526,0.0155,0.00039,0.0234,,,0.000741,3.76e-05,0.042,0.00168,,,0.0153,0.00581,0.0148,8.82e-05,,0.00205,0.00815,,0.00741,,,0.00295,,0.00136,0.0118,0.0,0,0.0,,0,0,0.0,0,0.0,,0,0.0,0,0,0.0,0.0,0,,0,0,,0,0.0,,0,0.0109,0.0109,0.011,0.0107,0.0103,39.0,39.0,39.0,37.0,46.0,12859056128.0,12861276160.0,12859527168.0,12896976896.0,12907081728.0,40.4,0.011059999999999999,12858853785.6,0.0152,,0.034960000000000005,0.30859,481460084736,11.010844825456925,23.27407200137814,0.011730922875698666
98,40,135.75,9222,0,12748541952,504,8.19,1372,,,424,,2088,340,,,41607,489.0,2800.0,5.72,,162,8838,,1357,,,490.0,,552,61036,0.0155,0.000319,0.0232,,,0.000757,3.4e-05,0.0422,0.00168,,,0.0157,0.00581,0.0151,9.16e-05,,0.00205,0.00815,,0.00741,,,0.00295,,0.00136,0.0119,0.0,0,0.0,,0,0,0.0,0,,,0,0.0,0,0,,,0,,0,0,,0,,,0,0.0118,0.0109,0.0109,0.011,0.0107,48.0,39.0,39.0,39.0,37.0,12817432576.0,12859056128.0,12861276160.0,12859527168.0,12896976896.0,41.0,0.011300000000000001,12829166796.8,0.0155,,0.036820000000000006,0.32049,494208626688,11.019235516650925,23.26868274538418,0.0118297517535772
100,39,194.94871794871796,8886,0,12760772608,505,7.57,1382,,,434,,2102,340,,,41888,489.0,3617.0,5.44,,170,8898,,1369,,,490.0,,552,62248,0.0129,0.000298,0.0232,,,0.000757,3.05e-05,0.0425,0.00168,,,0.0197,0.00581,0.017,8.6e-05,,0.00205,0.00815,,0.00741,,,0.00295,,0.00136,0.0122,0.0,0,0.0,,0,0,0.0,0,,,0,0.0,0,0,,,0,,0,0,,0,,,0,0.0119,0.0118,0.0109,0.0109,0.011,40.0,48.0,39.0,39.0,39.0,12748541952.0,12817432576.0,12859056128.0,12861276160.0,12859527168.0,41.0,0.01154,12809415884.8,0.014979999999999999,,0.0387,0.33269,506969399296,11.038897749940894,23.26964166232469,0.012126179797840565
102,46,219.6304347826087,8788,0,12762927104,505,,1339,,,434,,2117,339,,,42156,489.0,3688.0,5.17,,170,8958,,1332,,,504.0,,564,62598,0.0129,0.000277,0.0232,,,0.000757,,0.0413,0.00168,,,0.0198,0.00581,0.0173,8.04e-05,,0.00205,0.0084,,0.00741,,,0.00295,,0.00141,0.0121,0.0,0,0.0,,0,0,0.0,0,,,0,0.0,0,0,,,0,,0,0,,0,,,0,0.0122,0.0119,0.0118,0.0109,0.0109,39.0,40.0,48.0,39.0,39.0,12760772608.0,12748541952.0,12817432576.0,12859056128.0,12861276160.0,42.4,0.01178,12789746073.6,0.01446,,0.0403,0.34479,519732326400,11.044504582519703,23.26981048549917,0.012027380212718455
104,54,182.38888888888889,8788,0,12769726464,505,,2161,,,434,,2134,339,,,42531,489.0,3759.0,4.89,,170,12312,,1901,,,491.0,,568,67797,0.0156,0.000256,0.0232,,,0.000757,,0.0413,0.00168,,,0.0199,0.00581,0.0177,7.48e-05,,0.00205,0.00846,,0.00741,,,0.00295,,0.00141,0.0124,0.0,0,0.0,,0,0,0.0,0,,,0,0.0,0,0,,,0,,0,0,,0,,,0,0.0121,0.0122,0.0119,0.0118,0.0109,46.0,39.0,40.0,48.0,39.0,12762927104.0,12760772608.0,12748541952.0,12817432576.0,12859056128.0,45.4,0.01208,12771880140.8,0.014479999999999998,,0.04186,0.35719,532502052864,11.124287974968324,23.270343086636153,0.012323749688831936
106,56,276.0357142857143,8910,0,12768763904,505,,2175,,,434,,2606,339,,,42831,489.0,3829.0,4.61,,170,12398,,1914,,,491.0,,571,68757,0.0156,0.000236,0.0225,,,0.000735,,0.0413,0.00174,,,0.02,0.00581,0.018,6.91e-05,,0.00177,0.00851,,0.00718,,,0.00309,,0.00141,0.0123,0.0,0,0.0,,0,0,0.0,0,,,0,0.0,0,0,,,0,,0,0,,0,,,0,0.0124,0.0121,0.0122,0.0119,0.0118,54.0,46.0,39.0,40.0,48.0,12769726464.0,12762927104.0,12760772608.0,12748541952.0,12817432576.0,47.0,0.01218,12762146406.4,0.014499999999999999,,0.04172,0.36949,545270816768,11.138348372395459,23.270267705516396,0.01222496962256897
108,46,139.95652173913044,8648,0,12772225024,505,,2191,,,434,,2624,339,,,43131,489.0,3900.0,0.44,,170,12484,,1927,,,774.0,,672,69640,0.0156,0.000215,0.0271,,,0.00073,,0.0478,0.00174,,,0.02,0.00581,0.0184,6.35e-05,,0.00177,0.00856,,0.00743,,,0.00313,,0.00141,0.0133,0.0,0,0.0,,0,0,0.0,0,,,0,0.0,0,0,,,0,,0,0,,0,,,0,0.0123,0.0124,0.0121,0.0122,0.0119,56.0,54.0,46.0,39.0,40.0,12768763904.0,12769726464.0,12762927104.0,12760772608.0,12748541952.0,48.2,0.01246,12766883020.8,0.01452,,0.04284,0.38278999999999996,558043041792,11.151108753342497,23.270538730262594,0.013212331472134811
110,44,181.22727272727272,8603,0,12774821888,500,,2206,,,584,,2642,340,,,43430,489.0,3971.0,0.44,,170,12570,,1940,,,779.0,,672,70295,0.0156,,0.0271,,,0.00108,,0.0478,0.00174,,,0.0204,0.00581,0.0187,5.79e-05,,0.0021,0.00856,,0.0107,,,0.00313,,0.00141,0.0137,0.0,0,0.0,,0,0,0.0,0,,,0,0.0,0,0,,,0,,0,0,,0,,,0,0.0133,0.0123,0.0124,0.0121,0.0122,46.0,56.0,54.0,46.0,39.0,12772225024.0,12768763904.0,12769726464.0,12762927104.0,12760772608.0,49.2,0.012759999999999999,12769692876.8,0.015059999999999999,,0.04390000000000001,0.39648999999999995,570817863680,11.160470177175679,23.270742030786344,0.013607003406216902
112,33,122.45454545454544,8603,0,12740669440,504,,2221,,,604,,2659,340,,,60932,489.0,4042.0,0.559,,178,12656,,1952,,,781.0,,672,88032,0.0156,,0.028,,,0.00108,,0.0478,0.00174,,,0.0205,0.00581,0.019,,,0.0021,0.00828,,0.0107,,,0.00313,,0.00183,0.0138,0.0,0,0.0,,0,0,0.0,0,,,0,,0,0,,,0,,0,0,,0,,,0,0.0137,0.0133,0.0123,0.0124,0.0121,44.0,46.0,56.0,54.0,46.0,12774821888.0,12772225024.0,12768763904.0,12769726464.0,12762927104.0,46.6,0.0131,12765241344.0,0.0156,,0.045200000000000004,0.41028999999999993,583558533120,11.385467023165416,23.26806503209924,0.013705647056111932
114,58,208.0344827586207,8603,0,12746719232,649,,2236,,,604,,2677,340,,,61350,489.0,4113.0,0.516,,178,12742,,1952,,,781.0,,672,88785,0.0156,,0.028,,,0.0011,,0.0495,0.00174,,,0.0206,0.00581,0.0194,,,0.0021,0.00823,,0.0107,,,0.00313,,0.00186,0.014,0.0,0,0.0,,0,0,0.0,0,,,0,,0,0,,,0,,0,0,,0,,,0,0.0138,0.0137,0.0133,0.0123,0.0124,33.0,44.0,46.0,56.0,54.0,12740669440.0,12774821888.0,12772225024.0,12768763904.0,12769726464.0,47.4,0.013419999999999998,12760639897.6,0.0156,,0.04684000000000001,0.42428999999999994,596305252352,11.39398425889333,23.268539760380822,0.013902905168991422
116,44,408.72727272727275,8603,0,12665372672,654,,2776,,,604,,2700,350,,,61768,489.0,4184.0,0.473,,178,12828,,2293,,,781.0,,672,90277,0.0156,,0.028,,,0.0011,,0.0495,0.00168,,,0.0201,0.00581,0.018,,,0.0021,0.0122,,0.0107,,,0.00313,,0.00187,0.0141,0.0,0,0.0,,0,0,0.0,0,,,0,,0,0,,,0,,0,0,,0,,,0,0.014,0.0138,0.0137,0.0133,0.0123,58.0,33.0,44.0,46.0,56.0,12746719232.0,12740669440.0,12774821888.0,12772225024.0,12768763904.0,45.0,0.01378,12739961651.2,0.0156,,0.04848,0.43838999999999995,608970625024,11.410649077385242,23.26213754539153,0.014001519635813609
118,62,235.0,8538,0,12666527744,658,,2794,,,604,,2719,350,,,62186,489.0,3886.0,0.43,,179,12956,,2309,,,801.0,,696,90629,0.0156,,0.028,,,0.0011,,0.0495,0.00169,,,0.0279,0.00581,0.0223,,,0.0021,0.0122,,0.0107,,,0.00313,,0.00194,0.0152,0.0,0,0.0,,0,0,0.0,0,,,0,,0,0,,,0,,0,0,,0,,,0,0.0141,0.014,0.0138,0.0137,0.0133,44.0,58.0,33.0,44.0,46.0,12665372672.0,12746719232.0,12740669440.0,12774821888.0,12772225024.0,48.2,0.01416,12718822195.2,0.0156,,0.04882,0.45358999999999994,621637152768,11.414540563048828,23.262228740444545,0.015085637418040853
120,61,235.0,8484,0,12673716224,683,,2815,,,647,,2738,350,,,62604,489.0,5087.0,0.387,,179,12612,,2324,,,807.0,,696,92032,0.0205,,0.028,,,0.0011,,0.0495,0.00174,,,0.0281,0.00581,0.0227,,,0.0021,0.0123,,0.0107,,,0.00313,,0.00194,0.0156,0.0,0,0.0,,0,0,0.0,0,,,0,,0,0,,,0,,0,0,,0,,,0,0.0152,0.0141,0.014,0.0138,0.0137,62.0,44.0,58.0,33.0,44.0,12666527744.0,12665372672.0,12746719232.0,12740669440.0,12774821888.0,51.6,0.01454,12698601062.4,0.01658,,0.04916,0.46918999999999994,634310868992,11.429902487367444,23.262796097270417,0.015479570848386318
122,38,157.1578947368421,8726,0,12670681088,683,,2835,,,647,,3526,349,,,63113,489.0,5170.0,0.344,,179,17674,,2340,,,812.0,,820,98638,0.0205,,0.028,,,0.0011,,0.0563,0.00168,,,0.0282,0.00581,0.0231,,,0.00228,0.0124,,0.0112,,,0.00317,,0.00194,0.0163,0.0,0,0.0,,0,0,,0,,,0,,0,0,,,0,,0,0,,0,,,0,0.0156,0.0152,0.0141,0.014,0.0138,61.0,62.0,44.0,58.0,33.0,12673716224.0,12666527744.0,12665372672.0,12746719232.0,12740669440.0,52.6,0.015040000000000001,12684603392.0,0.01756,,0.05086,0.4854899999999999,646981550080,11.499221999911736,23.262556585872538,0.016168581161583706
124,61,333.9836065573771,8672,0,12552712192,683,,2855,,,647,,3550,349,,,63548,489.0,5254.0,,,183,17797,,2346,,,1050.0,,820,99569,0.0205,,0.0271,,,0.00132,,0.0583,0.00179,,,0.0282,0.00581,0.0235,,,0.00228,0.0124,,0.0112,,,0.00338,,0.00194,0.0165,0.0,0,0.0,,0,0,,0,,,0,,0,0,,,0,,0,0,,0,,,0,0.0163,0.0156,0.0152,0.0141,0.014,38.0,61.0,62.0,44.0,58.0,12670681088.0,12673716224.0,12666527744.0,12665372672.0,12746719232.0,53.2,0.015539999999999998,12645801984.0,0.01854,,0.05262,0.5019899999999999,659534262272,11.50861619338213,23.253202590171604,0.016365354086264272
126,68,355.2352941176471,8719,0,12554162176,683,,2874,,,658,,3574,349,,,63983,489.0,5337.0,,,183,17920,,2664,,,1057.0,,820,100591,0.0205,,0.026,,,0.00132,,0.0583,0.00179,,,0.0287,0.00581,0.0239,,,0.00228,0.0124,,0.0135,,,0.00338,,0.00194,0.0167,0.0,0,0.0,,0,0,,0,,,0,,0,0,,,0,,0,0,,0,,,0,0.0165,0.0163,0.0156,0.0152,0.0141,61.0,38.0,61.0,62.0,44.0,12552712192.0,12670681088.0,12673716224.0,12666527744.0,12665372672.0,58.0,0.016059999999999998,12623559884.8,0.019520000000000003,,0.054380000000000005,0.51869,672088424448,11.518828010622842,23.253318095111027,0.016562088298978293
128,61,214.63934426229508,8665,0,12558995456,813,,3366,,,663,,3598,349,,,64417,489.0,5421.0,,,183,18043,,2708,,,1057.0,,820,101927,0.0205,,0.03,,,0.00132,,0.0583,0.00179,,,0.0289,0.00581,0.0242,,,0.00228,0.0127,,0.0135,,,0.00338,,0.00188,0.0171,0.0,0,0.0,,0,0,,0,,,0,,0,0,,,0,,0,0,,0,,,0,0.0167,0.0165,0.0163,0.0156,0.0152,68.0,61.0,38.0,61.0,62.0,12554162176.0,12552712192.0,12670681088.0,12673716224.0,12666527744.0,57.8,0.016440000000000003,12602053427.2,0.0205,,0.05614,0.53579,684647419904,11.532021960661217,23.253703015249712,0.016955440649413473
130,53,273.49056603773585,8610,0,12560265216,813,,3389,,,684,,3626,359,,,62456,489.0,5504.0,,,185,18166,,2726,,,1057.0,,849,100303,0.0205,,0.03,,,0.00132,,0.0583,0.00179,,,0.0291,0.00581,0.0246,,,0.00228,0.0124,,0.0135,,,0.00338,,0.00186,0.0171,0.0,0,0.0,,0,0,,0,,,0,,0,0,,,0,,0,0,,0,,,0,0.0171,0.0167,0.0165,0.0163,0.0156,61.0,68.0,61.0,38.0,61.0,12558995456.0,12554162176.0,12552712192.0,12670681088.0,12673716224.0,56.2,0.016739999999999998,12579363225.6,0.0205,,0.05789999999999999,0.55289,697207685120,11.51596085351375,23.25380411376671,0.016955440649413473
132,52,207.8846153846154,8556,0,12561928192,813,,3412,,,684,,3651,359,,,88383,492.0,6237.0,,,185,18289,,2744,,,1057.0,,849,127154,0.0212,,0.03,,,0.00132,,0.0583,0.00179,,,0.0293,0.00581,0.0279,,,0.00228,0.0162,,0.0135,,,0.00338,,0.00243,0.0178,0.0,0,0.0,,0,0,,0,,,0,,0,0,,,0,,0,0,,0,,,0,0.0171,0.0171,0.0167,0.0165,0.0163,53.0,61.0,68.0,61.0,38.0,12560265216.0,12558995456.0,12554162176.0,12552712192.0,12670681088.0,59.0,0.01704,12557612646.4,0.020640000000000002,,0.0583,0.57069,709769613312,11.753162093710616,23.253936504754652,0.017643435172595243
134,65,297.5846153846154,8421,0,12525023232,813,,3435,,,684,,3675,366,,,89005,492.0,6330.0,,,185,18412,,2749,,,1087.0,,849,128082,0.0212,,0.03,,,0.00132,,0.0643,0.00182,,,0.0285,0.00581,0.0283,,,0.00263,0.0163,,0.0141,,,0.00338,,0.00247,0.0183,0.0,0,0.0,,0,0,,0,,,0,,0,0,,,0,,0,0,,0,,,0,0.0178,0.0171,0.0171,0.0167,0.0165,52.0,53.0,61.0,68.0,61.0,12561928192.0,12560265216.0,12558995456.0,12554162176.0,12552712192.0,59.8,0.017400000000000002,12552074854.4,0.02078,,0.0595,0.58899,722294636544,11.760433770256997,23.25099433884576,0.01813457019548269
136,61,274.1475409836066,8253,0,12525654016,845,,3437,,,858,,3700,366,,,89627,492.0,6423.0,,,185,22918,,2749,,,1094.0,,849,133542,0.0205,,0.03,,,0.00132,,0.0677,0.00182,,,0.0372,0.00578,0.0287,,,0.00263,0.0164,,0.0141,,,0.00338,,0.00257,0.0193,0.0,0,0.0,,0,0,,0,,,0,,0,0,,,0,,0,0,,0,,,0,0.0183,0.0178,0.0171,0.0171,0.0167,65.0,52.0,53.0,61.0,68.0,12525023232.0,12561928192.0,12560265216.0,12558995456.0,12554162176.0,58.4,0.01792,12546373222.4,0.02078,,0.061380000000000004,0.60829,734820290560,11.802178802338494,23.251044699480232,0.01911611719223005
138,61,244.0,3853,0,12524732416,845,,3487,,,858,,3606,366,,,90248,492.0,6516.0,,,185,23078,,3256,,,1101.0,,821,134861,0.0204,,0.03,,,0.00132,,0.0677,0.00176,,,0.0376,0.00123,0.0291,,,0.00266,0.0165,,0.0141,,,0.00338,,0.00257,0.019,0.0,0,,,0,0,,0,,,0,,0,0,,,0,,0,0,,0,,,0,0.0193,0.0183,0.0178,0.0171,0.0171,61.0,65.0,52.0,53.0,61.0,12525654016.0,12525023232.0,12561928192.0,12560265216.0,12558995456.0,58.4,0.0183,12539520614.4,0.02076,,0.06326,0.62729,747345022976,11.812007312372883,23.250971119776953,0.01882175424058776
140,46,505.7826086956522,4012,0,12524277760,968,,4181,,,858,,4632,366,,,90870,492.0,6609.0,,,179,23239,,3279,,,1102.0,,1032,137808,0.024,,0.03,,,0.00163,,0.0677,0.0019,,,0.0379,0.00121,0.0296,,,0.00275,0.0166,,0.0166,,,0.00354,,0.00257,0.0197,0.0,0,,,0,0,,0,,,0,,0,0,,,0,,0,0,,0,,,0,0.019,0.0193,0.0183,0.0178,0.0171,61.0,61.0,65.0,52.0,53.0,12524732416.0,12525654016.0,12525023232.0,12561928192.0,12560265216.0,57.0,0.018819999999999996,12532323123.2,0.02146,,0.06514,0.6469900000000001,759869300736,11.8336239474754,23.250934818462305,0.01950846638804296
142,67,652.4179104477612,4013,0,12521472000,968,,4210,,,858,,4679,368,,,91492,492.0,6702.0,,,189,23399,,3301,,,1061.0,,1032,138752,0.024,,0.03,,,0.00163,,0.0677,0.0019,,,0.0381,0.0012,0.03,,,0.00275,0.0194,,0.0166,,,0.00367,,0.00257,0.02,0.0,0,,,0,0,,0,,,0,,0,0,,,0,,0,0,,0,,,0,0.0197,0.019,0.0193,0.0183,0.0178,46.0,61.0,61.0,65.0,52.0,12524277760.0,12524732416.0,12525654016.0,12525023232.0,12561928192.0,60.0,0.01926,12524231884.8,0.02202,,0.06702,0.6669900000000001,772390772736,11.840450652996559,23.250710767672178,0.019802627296179712
144,35,805.3142857142857,4013,0,12529733632,968,,4239,,,858,,4712,368,,,92113,492.0,6795.0,,,196,23560,,3323,,,1446.0,,1069,140139,0.024,,0.0297,,,0.00163,,0.0677,0.0019,,,0.0384,0.00118,0.0304,,,0.00275,0.0194,,0.0166,,,0.00367,,0.00257,0.02,0.0,0,,,0,0,,0,,,0,,0,0,,,0,,0,0,,0,,,0,0.02,0.0197,0.019,0.0193,0.0183,67.0,46.0,61.0,61.0,65.0,12521472000.0,12524277760.0,12524732416.0,12525654016.0,12525023232.0,54.0,0.0196,12525173964.8,0.02258,,0.0677,0.6869900000000001,784920506368,11.850397201924524,23.251370347288443,0.019802627296179712
146,90,540.7666666666667,4012,0,12532264960,968,,4267,,,904,,4744,368,,,92735,495.0,6888.0,,,196,23720,,3323,,,1446.0,,1069,141124,0.0251,,0.0295,,,0.00163,,0.0677,0.0019,,,0.0387,0.00117,0.0308,,,0.00275,0.0197,,0.0166,,,0.00367,,0.00291,0.0202,0.0,0,,,0,0,,0,,,0,,0,0,,,0,,0,0,,0,,,0,0.02,0.02,0.0197,0.019,0.0193,35.0,67.0,46.0,61.0,61.0,12529733632.0,12521472000.0,12524277760.0,12524732416.0,12525654016.0,59.8,0.01978,12526496153.6,0.0235,,0.0677,0.7071900000000001,797452771328,11.857401301451963,23.2515723525674,0.019998686506689126
148,68,283.0,3921,0,12526657536,968,,4296,,,998,,4777,368,,,90429,495.0,7641.0,,,196,27406,,3323,,,1485.0,,1069,143451,0.0251,,0.0338,,,0.00163,,0.0677,0.0019,,,0.0389,0.00115,0.0293,,,0.00299,0.0198,,0.0172,,,0.00367,,0.00291,0.0205,0.0,0,,,0,0,,0,,,0,,0,0,,,0,,0,0,,0,,,0,0.0202,0.02,0.02,0.0197,0.019,90.0,35.0,67.0,46.0,61.0,12532264960.0,12529733632.0,12521472000.0,12524277760.0,12524732416.0,61.2,0.02008,12526881177.6,0.02444,,0.0677,0.7276900000000001,809979428864,11.873755763452438,23.251124813444836,0.020292703267762432
150,63,430.9365079365079,3922,0,12537688064,968,,4310,,,998,,4809,368,,,118274,495.0,7743.0,,,196,27590,,3399,,,1495.0,,1069,171715,0.028,,0.0338,,,0.00163,,0.0655,0.00192,,,0.0441,0.00124,0.0345,,,0.00299,0.0199,,0.0172,,,0.00367,,0.00291,0.0214,0.0,0,,,0,0,,0,,,0,,0,0,,,0,,0,0,,0,,,0,0.0205,0.0202,0.02,0.02,0.0197,68.0,90.0,35.0,67.0,46.0,12526657536.0,12532264960.0,12529733632.0,12521472000.0,12524277760.0,64.6,0.02042,12529563238.4,0.025240000000000002,,0.06726,0.74909,822517116928,12.053597228333208,23.252004990321364,0.021174235231406484
152,85,429.05882352941177,3860,0,12538376192,1023,,4362,,,998,,4842,368,,,119091,495.0,7845.0,,,196,27799,,3908,,,1505.0,,1069,173500,0.028,,0.0338,,,0.00169,,0.065,0.00195,,,0.0444,0.00122,0.035,,,0.00299,0.0201,,0.0172,,,0.00367,,0.00291,0.0215,0.0,0,,,0,0,,0,,,0,,0,0,,,0,,0,0,,0,,,0,0.0214,0.0205,0.0202,0.02,0.02,63.0,68.0,90.0,35.0,67.0,12537688064.0,12526657536.0,12532264960.0,12529733632.0,12521472000.0,68.2,0.02072,12532944076.8,0.02604,,0.06671999999999999,0.77059,835055493120,12.063938642041201,23.25205987357522,0.021272135275539696
154,58,249.36206896551724,3907,0,12542488576,1024,,4392,,,998,,4873,368,,,119908,495.0,7947.0,,,196,27995,,3935,,,1516.0,,1069,174715,0.028,,0.0338,,,0.0018,,0.0787,0.00195,,,0.0445,0.0012,0.0355,,,0.00299,0.0202,,0.0172,,,0.00382,,0.00307,0.0227,0.0,0,,,0,0,,0,,,0,,0,0,,,0,,0,0,,0,,,0,0.0215,0.0214,0.0205,0.0202,0.02,85.0,63.0,68.0,90.0,35.0,12538376192.0,12537688064.0,12526657536.0,12532264960.0,12529733632.0,72.8,0.021259999999999998,12535495065.6,0.026840000000000003,,0.06892000000000001,0.79329,847597981696,12.070917077503717,23.252387803578795,0.022446188829830054
156,62,291.0,3997,0,12556259328,989,,4422,,,998,,4717,374,,,120725,495.0,8049.0,,,203,28190,,3962,,,1526.0,,1263,175911,0.028,,0.0348,,,0.0018,,0.0811,0.00195,,,0.045,0.00119,0.0359,,,0.00309,0.0226,,0.0198,,,0.00382,,0.00335,0.0235,0.0,0,,,0,0,,0,,,0,,0,0,,,0,,0,0,,0,,,0,0.0227,0.0215,0.0214,0.0205,0.0202,58.0,85.0,63.0,68.0,90.0,12542488576.0,12538376192.0,12537688064.0,12526657536.0,12532264960.0,67.2,0.021920000000000002,12540293939.2,0.02742,,0.0716,0.81679,860154241024,12.077739148978607,23.253485129503847,0.023228126119207167
158,44,818.5227272727273,3998,0,12560543744,1229,,4300,,,998,,5756,374,,,121543,495.0,8151.0,,,203,28386,,3989,,,1536.0,,1263,178220,0.028,,0.0348,,,0.0018,,0.0816,0.00195,,,0.0453,0.00117,0.0364,,,0.00309,0.0229,,0.0198,,,0.0039,,0.00335,0.0237,0.0,0,,,0,0,,0,,,0,,0,0,,,0,,0,0,,0,,,0,0.0235,0.0227,0.0215,0.0214,0.0205,62.0,58.0,85.0,63.0,68.0,12556259328.0,12542488576.0,12538376192.0,12537688064.0,12526657536.0,62.4,0.02256,12547071180.8,0.028,,0.07438,0.84049,872714784768,12.0907796321935,23.253826288848764,0.023423514943588058
160,114,796.078947368421,3997,0,12562403328,1229,,5351,,,998,,5795,374,,,122360,494.0,8252.0,,,203,28582,,4016,,,1495.0,,1263,180412,0.028,,0.0348,,,0.0018,,0.0816,0.00195,,,0.0457,0.00116,0.0369,,,0.00309,0.0231,,0.0203,,,0.0039,,0.00335,0.0238,0.0,0,,,0,0,,0,,,0,,0,0,,,0,,0,0,,0,,,0,0.0237,0.0235,0.0227,0.0215,0.0214,44.0,62.0,58.0,85.0,63.0,12560543744.0,12556259328.0,12542488576.0,12538376192.0,12537688064.0,72.6,0.02304,12552014233.6,0.028,,0.0776,0.86429,885277188096,12.10300394609857,23.253974327532116,0.023521195041345824
162,59,694.1525423728814,3997,0,12566732800,1229,,5387,,,998,,5835,374,,,123444,499.0,9046.0,,,205,28777,,4043,,,1836.0,,1263,182935,0.0292,,0.0348,,,0.0018,,0.0816,0.00195,,,0.046,0.00114,0.0373,,,0.00309,0.0232,,0.021,,,0.0039,,0.00335,0.024,0.0,0,,,0,0,,0,,,0,,0,0,,,0,,0,0,,0,,,0,0.0238,0.0237,0.0235,0.0227,0.0215,114.0,44.0,62.0,58.0,85.0,12562403328.0,12560543744.0,12556259328.0,12542488576.0,12538376192.0,67.4,0.02354,12557685555.2,0.028239999999999998,,0.08092000000000002,0.88829,897843920896,12.116891643878931,23.254318905397465,0.023716526617316044
164,71,329.0,3926,0,12570996736,1229,,5388,,,1102,,5874,379,,,124304,499.0,9156.0,,,205,33904,,4054,,,1836.0,,1263,189194,0.0292,,0.0337,,,0.00188,,0.0816,0.00195,,,0.0463,0.00112,0.0406,,,0.00299,0.0234,,0.021,,,0.0039,,0.00335,0.0242,0.0,0,,,0,0,,0,,,0,,0,0,,,0,,0,0,,0,,,0,0.024,0.0238,0.0237,0.0235,0.0227,59.0,114.0,44.0,62.0,58.0,12566732800.0,12562403328.0,12560543744.0,12556259328.0,12542488576.0,70.0,0.02384,12563387187.2,0.02848,,0.08150000000000002,0.91249,910414917632,12.150533508189403,23.254658151313404,0.023911820046312877
166,43,728.9069767441861,3797,0,12568760320,1229,,5468,,,1140,,5899,379,,,125164,499.0,9266.0,,,205,34133,,4054,,,1836.0,,1318,190592,0.0282,,0.0334,,,0.00188,,0.0816,0.00201,,,0.0451,0.00114,0.0411,,,0.00342,0.0253,,0.021,,,0.00404,,0.00335,0.0243,0.0,0,,,0,0,,0,,,0,,0,0,,,0,,0,0,,0,,,0,0.0242,0.024,0.0238,0.0237,0.0235,71.0,59.0,114.0,44.0,62.0,12570996736.0,12566732800.0,12562403328.0,12560543744.0,12556259328.0,66.2,0.024,12565887385.6,0.02852,,0.0816,0.93679,922983677952,12.157895543399801,23.2544802326485,0.024009452460351865
168,120,608.7166666666667,3878,0,12571529216,1255,,5506,,,1140,,5965,379,,,151191,499.0,9377.0,,,205,34338,,4646,,,1885.0,,1429,217815,0.0351,,0.0364,,,0.00188,,0.0816,0.00201,,,0.0541,0.00123,0.0416,,,0.00354,0.0253,,0.021,,,0.00404,,0.00371,0.026,0.0,0,,,0,0,,0,,,0,,0,0,,,0,,0,0,,0,,,0,0.0243,0.0242,0.024,0.0238,0.0237,43.0,71.0,59.0,114.0,44.0,12568760320.0,12570996736.0,12566732800.0,12562403328.0,12560543744.0,81.4,0.02446,12568084480.0,0.02994,,0.0816,0.96279,935555207168,12.291405948674448,23.254700508234986,0.02566774674857779
170,60,396.76666666666665,3877,0,12575227904,1263,,5544,,,1140,,6565,388,,,152223,499.0,9487.0,,,205,34641,,4748,,,1898.0,,1436,220039,0.0351,,0.0375,,,0.00213,,0.0881,0.00201,,,0.0544,0.00121,0.0421,,,0.00354,0.0257,,0.0236,,,0.00404,,0.00388,0.027,0.0,0,,,0,0,,0,,,0,,0,0,,,0,,0,0,,0,,,0,0.026,0.0243,0.0242,0.024,0.0238,120.0,43.0,71.0,59.0,114.0,12571529216.0,12568760320.0,12570996736.0,12566732800.0,12562403328.0,70.6,0.0251,12570649395.2,0.03136,,0.0829,0.9897900000000001,948130435072,12.301564626989395,23.254994676426033,0.02664193094642118
172,88,275.77272727272725,3973,0,12570365952,1302,,5583,,,1140,,6610,388,,,153254,499.0,9597.0,,,199,34886,,4780,,,1911.0,,1436,221586,0.0351,,0.0375,,,0.00213,,0.0881,0.00201,,,0.0548,0.00119,0.0426,,,0.00354,0.0259,,0.0236,,,0.00404,,0.00388,0.027,0.0,0,,,0,0,,0,,,0,,0,0,,,0,,0,0,,0,,,0,0.027,0.026,0.0243,0.0242,0.024,60.0,120.0,43.0,71.0,59.0,12575227904.0,12571529216.0,12568760320.0,12570996736.0,12566732800.0,76.4,0.0257,12571376025.6,0.03254,,0.0842,1.01679,960700801024,12.308570567874524,23.25460797233083,0.02664193094642118
174,79,385.67088607594934,3974,0,12558483456,1466,,6334,,,1140,,6655,388,,,154286,499.0,10342.0,,,198,35131,,4808,,,2178.0,,1436,224862,0.0367,,0.0375,,,0.00213,,0.0924,0.00201,,,0.0549,0.00117,0.0431,,,0.00354,0.0261,,0.0236,,,0.00412,,0.00388,0.0276,0.0,0,,,0,0,,0,,,0,,0,0,,,0,,0,0,,0,,,0,0.027,0.027,0.026,0.0243,0.0242,88.0,60.0,120.0,43.0,71.0,12570365952.0,12575227904.0,12571529216.0,12568760320.0,12570996736.0,78.0,0.026379999999999997,12568873369.6,0.03404,,0.08636,1.0443900000000002,973259284480,12.323246606849548,23.25366224682691,0.027225986253591457
176,86,384.36046511627904,3973,0,12560162816,1466,,6377,,,1140,,6701,388,,,155545,499.0,10459.0,,,214,38909,,4808,,,2193.0,,1436,230135,0.0367,,0.0375,,,0.00213,,0.0924,0.00204,,,0.0556,0.00115,0.0436,,,0.00354,0.0281,,0.0236,,,0.00412,,0.00388,0.0279,0.0,0,,,0,0,,0,,,0,,0,0,,,0,,0,0,,0,,,0,0.0276,0.027,0.027,0.026,0.0243,79.0,88.0,60.0,120.0,43.0,12558483456.0,12570365952.0,12575227904.0,12571529216.0,12568760320.0,86.6,0.027100000000000003,12567153868.8,0.03574,,0.08852,1.0722900000000002,985819447296,12.346425717501626,23.253795961039387,0.027517886036739245
178,96,417.7291666666667,3973,0,12564426752,1466,,6420,,,1140,,6746,390,,,156626,499.0,10577.0,,,218,39179,,4808,,,2204.0,,1436,231709,0.0367,,0.0375,,,0.00213,,0.0924,0.00204,,,0.056,0.00113,0.0441,,,0.00354,0.0283,,0.0246,,,0.00412,,0.00388,0.028,0.0,0,,,0,0,,0,,,0,,0,0,,,0,,0,0,,0,,,0,0.0279,0.0276,0.027,0.027,0.026,86.0,79.0,88.0,60.0,120.0,12560162816.0,12558483456.0,12570365952.0,12575227904.0,12571529216.0,81.8,0.027500000000000004,12565733376.0,0.03606,,0.09068,1.1002900000000002,998383874048,12.353241868746794,23.254135384378348,0.027615167032973367
180,47,422.2340425531915,4067,0,12563001344,1466,,6463,,,1106,,6791,390,,,157707,499.0,10694.0,,,218,39448,,4919,,,2204.0,,1436,233342,0.0367,,0.0395,,,0.00224,,0.0924,0.00208,,,0.061,0.00112,0.0446,,,0.00369,0.0284,,0.0246,,,0.00412,,0.00388,0.0287,0.0,0,,,0,0,,0,,,0,,0,0,,,0,,0,0,,0,,,0,0.028,0.0279,0.0276,0.027,0.027,96.0,86.0,79.0,88.0,60.0,12564426752.0,12560162816.0,12558483456.0,12570365952.0,12575227904.0,79.2,0.027840000000000004,12563288064.0,0.03638,,0.09154,1.1289900000000002,1010946875392,12.360264753070721,23.2540219300291,0.028295869154847303
182,93,768.1182795698925,3848,0,12566876160,1466,,6470,,,1127,,6847,390,,,182422,499.0,10812.0,,,218,39718,,4807,,,2204.0,,1436,258417,0.0367,,0.0395,,,0.00239,,0.0924,0.00208,,,0.0614,0.0011,0.0497,,,0.00401,0.0286,,0.0246,,,0.00399,,0.00388,0.0292,0.0,0,,,0,0,,0,,,0,,0,0,,,0,,0,0,,0,,,0,0.0287,0.028,0.0279,0.0276,0.027,47.0,96.0,86.0,79.0,88.0,12563001344.0,12564426752.0,12560162816.0,12558483456.0,12570365952.0,80.2,0.02828,12562590105.6,0.0367,,0.0924,1.15819,1023513751552,12.462333707907202,23.254330313229918,0.02878180142545205
184,87,527.528735632184,3848,0,12570157056,1598,,6562,,,1406,,6894,390,,,183665,499.0,10929.0,,,218,39987,,4807,,,2256.0,,1691,260902,0.0355,,0.0414,,,0.00239,,0.0924,0.00208,,,0.0618,0.00108,0.0503,,,0.00401,0.0289,,0.0246,,,0.00436,,0.00458,0.0294,0.0,0,,,0,0,,0,,,0,,0,0,,,0,,0,0,,0,,,0,0.0292,0.0287,0.028,0.0279,0.0276,93.0,47.0,96.0,86.0,79.0,12566876160.0,12563001344.0,12564426752.0,12560162816.0,12558483456.0,81.8,0.02864,12564924825.6,0.036460000000000006,,0.0924,1.1875900000000001,1036083908608,12.4719039697172,23.254591354060803,0.028976108236517098
186,86,623.6976744186046,3904,0,12573360128,1633,,6607,,,1409,,7720,395,,,184907,499.0,11832.0,,,218,40257,,5797,,,2272.0,,1698,265244,0.039,,0.0414,,,0.00239,,0.0921,0.00208,,,0.0622,0.00117,0.0508,,,0.00401,0.0291,,0.0238,,,0.00436,,0.00458,0.0298,0.0,0,,,0,0,,0,,,0,,0,0,,,0,,0,0,,0,,,0,0.0294,0.0292,0.0287,0.028,0.0279,87.0,93.0,47.0,96.0,86.0,12570157056.0,12566876160.0,12563001344.0,12564426752.0,12560162816.0,81.8,0.02902,12567564288.0,0.03692,,0.09233999999999999,1.2173900000000002,1048657268736,12.488409206157188,23.25484613719187,0.029364608629903935
188,116,568.7931034482758,3918,0,12569604096,1644,,7502,,,1409,,7773,395,,,186149,499.0,11958.0,,,218,40638,,5829,,,2287.0,,1698,267999,0.0408,,0.0414,,,0.00239,,0.102,0.00208,,,0.0622,0.00115,0.0514,,,0.00401,0.0312,,0.0281,,,0.00436,,0.00458,0.0313,0.0,0,,,0,0,,0,,,0,,0,0,,,0,,0,0,,0,,,0,0.0298,0.0294,0.0292,0.0287,0.028,86.0,87.0,93.0,47.0,96.0,12573360128.0,12570157056.0,12566876160.0,12563001344.0,12564426752.0,85.8,0.02968,12568599756.8,0.03774,,0.09425999999999998,1.2486900000000003,1061226872832,12.498742259492994,23.254547363189396,0.030820142339886263
190,51,377.0,3977,0,12567183360,1683,,7553,,,1409,,7825,395,,,187598,505.0,12084.0,,,218,40924,,5829,,,2638.0,,1698,270359,0.0408,,0.0414,,,0.00239,,0.104,0.00204,,,0.0632,0.00113,0.0519,,,0.00401,0.0315,,0.0292,,,0.00447,,0.00458,0.0317,0.0,0,,,0,0,,0,,,0,,0,0,,,0,,0,0,,0,,,0,0.0313,0.0298,0.0294,0.0292,0.0287,116.0,86.0,87.0,93.0,47.0,12569604096.0,12573360128.0,12570157056.0,12566876160.0,12563001344.0,86.6,0.03028,12569436160.0,0.038560000000000004,,0.09658,1.2803900000000004,1073794056192,12.507509683214291,23.254354758146963,0.031207927124193163
192,64,807.828125,3977,0,12572094464,1694,,7605,,,1409,,7830,395,,,188887,505.0,12210.0,,,215,47039,,5829,,,2656.0,,1698,277971,0.0408,,0.0414,,,0.00239,,0.104,0.00206,,,0.0637,0.00111,0.0525,,,0.00401,0.0317,,0.0292,,,0.00447,,0.00458,0.0319,0.0,0,,,0,0,,0,,,0,,0,0,,,0,,0,0,,0,,,0,0.0317,0.0313,0.0298,0.0294,0.0292,51.0,116.0,86.0,87.0,93.0,12567183360.0,12569604096.0,12573360128.0,12570157056.0,12566876160.0,80.8,0.030819999999999997,12570479820.8,0.039380000000000005,,0.0989,1.3122900000000004,1086366150656,12.535275668175771,23.254745469773326,0.0314017631395316
194,108,908.6111111111112,4064,0,12575346688,1699,,7656,,,1409,,7939,401,,,190176,505.0,12335.0,,,228,47366,,5961,,,2665.0,,1698,280038,0.0408,,0.0414,,,0.00239,,0.105,0.00214,,,0.0622,0.00109,0.053,,,0.00413,0.0318,,0.0292,,,0.00447,,0.00458,0.0319,0.0,0,,,0,0,,0,,,0,,0,0,,,0,,0,0,,0,,,0,0.0319,0.0317,0.0313,0.0298,0.0294,64.0,51.0,116.0,86.0,87.0,12572094464.0,12567183360.0,12569604096.0,12573360128.0,12570157056.0,85.0,0.03132,12571517747.2,0.040440000000000004,,0.10142,1.3441900000000004,1098941497344,12.542684158166319,23.255004122253965,0.0314017631395316
196,91,579.8901098901099,4063,0,12582158336,1699,,7684,,,1409,,7993,407,,,211641,505.0,12461.0,,,228,47693,,6002,,,2665.0,,1698,302086,0.0408,,0.04,,,0.00246,,0.105,0.00214,,,0.071,0.00107,0.0573,,,0.00413,0.0318,,0.0292,,,0.00447,,0.00458,0.0329,0.0,0,,,0,0,,0,,,0,,0,0,,,0,,0,0,,0,,,0,0.0319,0.0319,0.0317,0.0313,0.0298,108.0,64.0,51.0,116.0,86.0,12575346688.0,12572094464.0,12567183360.0,12569604096.0,12573360128.0,86.0,0.03194,12573277388.8,0.0408,,0.10400000000000001,1.3770900000000004,1111523655680,12.618470334340282,23.25554564242136,0.032370380030450716
198,88,786.1818181818181,3883,0,12586102784,1699,,7777,,,1409,,8047,407,,,213066,505.0,12587.0,,,228,48020,,6042,,,2714.0,,1946,304447,0.0408,,0.0441,,,0.00245,,0.105,0.00214,,,0.0715,0.00105,0.0579,,,0.00399,0.0324,,0.0292,,,0.00447,,0.0047,0.0333,0.0,0,,,0,0,,0,,,0,,0,0,,,0,,0,0,,0,,,0,0.0329,0.0319,0.0319,0.0317,0.0313,91.0,108.0,64.0,51.0,116.0,12582158336.0,12575346688.0,12572094464.0,12567183360.0,12569604096.0,80.4,0.03234,12576577126.4,0.0408,,0.1046,1.4103900000000005,1124109758464,12.626255579791954,23.255859088631503,0.03275756423817219
200,92,785.4782608695652,3804,0,12586938368,1644,,7832,,,1688,,8101,407,,,214776,505.0,12713.0,,,228,48347,,6083,,,2732.0,,1959,307015,0.0408,,0.0464,,,0.00244,,0.105,0.00214,,,0.072,0.000859,0.0585,,,0.00464,0.0326,,0.0316,,,0.00433,,0.00539,0.0339,0.0,0,,,0,0,,0,,,0,,0,0,,,0,,0,0,,0,,,0,0.0333,0.0329,0.0319,0.0319,0.0317,88.0,91.0,108.0,64.0,51.0,12586102784.0,12582158336.0,12575346688.0,12572094464.0,12567183360.0,88.6,0.03278,12580528128.0,0.0408,,0.1048,1.4442900000000005,1136696696832,12.63465514247512,23.255925475842744,0.03333805961051037
202,93,560.2903225806451,3804,0,12580388864,1632,,7887,,,1688,,8840,407,,,216302,505.0,12839.0,,,228,48674,,6809,,,3004.0,,1969,310784,0.0416,,0.0464,,,0.00287,,0.105,0.00214,,,0.0725,0.00094,0.0591,,,0.00464,0.0352,,0.0316,,,0.0043,,0.00539,0.0343,0.0,0,,,0,0,,0,,,0,,0,0,,,0,,0,0,,0,,,0,0.0339,0.0333,0.0329,0.0319,0.0319,92.0,88.0,91.0,108.0,64.0,12586938368.0,12586102784.0,12582158336.0,12575346688.0,12572094464.0,94.4,0.03326,12582187008.0,0.04096,,0.105,1.4785900000000005,1149277085696,12.646856633762692,23.255404999108208,0.033724869401620894
204,102,642.2254901960785,3804,0,12580413440,1921,,8833,,,1688,,8918,407,,,217828,505.0,12289.0,,,231,52530,,6809,,,3025.0,,1969,316953,0.0433,,0.0464,,,0.00287,,0.101,0.00214,,,0.073,0.000921,0.0597,,,0.00464,0.0354,,0.033,,,0.00474,,0.00539,0.0344,0.0,0,,,0,0,,0,,,0,,0,0,,,0,,0,0,,0,,,0,0.0343,0.0339,0.0333,0.0329,0.0319,93.0,92.0,88.0,91.0,108.0,12580388864.0,12586938368.0,12586102784.0,12582158336.0,12575346688.0,93.2,0.03376,12583200358.4,0.04146,,0.1042,1.5129900000000005,1161857499136,12.66651193191979,23.255406952623023,0.03382154847551067
206,65,566.8615384615384,3941,0,12581134336,1995,,8894,,,1688,,8979,407,,,219353,505.0,14450.0,,,231,52922,,6809,,,3045.0,,1969,321249,0.0433,,0.0464,,,0.00287,,0.115,0.00214,,,0.077,0.000902,0.0602,,,0.00478,0.0355,,0.033,,,0.00474,,0.00539,0.0359,0.0,0,,,0,0,,0,,,0,,0,0,,,0,,0,0,,0,,,0,0.0344,0.0343,0.0339,0.0333,0.0329,102.0,93.0,92.0,88.0,91.0,12580413440.0,12580388864.0,12586938368.0,12586102784.0,12582158336.0,88.0,0.03436,12582995558.4,0.04196,,0.1062,1.5488900000000005,1174438633472,12.679974915191567,23.25546425402646,0.03527061408191929
208,68,1111.235294117647,3941,0,12581597184,1995,,8955,,,1688,,9041,411,,,220879,451.0,14589.0,,,243,53297,,6959,,,3066.0,,1969,323544,0.0433,,0.0464,,,0.00287,,0.115,0.00221,,,0.078,0.000883,0.0643,,,0.00478,0.036,,0.033,,,0.00484,,0.00539,0.0364,0.0,0,,,0,0,,0,,,0,,0,0,,,0,,0,0,,0,,,0,0.0359,0.0344,0.0343,0.0339,0.0333,65.0,102.0,93.0,92.0,88.0,12581134336.0,12580413440.0,12580388864.0,12586938368.0,12586102784.0,84.0,0.03498,12582094438.4,0.04246,,0.1082,1.5852900000000005,1187020230656,12.687093486803958,23.255501042401335,0.03575316970581786
210,128,1034.75,3941,0,12584529920,1995,,9017,,,1688,,9103,419,,,246809,442.0,14728.0,,,243,53672,,7008,,,3073.0,,1969,350166,0.0433,,0.0464,,,0.00287,,0.115,0.00221,,,0.0785,0.000864,0.0649,,,0.00478,0.0362,,0.033,,,0.00484,,0.00539,0.0365,0.0,0,,,0,0,,0,,,0,,0,0,,,0,,0,0,,0,,,0,0.0364,0.0359,0.0344,0.0343,0.0339,68.0,65.0,102.0,93.0,92.0,12581597184.0,12581134336.0,12580413440.0,12580388864.0,12586938368.0,91.2,0.035500000000000004,12581612748.8,0.04296,,0.1102,1.6217900000000005,1199604760576,12.766165462526283,23.25573411251188,0.03584965289369722
212,103,690.747572815534,3941,0,12585148416,1995,,9078,,,1688,,9691,419,,,248502,433.0,14867.0,,,243,54047,,7056,,,3073.0,,1969,353062,0.0433,,0.0464,,,0.00287,,0.115,0.00221,,,0.0791,0.000845,0.0655,,,0.00478,0.0365,,0.033,,,0.00484,,0.00539,0.0366,0.0,0,,,0,0,,0,,,0,,0,0,,,0,,0,0,,0,,,0,0.0365,0.0364,0.0359,0.0344,0.0343,128.0,68.0,65.0,102.0,93.0,12584529920.0,12581597184.0,12581134336.0,12580413440.0,12580388864.0,93.2,0.03596,12582564659.2,0.0433,,0.11220000000000001,1.6583900000000005,1212189908992,12.77440179024647,23.25578325863062,0.035946126773469124
214,78,395.47435897435895,3856,0,12591325184,1995,,9139,,,1762,,9756,419,,,250196,423.0,15006.0,,,243,54421,,7104,,,3132.0,,2217,355814,0.0433,,0.0486,,,0.00305,,0.115,0.00221,,,0.0796,0.000826,0.0662,,,0.00516,0.0367,,0.033,,,0.00484,,0.00586,0.037,0.0,0,,,0,0,,0,,,0,,0,0,,,0,,0,0,,0,,,0,0.0366,0.0365,0.0364,0.0359,0.0344,103.0,128.0,68.0,65.0,102.0,12585148416.0,12584529920.0,12581597184.0,12581134336.0,12580413440.0,88.4,0.03648,12584747008.0,0.0433,,0.115,1.6953900000000004,1224781234176,12.782166211841247,23.256273936413503,0.036331929247390274
216,82,458.0,3853,0,12598693888,1995,,9164,,,1762,,9774,419,,,251889,414.0,15145.0,,,243,54796,,7738,,,3458.0,,2217,359016,0.0455,,0.0498,,,0.00338,,0.119,0.00221,,,0.0802,0.000807,0.0668,,,0.00545,0.0394,,0.0332,,,0.00501,,0.00616,0.0381,0.0,0,,,0,0,,0,,,0,,0,0,,,0,,0,0,,0,,,0,0.037,0.0366,0.0365,0.0364,0.0359,78.0,103.0,128.0,68.0,65.0,12591325184.0,12585148416.0,12584529920.0,12581597184.0,12581134336.0,91.8,0.03692,12588258918.4,0.04374,,0.11579999999999999,1.7334900000000004,1237379928064,12.791125020109707,23.25685898592764,0.03739211921706267
218,105,702.8571428571429,3963,0,12605587456,2234,,9286,,,1698,,9898,419,,,253582,404.0,15284.0,,,250,55171,,7791,,,3482.0,,2217,361716,0.0455,,0.0516,,,0.00338,,0.12,0.00221,,,0.0849,0.000788,0.0674,,,0.00545,0.0397,,0.038,,,0.00501,,0.00616,0.0391,0.0,0,,,0,0,,0,,,0,,0,0,,,0,,0,0,,0,,,0,0.0381,0.037,0.0366,0.0365,0.0364,82.0,78.0,103.0,128.0,68.0,12598693888.0,12591325184.0,12585148416.0,12584529920.0,12581597184.0,99.2,0.03746,12593056972.8,0.04418,,0.11680000000000001,1.7725900000000003,1249985515520,12.798617417112183,23.25740600157766,0.03835495387646399
220,85,831.964705882353,3963,0,12603097088,2234,,10162,,,2005,,9967,419,,,255812,395.0,16202.0,,,255,60797,,7843,,,3498.0,,2217,371806,0.0455,,0.0516,,,0.00338,,0.12,0.00225,,,0.0854,0.000766,0.068,,,0.00545,0.0399,,0.038,,,0.00518,,0.00616,0.0393,0.0,0,,,0,0,,0,,,0,,0,0,,,0,,0,0,,0,,,0,0.0391,0.0381,0.037,0.0366,0.0365,105.0,82.0,78.0,103.0,128.0,12605587456.0,12598693888.0,12591325184.0,12585148416.0,12584529920.0,90.6,0.03802,12596770406.4,0.04462,,0.11779999999999999,1.8118900000000004,1262588612608,12.826130181418769,23.257208421414084,0.03854740961223893
222,115,747.7130434782608,3963,0,12601851904,2234,,10232,,,2005,,10036,419,,,257610,386.0,16348.0,,,255,61207,,7862,,,3498.0,,2217,374309,0.0455,,0.0516,,,0.00338,,0.116,0.00225,,,0.0856,0.000747,0.0686,,,0.00545,0.0399,,0.038,,,0.00518,,0.00616,0.039,0.0,0,,,0,0,,0,,,0,,0,0,,,0,,0,0,,0,,,0,0.0393,0.0391,0.0381,0.037,0.0366,85.0,105.0,82.0,78.0,103.0,12603097088.0,12605587456.0,12598693888.0,12591325184.0,12585148416.0,93.0,0.0385,12600111104.0,0.04506,,0.118,1.8508900000000004,1275190464512,12.832839610073176,23.257109616691146,0.03825871211709034
224,104,579.7307692307693,3963,0,12609114112,2234,,10303,,,2005,,10104,405,,,280596,369.0,16494.0,,,255,61667,,7862,,,3558.0,,2217,398068,0.0455,,0.0529,,,0.00338,,0.125,0.00218,,,0.0867,0.000728,0.0662,,,0.00545,0.0405,,0.038,,,0.00518,,0.00616,0.0398,0.0,0,,,0,0,,0,,,0,,0,0,,,0,,0,0,,0,,,0,0.039,0.0393,0.0391,0.0381,0.037,115.0,85.0,105.0,82.0,78.0,12601851904.0,12603097088.0,12605587456.0,12598693888.0,12591325184.0,98.2,0.03906,12603668889.6,0.0455,,0.12,1.8906900000000004,1287799578624,12.894380636074454,23.257685731719477,0.039028386967478346
226,89,601.3820224719101,3963,0,12616998912,2234,,10373,,,2086,,10173,432,,,282541,360.0,16640.0,,,255,62096,,8282,,,3582.0,,2317,401371,0.0455,,0.0529,,,0.00338,,0.125,0.0023,,,0.0873,0.000709,0.0662,,,0.00545,0.0408,,0.038,,,0.00518,,0.00616,0.0399,0.0,0,,,0,0,,0,,,0,,0,0,,,0,,0,0,,0,,,0,0.0398,0.039,0.0393,0.0391,0.0381,104.0,115.0,85.0,105.0,82.0,12609114112.0,12601851904.0,12603097088.0,12605587456.0,12598693888.0,99.6,0.03942,12607329894.4,0.0455,,0.1212,1.9305900000000005,1300416577536,12.902643957056814,23.25831086173841,0.03912455468405003
228,82,547.5,3868,0,12617904128,2293,,10443,,,2100,,10242,432,,,284486,351.0,16786.0,,,255,62524,,8479,,,3607.0,,2321,404319,0.0455,,0.0529,,,0.00338,,0.129,0.0023,,,0.0878,0.00069,0.0759,,,0.00548,0.0411,,0.0401,,,0.00533,,0.00616,0.0413,0.0,0,,,0,0,,0,,,0,,0,0,,,0,,0,0,,0,,,0,0.0399,0.0398,0.039,0.0393,0.0391,89.0,104.0,115.0,85.0,105.0,12616998912.0,12609114112.0,12601851904.0,12603097088.0,12605587456.0,95.0,0.03986,12609793228.8,0.0455,,0.123,1.9718900000000006,1313034481664,12.90996192262202,23.258382604910864,0.04046993255371322
230,84,615.7380952380952,3868,0,12622544896,2486,,10513,,,2108,,11066,432,,,286431,342.0,16932.0,,,255,62953,,8537,,,3631.0,,2496,408184,0.0439,,0.0529,,,0.00362,,0.13,0.0023,,,0.0884,0.000671,0.0765,,,0.00548,0.0413,,0.0401,,,0.00533,,0.00616,0.0414,0.0,0,,,0,0,,0,,,0,,0,0,,,0,,0,0,,0,,,0,0.0413,0.0399,0.0398,0.039,0.0393,82.0,89.0,104.0,115.0,85.0,12617904128.0,12616998912.0,12609114112.0,12601851904.0,12603097088.0,94.8,0.04028,12613682790.4,0.04518,,0.125,2.0132900000000005,1325657026560,12.919475781989908,23.258750329593376,0.04056596174666165
232,118,777.8813559322034,3809,0,12625616896,2503,,10537,,,2108,,11149,432,,,288376,333.0,17078.0,,,253,63381,,8595,,,3537.0,,2496,410780,0.0486,,0.0529,,,0.00362,,0.131,0.00232,,,0.089,0.000652,0.0772,,,0.00548,0.0402,,0.0401,,,0.00533,,0.00618,0.0419,0.0,0,,,0,0,,0,,,0,,0,0,,,0,,0,0,,0,,,0,0.0414,0.0413,0.0399,0.0398,0.039,84.0,82.0,89.0,104.0,115.0,12622544896.0,12617904128.0,12616998912.0,12609114112.0,12601851904.0,95.4,0.04086,12618435788.8,0.0458,,0.128,2.0551900000000005,1338282643456,12.925815504749782,23.258993674042785,0.04104596943600097
234,86,831.3139534883721,3964,0,12628283392,2520,,11484,,,2108,,11228,432,,,290322,323.0,18076.0,,,262,68545,,8654,,,4087.0,,2496,420537,0.0486,,0.0529,,,0.00362,,0.131,0.00232,,,0.0949,0.000633,0.0779,,,0.00577,0.0445,,0.0401,,,0.00533,,0.00701,0.0429,0.0,0,,,0,0,,0,,,0,,0,0,,,0,,0,0,,0,,,0,0.0419,0.0414,0.0413,0.0399,0.0398,118.0,84.0,82.0,89.0,104.0,12625616896.0,12622544896.0,12617904128.0,12616998912.0,12609114112.0,91.8,0.04148,12622269644.8,0.046419999999999996,,0.1292,2.0980900000000005,1350910926848,12.949290122920942,23.259204849027977,0.04200529414503013
236,131,907.6870229007634,3964,0,12629266432,2524,,11564,,,2038,,11307,432,,,312643,290.0,18229.0,,,252,69006,,8712,,,4097.0,,2496,443590,0.0486,,0.0552,,,0.00362,,0.131,0.00232,,,0.0959,0.000631,0.0785,,,0.00577,0.0448,,0.0386,,,0.00533,,0.00701,0.0431,0.0,0,,,0,0,,0,,,0,,0,0,,,0,,0,0,,0,,,0,0.0429,0.0419,0.0414,0.0413,0.0399,86.0,118.0,84.0,82.0,89.0,12628283392.0,12625616896.0,12622544896.0,12617904128.0,12616998912.0,100.2,0.042120000000000005,12624723148.8,0.04704,,0.13040000000000002,2.1411900000000004,1363540193280,13.002658245704293,23.259282690307696,0.04219704869978835
238,92,568.6086956521739,3964,0,12629778432,2524,,11644,,,2284,,11386,443,,,314836,281.0,18382.0,,,270,69536,,8760,,,4097.0,,2496,446939,0.0486,,0.0552,,,0.00362,,0.131,0.00232,,,0.0966,0.000612,0.0792,,,0.00577,0.0451,,0.0441,,,0.0055,,0.00701,0.0437,0.0,0,,,0,0,,0,,,0,,0,0,,,0,,0,0,,0,,,0,0.0431,0.0429,0.0419,0.0414,0.0413,131.0,86.0,118.0,84.0,82.0,12629266432.0,12628283392.0,12625616896.0,12622544896.0,12617904128.0,102.2,0.042600000000000006,12627098009.6,0.047659999999999994,,0.1308,2.18489,1376169971712,13.010179636398377,23.259323230241236,0.04277209184386899
240,97,695.5257731958762,3875,0,12629229568,2524,,11725,,,2284,,11938,443,,,317030,273.0,18535.0,,,270,70026,,8760,,,4173.0,,2605,450585,0.0486,,0.0535,,,0.00362,,0.135,0.00232,,,0.0972,0.000592,0.0799,,,0.00622,0.0455,,0.0441,,,0.0055,,0.00701,0.0441,0.0,0,,,0,0,,0,,,0,,0,0,,,0,,0,0,,0,,,0,0.0437,0.0431,0.0429,0.0419,0.0414,92.0,131.0,86.0,118.0,84.0,12629778432.0,12629266432.0,12628283392.0,12625616896.0,12622544896.0,104.8,0.04314,12628434944.0,0.0486,,0.1318,2.22899,1388799201280,13.018304236812744,23.259279771369055,0.0431552703139276
242,88,792.9545454545455,3875,0,12636147712,2524,,11805,,,2362,,12020,443,,,319223,264.0,18688.0,,,270,70517,,8495,,,4202.0,,2623,453435,0.0486,,0.0531,,,0.00378,,0.135,0.00238,,,0.0979,0.000573,0.0805,,,0.00622,0.0458,,0.0441,,,0.0055,,0.00719,0.0442,0.0,0,,,0,0,,0,,,0,,0,0,,,0,,0,0,,0,,,0,0.0441,0.0437,0.0431,0.0429,0.0419,97.0,92.0,131.0,86.0,118.0,12629229568.0,12629778432.0,12629266432.0,12628283392.0,12625616896.0,98.8,0.0436,12630541107.2,0.0486,,0.1326,2.27319,1401435348992,13.024609413991767,23.259827409672308,0.04325104199431494
244,116,1064.2241379310344,3875,0,12645511168,2684,,11885,,,2362,,12102,443,,,321416,256.0,18842.0,,,270,71007,,9641,,,4231.0,,2628,457765,0.0486,,0.0596,,,0.00378,,0.14,0.00236,,,0.0985,0.000553,0.0778,,,0.00622,0.0462,,0.0469,,,0.00531,,0.00724,0.0452,0.0,0,,,0,0,,0,,,0,,0,0,,,0,,0,0,,0,,,0,0.0442,0.0441,0.0437,0.0431,0.0429,88.0,97.0,92.0,131.0,86.0,12636147712.0,12629229568.0,12629778432.0,12629266432.0,12628283392.0,104.8,0.04406,12633986662.4,0.0486,,0.13440000000000002,2.31839,1414080860160,13.034113415503175,23.26056814084599,0.044208254664320365
246,113,809.4690265486726,3875,0,12649394176,2783,,12571,,,2362,,12185,443,,,323609,247.0,18995.0,,,270,71497,,9707,,,4259.0,,2628,461554,0.0506,,0.0596,,,0.00415,,0.141,0.00237,,,0.103,0.000319,0.0876,,,0.00622,0.0465,,0.0469,,,0.00574,,0.00746,0.0467,0.0,0,,,0,0,,0,,,0,,0,0,,,0,,0,0,,0,,,0,0.0452,0.0442,0.0441,0.0437,0.0431,116.0,88.0,97.0,92.0,131.0,12645511168.0,12636147712.0,12629229568.0,12629778432.0,12629266432.0,101.2,0.04478,12638012211.2,0.049,,0.13640000000000002,2.36509,1426730254336,13.042356502422127,23.260875159826877,0.04564235787870107
248,100,657.84,3950,0,12650553344,2802,,12655,,,2362,,12267,443,,,325803,239.0,19148.0,,,270,71988,,9772,,,4288.0,,2806,464841,0.049,,0.0611,,,0.00415,,0.142,0.00245,,,0.103,0.000374,0.0883,,,0.00622,0.0489,,0.049,,,0.00574,,0.00792,0.0473,0.0,0,,,0,0,,0,,,0,,0,0,,,0,,0,0,,0,,,0,0.0467,0.0452,0.0442,0.0441,0.0437,113.0,116.0,88.0,97.0,92.0,12649394176.0,12645511168.0,12636147712.0,12629229568.0,12629778432.0,102.8,0.0455,12642167193.6,0.04908,,0.1386,2.41239,1439380807680,13.049452841883273,23.260966793851004,0.04621542379696299
250,83,932.1204819277108,3949,0,12649734144,2817,,12757,,,2552,,12349,443,,,327996,187.0,19301.0,,,276,70192,,9838,,,4301.0,,2806,465815,0.0506,,0.0611,,,0.00415,,0.142,0.00245,,,0.104,0.000359,0.089,,,0.00654,0.0492,,0.049,,,0.00574,,0.00792,0.0477,0.0,0,,,0,0,,0,,,0,,0,0,,,0,,0,0,,0,,,0,0.0473,0.0467,0.0452,0.0442,0.0441,100.0,113.0,116.0,88.0,97.0,12650553344.0,12649394176.0,12645511168.0,12636147712.0,12629229568.0,100.0,0.046220000000000004,12646268108.8,0.049479999999999996,,0.13999999999999999,2.4600899999999997,1452030541824,13.051545985348673,23.26090203569356,0.046597285376782184
252,123,866.0487804878048,3949,0,12651548672,2817,,12847,,,2646,,12906,459,,,331004,180.0,18621.0,,,286,78479,,9864,,,4152.0,,2806,477068,0.0506,,0.0611,,,0.00415,,0.143,0.00245,,,0.105,0.000345,0.0897,,,0.00654,0.0496,,0.049,,,0.00574,,0.00792,0.0479,0.0,0,,,0,0,,0,,,0,,0,0,,,0,,0,0,,0,,,0,0.0477,0.0473,0.0467,0.0452,0.0442,83.0,100.0,113.0,116.0,88.0,12649734144.0,12650553344.0,12649394176.0,12645511168.0,12636147712.0,107.0,0.04696,12649348300.8,0.049879999999999994,,0.1416,2.5079899999999995,1464682090496,13.075416413497134,23.261045469369726,0.046788161498758925
254,97,824.3917525773196,3949,0,12657270784,2817,,12937,,,2659,,12995,459,,,360752,174.0,20834.0,,,286,79006,,9864,,,4803.0,,2806,510391,0.0506,,0.0611,,,0.00415,,0.143,0.00245,,,0.106,0.000331,0.0905,,,0.00654,0.0499,,0.049,,,0.00588,,0.00792,0.0481,0.0,0,,,0,0,,0,,,0,,0,0,,,0,,0,0,,0,,,0,0.0479,0.0477,0.0473,0.0467,0.0452,123.0,83.0,100.0,113.0,116.0,12651548672.0,12649734144.0,12650553344.0,12649394176.0,12645511168.0,103.2,0.04754,12651700224.0,0.050280000000000005,,0.1422,2.5560899999999993,1477339361280,13.142934336908688,23.2614976526181,0.046979001193994605
256,82,970.4756097560976,3885,0,12655181824,2817,,13027,,,2659,,13084,459,,,363229,167.0,20996.0,,,286,79621,,9864,,,4835.0,,2930,513975,0.0506,,0.0611,,,0.00432,,0.146,0.00245,,,0.106,0.000317,0.0912,,,0.00633,0.0503,,0.049,,,0.00588,,0.00792,0.0485,0.0,0,,,0,0,,0,,,0,,0,0,,,0,,0,0,,0,,,0,0.0481,0.0479,0.0477,0.0473,0.0467,97.0,123.0,83.0,100.0,113.0,12657270784.0,12651548672.0,12649734144.0,12650553344.0,12649394176.0,97.0,0.047900000000000005,12652857753.6,0.050280000000000005,,0.1432,2.6045899999999995,1489994543104,13.149931850740165,23.261332598679083,0.04736057135983759
258,125,1348.024,3965,0,12655239168,2817,,13117,,,2659,,13174,459,,,365706,160.0,21159.0,,,286,80181,,10694,,,4868.0,,2950,518231,0.0525,,0.0611,,,0.0046,,0.146,0.00249,,,0.107,0.000303,0.0962,,,0.00629,0.0506,,0.0511,,,0.00588,,0.00792,0.0494,0.0,0,,,0,0,,0,,,0,,0,0,,,0,,0,0,,0,,,0,0.0485,0.0481,0.0479,0.0477,0.0473,82.0,97.0,123.0,83.0,100.0,12655181824.0,12657270784.0,12651548672.0,12649734144.0,12650553344.0,102.0,0.04832,12653794918.4,0.050980000000000004,,0.144,2.6539899999999994,1502649782272,13.158178297422777,23.2613371299352,0.04821857227047433
260,129,1068.9767441860463,3839,0,12670283776,3098,,13208,,,2659,,13263,459,,,368184,153.0,21322.0,,,286,80742,,10768,,,4901.0,,2970,522013,0.0525,,0.0653,,,0.0046,,0.151,0.00249,,,0.112,0.000288,0.097,,,0.00705,0.0508,,0.0511,,,0.00604,,0.00792,0.0507,0.0,0,,,0,0,,0,,,0,,0,0,,,0,,0,0,,0,,,0,0.0494,0.0485,0.0481,0.0479,0.0477,125.0,82.0,97.0,123.0,83.0,12655239168.0,12655181824.0,12657270784.0,12651548672.0,12649734144.0,111.2,0.048920000000000005,12657904844.8,0.05136,,0.14579999999999999,2.7046899999999994,1515320066048,13.1654496864285,23.262525228581914,0.049456608712592526
262,100,865.24,3839,0,12734156800,3107,,12832,,,2659,,13353,464,,,370661,146.0,21485.0,,,290,81303,,10842,,,4905.0,,3102,525148,0.0524,,0.0653,,,0.0046,,0.152,0.00249,,,0.113,0.000274,0.0977,,,0.00705,0.0514,,0.0534,,,0.00604,,0.00822,0.0511,0.0,0,,,0,0,,0,,,0,,0,0,,,0,,0,0,,0,,,0,0.0507,0.0494,0.0485,0.0481,0.0479,129.0,125.0,82.0,97.0,123.0,12670283776.0,12655239168.0,12655181824.0,12657270784.0,12651548672.0,106.6,0.04956,12674426470.4,0.05172,,0.1476,2.7557899999999993,1528054222848,13.171437310831266,23.267553732035402,0.04983723484717165
264,81,942.493827160494,3839,0,12730925056,3107,,14413,,,2659,,13946,464,,,373831,140.0,21647.0,,,290,81863,,10916,,,4975.0,,3102,531354,0.0524,,0.0653,,,0.0046,,0.153,0.00245,,,0.114,0.00018,0.0985,,,0.00705,0.0501,,0.0534,,,0.00604,,0.00874,0.0513,0.0,0,,,0,0,,0,,,0,,0,0,,,0,,0,0,,0,,,0,0.0511,0.0507,0.0494,0.0485,0.0481,100.0,129.0,125.0,82.0,97.0,12734156800.0,12670283776.0,12655239168.0,12655181824.0,12657270784.0,103.4,0.0502,12689157324.8,0.052079999999999994,,0.1496,2.807089999999999,1540785147904,13.18318562674998,23.26729991435397,0.050027493599648164
266,99,1112.6161616161617,3949,0,12740960256,3107,,14510,,,2779,,14070,464,,,376428,74.7,21810.0,,,290,82424,,10990,,,5010.0,,3102,535060,0.0524,,0.0653,,,0.0046,,0.154,0.00253,,,0.115,0.00017,0.0992,,,0.00742,0.0542,,0.0534,,,0.00624,,0.00874,0.0519,0.0,0,,,0,0,,0,,,0,,0,0,,,0,,0,0,,0,,,0,0.0513,0.0511,0.0507,0.0494,0.0485,81.0,100.0,129.0,125.0,82.0,12730925056.0,12734156800.0,12670283776.0,12655239168.0,12655181824.0,106.8,0.05088,12706313011.2,0.05244,,0.1512,2.858989999999999,1553526108160,13.190136038070095,23.268087857640893,0.05059805276309138
268,123,1272.1869918699188,3949,0,12750942208,3107,,14570,,,3059,,14169,464,,,400688,71.0,21973.0,,,281,80204,,11064,,,5044.0,,3102,557796,0.0524,,0.0653,,,0.00483,,0.154,0.00253,,,0.115,0.00016,0.1,,,0.00742,0.0545,,0.0534,,,0.00624,,0.00874,0.0521,0.0,0,,,0,0,,0,,,0,,0,0,,,0,,0,0,,0,,,0,0.0519,0.0513,0.0511,0.0507,0.0494,99.0,81.0,100.0,129.0,125.0,12740960256.0,12730925056.0,12734156800.0,12670283776.0,12655239168.0,106.4,0.05142,12725453619.2,0.05242,,0.1528,2.911089999999999,1566277050368,13.23175037588928,23.26887100456557,0.05078816683210506
270,127,1211.03937007874,3949,0,12767551488,3208,,14717,,,3080,,14267,457,,,403434,67.2,22136.0,,,279,88601,,11500,,,5400.0,,3102,570248,0.0538,,0.0669,,,0.00506,,0.154,0.00253,,,0.116,0.00015,0.105,,,0.00742,0.0549,,0.0534,,,0.00624,,0.00874,0.0529,0.0,0,,,0,0,,0,,,0,,0,0,,,0,,0,0,,0,,,0,0.0521,0.0519,0.0513,0.0511,0.0507,123.0,99.0,81.0,100.0,129.0,12750942208.0,12740960256.0,12730925056.0,12734156800.0,12670283776.0,106.0,0.051859999999999996,12744907161.6,0.052680000000000005,,0.1534,2.963989999999999,1579044601856,13.253828386528262,23.270172749295643,0.0515482618805766
272,78,1010.5641025641024,3967,0,12774838272,3343,,14818,,,3100,,14365,460,,,406179,63.4,23535.0,,,303,89195,,11500,,,5437.0,,3102,575402,0.0542,,0.0711,,,0.00506,,0.154,0.00256,,,0.117,0.000141,0.105,,,0.00742,0.0553,,0.0534,,,0.00635,,0.00874,0.0534,0.0,0,,,0,0,,0,,,0,,0,0,,,0,,0,0,,0,,,0,0.0529,0.0521,0.0519,0.0513,0.0511,127.0,123.0,99.0,81.0,100.0,12767551488.0,12750942208.0,12740960256.0,12730925056.0,12734156800.0,101.6,0.05232,12753043456.0,0.05304,,0.1538,3.017389999999999,1591819440128,13.26282594385033,23.270743313308294,0.052023028067151915
274,134,1268.6044776119404,3871,0,12776181760,3365,,14919,,,3110,,14464,474,,,408925,59.7,23707.0,,,303,89859,,11701,,,5473.0,,3199,579559,0.056,,0.0711,,,0.00506,,0.157,0.00256,,,0.121,0.000131,0.106,,,0.00782,0.0557,,0.0534,,,0.00635,,0.00918,0.0543,0.0,0,,,0,0,,0,,,0,,0,0,,,0,,0,0,,0,,,0,0.0534,0.0529,0.0521,0.0519,0.0513,78.0,127.0,123.0,99.0,81.0,12774838272.0,12767551488.0,12750942208.0,12740960256.0,12730925056.0,112.2,0.05292,12762094796.8,0.053759999999999995,,0.1546,3.071689999999999,1604595621888,13.270024473934658,23.27084847451121,0.05287703960076692
276,109,1143.2385321100917,3871,0,12774354944,3382,,15020,,,3110,,15035,474,,,411671,55.9,23878.0,,,302,90477,,11780,,,5488.0,,3270,583943,0.056,,0.0711,,,0.00506,,0.162,0.00256,,,0.122,0.000121,0.107,,,0.00782,0.0559,,0.06,,,0.00635,,0.00949,0.0554,0.0,0,,,0,0,,0,,,0,,0,0,,,0,,0,0,,0,,,0,0.0543,0.0534,0.0529,0.0521,0.0519,134.0,78.0,127.0,123.0,99.0,12776181760.0,12774838272.0,12767551488.0,12750942208.0,12740960256.0,114.2,0.05362,12768773734.4,0.054479999999999994,,0.1562,3.127089999999999,1617369976832,13.277560366801627,23.270705478219263,0.05391984198943043
278,102,870.1764705882352,3871,0,12775239680,3382,,15121,,,3110,,15137,459,,,415371,52.2,24050.0,,,312,91095,,11860,,,5488.0,,3430,588867,0.056,,0.0711,,,0.00506,,0.163,0.00256,,,0.123,0.000111,0.108,,,0.00782,0.0565,,0.06,,,0.00635,,0.00949,0.0557,0.0,0,,,0,0,,0,,,0,,0,0,,,0,,0,0,,0,,,0,0.0554,0.0543,0.0534,0.0529,0.0521,109.0,134.0,78.0,127.0,123.0,12774354944.0,12776181760.0,12774838272.0,12767551488.0,12750942208.0,110.0,0.05434,12773633228.8,0.055200000000000006,,0.158,3.182789999999999,1630145216512,13.285957328858881,23.270774734582293,0.05420405401351211
280,90,1000.9555555555556,3871,0,12775612416,3382,,15147,,,3110,,15238,487,,,418278,,24222.0,,,312,94735,,11915,,,5592.0,,3453,595871,0.056,,0.0711,,,0.00506,,0.164,0.00256,,,0.123,,0.109,,,0.00782,0.0569,,0.06,,,0.00635,,0.00949,0.0559,0.0,0,,,0,0,,0,,,0,,0,0,,,0,,0,0,,0,,,0,0.0557,0.0554,0.0543,0.0534,0.0529,102.0,109.0,134.0,78.0,127.0,12775239680.0,12774354944.0,12776181760.0,12774838272.0,12767551488.0,102.6,0.05494,12775245414.4,0.05564,,0.16,3.2386899999999987,1642920828928,13.29778115788149,23.27080391059557,0.054393483830331636
282,87,1215.0689655172414,3985,0,12772900864,3382,,16225,,,3110,,15251,487,,,442104,,24394.0,,,312,95373,,11915,,,5631.0,,3455,621639,0.056,,0.0711,,,0.00531,,0.164,0.0026,,,0.124,,0.112,,,0.00823,0.0588,,0.06,,,0.0066,,0.00949,0.0566,0.0,0,,,0,0,,0,,,0,,0,0,,,0,,0,0,,0,,,0,0.0559,0.0557,0.0554,0.0543,0.0534,90.0,102.0,109.0,134.0,78.0,12775612416.0,12775239680.0,12774354944.0,12776181760.0,12774838272.0,104.4,0.05558,12774857932.8,0.056,,0.162,3.2952899999999987,1655693729792,13.340116426029548,23.270591643683577,0.0550562057480784
284,83,1255.0240963855422,3910,0,12768710656,3382,,16339,,,3236,,15473,487,,,445156,,25241.0,,,312,96082,,11915,,,5669.0,,3455,626746,0.056,,0.0731,,,0.00531,,0.164,0.0026,,,0.125,,0.113,,,0.00823,0.0592,,0.06,,,0.0066,,0.00949,0.0569,0.0,0,,,0,0,,0,,,0,,0,0,,,0,,0,0,,0,,,0,0.0566,0.0559,0.0557,0.0554,0.0543,87.0,90.0,102.0,109.0,134.0,12772900864.0,12775612416.0,12775239680.0,12774354944.0,12776181760.0,94.2,0.0561,12773363712.0,0.056,,0.16340000000000002,3.352189999999999,1668462440448,13.348298229411558,23.270263535331136,0.05534009503316459
286,146,1593.849315068493,4003,0,12776005632,3494,,16453,,,3578,,15581,487,,,448207,,25418.0,,,326,96747,,11779,,,6006.0,,3455,631533,0.056,,0.0731,,,0.00573,,0.164,0.0026,,,0.126,,0.114,,,0.00823,0.0596,,0.0619,,,0.0066,,0.00949,0.0573,0.0,0,,,0,0,,0,,,0,,0,0,,,0,,0,0,,0,,,0,0.0569,0.0566,0.0559,0.0557,0.0554,83.0,87.0,90.0,102.0,109.0,12768710656.0,12772900864.0,12775612416.0,12775239680.0,12774354944.0,101.6,0.056479999999999995,12773693849.6,0.056,,0.1638,3.409489999999999,1681238446080,13.3559070593867,23.27083468876385,0.05571848875634378
288,141,1161.212765957447,4003,0,12769267712,3425,,16567,,,3603,,16107,483,,,451259,,25594.0,,,326,97413,,12903,,,6047.0,,3455,637182,0.0563,,0.0731,,,0.00573,,0.164,0.00252,,,0.123,,0.115,,,0.00823,0.06,,0.0619,,,0.00638,,0.00991,0.0572,0.0,0,,,0,0,,0,,,0,,0,0,,,0,,0,0,,0,,,0,0.0573,0.0569,0.0566,0.0559,0.0557,146.0,83.0,87.0,90.0,102.0,12776005632.0,12768710656.0,12772900864.0,12775612416.0,12775239680.0,109.4,0.05678,12772499456.0,0.05606,,0.164,3.466689999999999,1694007713792,13.36481217744054,23.27030716102398,0.05562390374799708
290,80,1114.05,3933,0,12773953536,3700,,16681,,,3627,,16219,500,,,454310,,25771.0,,,326,98078,,12991,,,6059.0,,3455,641717,0.0576,,0.0774,,,0.00573,,0.171,0.0025,,,0.131,,0.115,,,0.00795,0.0604,,0.0619,,,0.00676,,0.00995,0.059,0.0,0,,,0,0,,0,,,0,,0,0,,,0,,0,0,,0,,,0,0.0572,0.0573,0.0569,0.0566,0.0559,141.0,146.0,83.0,87.0,90.0,12769267712.0,12776005632.0,12768710656.0,12772900864.0,12775612416.0,107.4,0.05739999999999999,12772167680.0,0.056380000000000006,,0.16540000000000002,3.525689999999999,1706781667328,13.371904233836082,23.27067405476903,0.0573250666192694
292,116,1139.3275862068965,3872,0,12775997440,3725,,16794,,,3646,,16330,500,,,457362,,25947.0,,,326,98744,,13080,,,6134.0,,3586,646173,0.058,,0.0774,,,0.00573,,0.172,0.00265,,,0.132,,0.116,,,0.00875,0.0609,,0.0619,,,0.00676,,0.0104,0.0594,0.0,0,,,0,0,,0,,,0,,0,0,,,0,,0,0,,0,,,0,0.059,0.0572,0.0573,0.0569,0.0566,80.0,141.0,146.0,83.0,87.0,12773953536.0,12769267712.0,12776005632.0,12768710656.0,12772900864.0,113.2,0.05796,12772786995.2,0.05678,,0.167,3.585089999999999,1719557664768,13.378824096341782,23.27083404756167,0.05770271012828925
294,87,1201.9195402298851,3872,0,12697198592,3750,,16908,,,3646,,16442,500,,,476198,,26124.0,,,335,103032,,13168,,,6176.0,,3468,669747,0.0599,,0.0774,,,0.00573,,0.173,0.00267,,,0.133,,0.117,,,0.00875,0.0613,,0.0641,,,0.00676,,0.0104,0.06,0.0,0,,,0,0,,0,,,0,,0,0,,,0,,0,0,,0,,,0,0.0594,0.059,0.0572,0.0573,0.0569,116.0,80.0,141.0,146.0,83.0,12775997440.0,12773953536.0,12769267712.0,12776005632.0,12768710656.0,114.0,0.05858,12758484582.4,0.05756,,0.1688,3.6450899999999993,1732254863360,13.41465680121352,23.264647222850552,0.058268908123975775
296,111,1347.261261261261,3872,0,12697862144,3763,,17022,,,3646,,16553,482,,,479523,,26300.0,,,335,103749,,13257,,,6218.0,,3713,674562,0.0599,,0.0789,,,0.00573,,0.173,0.00276,,,0.134,,0.118,,,0.00875,0.0637,,0.0641,,,0.00676,,0.0104,0.0605,0.0,0,,,0,0,,0,,,0,,0,0,,,0,,0,0,,0,,,0,0.06,0.0594,0.059,0.0572,0.0573,87.0,116.0,80.0,141.0,146.0,12697198592.0,12775997440.0,12773953536.0,12769267712.0,12776005632.0,107.0,0.059219999999999995,12742855884.8,0.05834,,0.1706,3.705589999999999,1744952725504,13.42182035278859,23.264699481201653,0.058740495022600085
298,69,1497.8260869565215,3872,0,12690169856,3763,,17720,,,3646,,16665,500,,,482849,,26528.0,,,335,104466,,13265,,,6260.0,,3713,679710,0.0599,,0.0789,,,0.00601,,0.173,0.00276,,,0.135,,0.114,,,0.00875,0.0641,,0.0641,,,0.00702,,0.0104,0.0604,,0,,,0,0,,0,,,0,,0,0,,,0,,0,0,,0,,,0,0.0605,0.06,0.0594,0.059,0.0572,111.0,87.0,116.0,80.0,141.0,12697862144.0,12697198592.0,12775997440.0,12773953536.0,12769267712.0,92.6,0.059860000000000003,12727036313.6,0.05906,,0.1724,3.765989999999999,1757642895360,13.429422986814192,23.264093503689512,0.058646195432733424
300,80,1865.5,3914,142,12689408000,3763,,17916,,,3741,,16730,500,,,486174,,26711.0,,,335,105182,,13265,,,6501.0,,3713,684532,0.0599,,0.0789,,,0.00601,,0.173,0.00276,,,0.136,,0.125,,,0.00902,0.0646,,0.0661,,,0.00711,,0.0104,0.0615,,0,,,0,0,,0,,,0,,0,0,,,0,,0,0,,0,,,0,0.0604,0.0605,0.06,0.0594,0.059,69.0,111.0,87.0,116.0,80.0,12690169856.0,12697862144.0,12697198592.0,12775997440.0,12773953536.0,92.6,0.060360000000000004,12710127206.4,0.05952,,0.1728,3.827489999999999,1770332303360,13.436492132921092,23.264033466757102,0.05968300216117373
302,155,1810.7870967741935,3980,286,12691775488,3763,,18043,,,3870,,16940,500,,,489499,,25922.0,,,336,105899,,13565,,,6544.0,,3713,688595,0.0599,,0.0789,,,0.0063,,0.178,0.00276,,,0.137,,0.126,,,0.00932,0.065,,0.0661,,,0.00711,,0.0107,0.0623,,0,,,0,0,,0,,,0,,0,0,,,0,,0,0,,0,,,0,0.0615,0.0604,0.0605,0.06,0.0594,80.0,69.0,111.0,87.0,116.0,12689408000.0,12690169856.0,12697862144.0,12697198592.0,12775997440.0,100.4,0.06094000000000001,12693282816.0,0.0599,,0.174,3.889789999999999,1783024078848,13.442410020982091,23.264220021336623,0.06043636880383069
304,124,1347.548387096774,3896,288,12692750336,3968,,18169,,,3891,,16516,500,,,492825,,28170.0,,,336,106616,,13199,,,6545.0,,3849,694583,0.0579,,0.0789,,,0.0063,,0.18,0.00283,,,0.141,,0.126,,,0.00933,0.0652,,0.0687,,,0.00711,,0.0109,0.0628,,0,,,0,0,,0,,,0,,0,0,,,0,,0,0,,0,,,0,0.0623,0.0615,0.0604,0.0605,0.06,155.0,80.0,69.0,111.0,87.0,12691775488.0,12689408000.0,12690169856.0,12697862144.0,12697198592.0,107.8,0.0615,12692393164.8,0.0595,,0.1754,3.9525899999999994,1795716829184,13.451068384186609,23.2642968278137,0.060906934903521386
306,93,1048.774193548387,3896,291,12694827008,3995,,18295,,,3891,,16516,505,,,496150,,28361.0,,,346,107332,,14203,,,6641.0,,3849,700084,0.0588,,0.0832,,,0.0063,,0.175,0.00283,,,0.142,,0.127,,,0.00933,0.066,,0.0687,,,0.00711,,0.011,0.0631,,0,,,0,0,,0,,,0,,0,0,,,0,,0,0,,0,,,0,0.0628,0.0623,0.0615,0.0604,0.0605,124.0,155.0,80.0,69.0,111.0,12692750336.0,12691775488.0,12689408000.0,12690169856.0,12697862144.0,104.2,0.06202,12691786137.6,0.05928,,0.17579999999999998,4.015689999999999,1808411656192,13.458957035225119,23.264460425306783,0.06118916831242246
308,94,1155.595744680851,3896,294,12699123712,4022,,18422,,,3891,,17796,505,,,501191,,28552.0,,,346,110453,,14300,,,6687.0,,3849,710013,0.0588,,0.0832,,,0.0063,,0.183,0.00283,,,0.142,,0.127,,,0.00933,0.0664,,0.0687,,,0.00711,,0.0107,0.0638,,0,,,0,0,,0,,,0,,0,0,,,0,,0,0,,0,,,0,0.0631,0.0628,0.0623,0.0615,0.0604,93.0,124.0,155.0,80.0,69.0,12694827008.0,12692750336.0,12691775488.0,12689408000.0,12690169856.0,109.2,0.0627,12693576908.8,0.05906,,0.1778,4.079489999999999,1821110779904,13.473039967132953,23.26479882905404,0.06184740332608015
310,115,1259.7826086956522,3896,297,12695429120,4030,,18548,,,3891,,17918,505,,,486933,,28781.0,,,346,111218,,14398,,,6875.0,,3849,697292,0.0609,,0.0832,,,0.0063,,0.183,0.00283,,,0.144,,0.13,,,0.00933,0.0669,,0.0687,,,0.00711,,0.0113,0.0644,,0,,,0,0,,0,,,0,,0,0,,,0,,0,0,,0,,,0,0.0638,0.0631,0.0628,0.0623,0.0615,94.0,93.0,124.0,155.0,80.0,12699123712.0,12694827008.0,12692750336.0,12691775488.0,12689408000.0,116.2,0.06328,12694781132.8,0.05926,,0.1798,4.143889999999999,1833806209024,13.454960974437933,23.2645078538949,0.06241126012139706
312,101,1244.3465346534654,3956,291,12700131328,4030,,19153,,,4063,,18040,509,,,526967,,28984.0,,,346,111983,,14495,,,6922.0,,3849,739341,0.0609,,0.0806,,,0.00666,,0.183,0.00292,,,0.145,,0.13,,,0.00933,0.0652,,0.0701,,,0.00717,,0.0113,0.0643,,0,,,0,0,,0,,,0,,0,0,,,0,,0,0,,0,,,0,0.0644,0.0638,0.0631,0.0628,0.0623,115.0,94.0,93.0,124.0,155.0,12695429120.0,12699123712.0,12694827008.0,12692750336.0,12691775488.0,105.4,0.06367999999999999,12696452300.8,0.05946,,0.18080000000000002,4.208189999999999,1846506340352,13.513515880427951,23.264878171223632,0.062317306064861556
314,107,1415.5981308411217,4022,293,12728631296,4030,,19283,,,4201,,18162,509,,,530638,,29186.0,,,346,112749,,14592,,,6969.0,,4086,744751,0.0609,,0.08,,,0.00666,,0.183,0.00292,,,0.146,,0.13,,,0.00933,0.0692,,0.0701,,,0.00717,,0.0113,0.0647,,0,,,0,0,,0,,,0,,0,0,,,0,,0,0,,0,,,0,0.0643,0.0644,0.0638,0.0631,0.0628,101.0,115.0,94.0,93.0,124.0,12700131328.0,12695429120.0,12699123712.0,12694827008.0,12692750336.0,102.0,0.06405999999999999,12703628492.8,0.06006,,0.18139999999999998,4.272889999999999,1859234971648,13.520806556036844,23.267119725824813,0.06269306933842342
