Timestamp,Requests je Sekunde,Durchschnittliche Antwortzeitintervalle,cart_i_o_read,cart_i_o_write,cart_memory,network_outgoing_pod_adservice,network_outgoing_pod_cartservice,network_outgoing_pod_checkoutservice,network_outgoing_pod_currencyservice,network_outgoing_pod_emailservice,network_outgoing_pod_frontend,network_outgoing_pod_loadgenerator,network_outgoing_pod_paymentservice,network_outgoing_pod_productcatalogservice,network_outgoing_pod_recommendationservice,network_outgoing_pod_redis,network_outgoing_pod_shippingservice,network_outgoing_system,cpu_pod_adservice,cpu_pod_cartservice,cpu_pod_checkoutservice,cpu_pod_currencyservice,cpu_pod_emailservice,cpu_pod_frontend,cpu_pod_loadgenerator,cpu_pod_paymentservice,cpu_pod_productcatalogservice,cpu_pod_recommendationservice,cpu_pod_redis,cpu_pod_shippingservice,cpu_system,"cart_pod_restart_{container=""main"", instance=""kube","cart_pod_restart_{container=""main"", instance=""kube.2","cart_pod_restart_{container=""redis"", instance=""kube","cart_pod_restart_{container=""server"", instance=""kube","cart_pod_restart_{container=""server"", instance=""kube.2","cart_pod_restart_{container=""server"", instance=""kube.3","cart_pod_restart_{container=""server"", instance=""kube.4","cart_pod_restart_{container=""server"", instance=""kube.5","cart_pod_restart_{container=""server"", instance=""kube.6","cart_pod_restart_{container=""server"", instance=""kube.7","cart_pod_restart_{container=""server"", instance=""kube.8","cart_pod_restart_{container=""server"", instance=""kube.9"
24,5,51.8,7545,0,13071523840,111,113,20.7,38.7,244,29.0,489.0,36.0,113,242,17.1,45.5,2608,0.0205,0.0115,4.22e-05,0.000199,0.00397,5.85e-05,0.00581,0.000166,0.000316,0.0039,0.000419,7.86e-05,0.00572,0.0,0.0,0.0,0,0,0.0,0.0,0,0.0,0,0,0.0
26,3,119.0,7569,0,13068718080,112,114,19.9,42.4,246,28.3,489.0,35.0,114,244,16.6,44.2,2844,0.0206,0.0115,4.08e-05,0.000195,0.00401,5.7e-05,0.00581,0.000162,0.000318,0.00393,0.00041,7.61e-05,0.00574,0.0,0.0,0.0,0,0,0.0,0.0,0,0.0,0,0,0.0
28,9,70.66666666666667,7594,0,13070958592,113,115,19.2,41.3,249,27.5,489.0,34.0,115,246,16.1,42.9,3018,0.0208,0.0116,3.95e-05,0.000191,0.00384,4.47e-05,0.00581,0.000158,0.000321,0.00396,0.000395,7.36e-05,0.0058,0.0,0.0,0.0,0,0,0.0,0.0,0,0.0,0,0,0.0
30,2,64.5,7618,0,13072769024,124,146,18.4,40.2,251,27.3,489.0,34.5,116,248,15.6,41.6,3077,0.021,0.0117,3.81e-05,0.000187,0.00387,5.06e-05,0.00581,0.000153,0.000324,0.004,0.000379,7.11e-05,0.00587,0.0,0.0,0.0,0,0,0.0,0.0,0,0.0,0,0,0.0
32,6,345.6666666666667,7626,0,13083889664,125,147,17.7,39.2,253,26.6,489.0,33.5,117,250,15.1,44.9,3159,0.0208,0.0118,3.67e-05,0.000185,0.0039,4.92e-05,0.00581,0.000149,0.000596,0.00386,0.000364,6.24e-05,0.00578,0.0,0.0,0.0,0,0,0.0,0.0,0,0.0,0,0,0.0
34,14,235.42857142857144,7651,0,13091373056,126,149,16.9,38.1,245,25.8,489.0,32.5,118,252,14.6,43.5,3165,0.0209,0.0119,3.6e-05,0.00018,0.00394,4.78e-05,0.00581,0.000144,0.000601,0.00386,0.000349,7.36e-05,0.00583,0.0,0.0,0.0,0,0,0.0,0.0,0,0.0,0,0,0.0
36,8,107.625,7675,0,13091799040,127,150,16.1,37.0,245,25.1,489.0,31.5,119,329,14.2,42.0,3272,0.0211,0.0145,3.46e-05,0.000176,0.00397,4.65e-05,0.00581,0.000145,0.000605,0.00416,0.000334,7.07e-05,0.0061,0.0,0.0,0.0,0,0,0.0,0.0,0,0.0,0,0,0.0
38,19,144.94736842105263,7540,0,13089673216,128,151,15.4,36.0,255,24.3,489.0,30.4,115,331,13.7,40.6,3291,0.0212,0.0146,3.32e-05,0.000172,0.00388,4.51e-05,0.00581,0.000141,0.00061,0.00419,0.000319,6.79e-05,0.00615,0.0,0.0,0.0,0,0,0.0,0.0,0,0.0,0,0,0.0
40,14,93.0,7563,0,13092663296,129,152,10.0,34.9,257,23.5,489.0,29.4,846,334,14.0,39.1,4030,0.0214,0.0147,3.18e-05,0.000168,0.00391,4.37e-05,0.00581,0.000136,0.000615,0.00423,0.000304,6.51e-05,0.0062,0.0,0.0,0.0,0,0,0.0,0.0,0,0.0,0,0,0.0
42,14,94.0,9505,0,13085618176,152,153,9.51,37.3,259,25.3,489.0,24.7,853,337,13.5,37.7,7612,0.0216,0.0148,3.04e-05,0.000163,0.00395,4.24e-05,0.00581,0.000132,0.0012,0.00426,0.000289,6.23e-05,0.00631,0.0,0.0,0.0,0,0,0.0,0.0,0,0.0,0,0,0.0
44,12,154.33333333333334,9524,0,13088944128,153,154,8.99,36.1,261,24.4,489.0,23.9,859,339,13.0,36.2,7649,0.0223,0.0149,2.37e-05,0.00015,0.00398,4.1e-05,0.00581,0.000127,0.00121,0.00429,0.000212,5.95e-05,0.00682,0.0,0.0,0.0,0,0,0.0,0.0,0,0.0,0,0,0.0
46,21,206.6190476190476,11481,0,13087113216,154,156,8.46,34.9,263,23.6,489.0,23.0,866,342,12.5,26.6,7674,0.0225,0.0151,2.26e-05,0.000146,0.00401,3.96e-05,0.00581,0.000135,0.00122,0.00433,0.000263,5.67e-05,0.00688,0.0,0.0,0.0,0,0,0.0,0.0,0,0.0,0,0,0.0
48,10,64.4,11534,0,13097287680,155,376,7.94,33.8,265,22.7,489.0,22.1,873,486,12.0,31.4,8866,0.0226,0.0171,2.14e-05,0.000142,0.00404,3.69e-05,0.00581,0.00013,0.00123,0.00436,0.000247,5.39e-05,0.00723,0.0,0.0,0.0,0,0,0.0,0.0,0,0.0,0,0,0.0
50,18,125.33333333333331,11587,0,13033762816,157,379,7.42,32.6,267,21.9,489.0,21.2,879,489,6.8,30.0,9007,0.0228,0.0172,2.03e-05,0.000138,0.00407,3.55e-05,0.00581,0.000125,0.00123,0.00425,0.000232,3.68e-05,0.00728,0.0,0.0,0.0,0,0,0.0,0.0,0,0.0,0,0,0.0
52,17,161.7058823529412,11557,0,13033902080,158,382,6.9,31.4,269,21.1,489.0,20.4,886,493,6.51,28.7,9077,0.023,0.0173,1.92e-05,0.000134,0.00399,3.42e-05,0.00581,0.00012,0.00124,0.00425,0.000216,4.63e-05,0.00732,0.0,0.0,0.0,0,0,0.0,0.0,0,0.0,0,0,0.0
54,23,203.56521739130432,11530,0,13010030592,159,384,6.37,29.4,261,20.2,489.0,27.5,893,497,6.21,27.3,9161,0.0232,0.0175,1.8e-05,0.00013,0.00401,3.29e-05,0.00581,0.000115,0.00125,0.00425,0.0002,4.35e-05,0.0074,0.0,0.0,0.0,0,0,0.0,0.0,0,0.0,0,0,0.0
56,25,212.72,11470,0,13012004864,206,387,,28.3,282,19.4,489.0,26.3,899,500,5.91,25.9,9293,0.0233,0.0176,1.66e-05,0.000126,0.00404,3.15e-05,0.00581,0.00011,0.00126,0.00547,0.000184,4.08e-05,0.00756,0.0,0.0,0.0,0,0,0.0,0.0,0,0.0,0,0,0.0
58,17,128.64705882352942,11521,0,12983078912,207,390,,27.2,284,19.9,489.0,25.0,871,504,5.62,24.5,16525,0.0235,0.0177,1.55e-05,0.00011,0.00407,3.02e-05,0.00581,0.00011,0.00278,0.00551,0.000168,3.8e-05,0.00773,0.0,0.0,0.0,0,0,0.0,0.0,0,0.0,0,0,0.0
60,22,238.6818181818182,11560,0,12988846080,209,393,,26.0,286,19.0,489.0,23.8,3192,708,5.32,23.2,19246,0.0229,0.0178,1.44e-05,0.000122,0.0041,2.89e-05,0.00581,0.000105,0.0028,0.00555,,3.53e-05,0.00792,0.0,0.0,0.0,0,0,0.0,0.0,0,0.0,0,0,0.0
62,17,96.11764705882354,11601,0,12989300736,210,396,,24.9,288,18.0,489.0,22.6,3215,713,5.02,18.6,19399,0.025,0.0191,1.33e-05,0.000118,0.00413,2.76e-05,0.00581,9.95e-05,0.00282,0.00559,,3.26e-05,0.00906,0.0,0.0,0.0,0,0,0.0,0.0,0,0.0,0,0,0.0
64,24,158.0,11506,0,12989693952,212,385,,23.7,291,17.1,489.0,21.4,3238,718,4.73,18.6,19968,0.0252,0.0193,1.22e-05,0.000114,0.00409,2.62e-05,0.00581,9.43e-05,0.00284,0.00563,,2.98e-05,0.00913,0.0,0.0,0.0,0,0,0.0,0.0,0,0.0,0,0,0.0
66,19,175.0,11442,0,12993241088,213,798,,22.6,293,16.2,489.0,20.1,3261,723,4.43,18.6,20528,0.0253,0.0194,,0.00011,0.00412,3.1e-05,0.00581,8.9e-05,0.00286,0.00568,,,0.00924,0.0,0.0,0.0,0,0,0.0,0.0,0,0.0,0,0,0.0
68,31,718.5483870967741,11404,0,13001252864,215,803,,21.4,295,15.3,489.0,18.9,3285,728,,22.4,21242,0.0255,0.0195,,0.000105,0.00415,2.94e-05,0.00581,8.38e-05,0.00288,0.00572,,,0.00931,0.0,0.0,0.0,0,0,0.0,0.0,0,0.0,0,0,0.0
70,23,191.6086956521739,11452,0,13021163520,216,809,,9.68,297,14.4,489.0,17.7,3308,734,,20.6,21524,0.0257,0.0197,,0.000101,0.00418,2.79e-05,0.00581,8.43e-05,0.0029,0.00576,,,0.00939,0.0,0.0,0.0,0,0,0.0,0.0,0,0.0,0,0,0.0
72,34,400.4117647058824,11500,0,13019308032,295,815,,9.68,289,13.5,489.0,,4977,739,,18.7,23387,0.0259,0.0198,,9.71e-05,0.00421,2.63e-05,0.00581,7.88e-05,0.00292,0.00558,,,0.00944,0.0,0.0,0.0,0,0,0.0,0.0,0,0.0,0,0,0.0
74,28,175.96428571428572,11549,0,13022351360,297,820,,12.5,311,12.5,489.0,,5011,744,,16.9,23576,0.0261,0.02,,9.57e-05,0.00424,2.47e-05,0.00581,7.32e-05,0.00285,0.00742,,,0.00988,0.0,0.0,0.0,0,0,0.0,0.0,0,0.0,0,0,0.0
76,25,182.88,11597,0,13018779648,299,826,,11.6,313,11.6,489.0,,5046,1002,,15.0,23546,0.0262,0.0201,,9.14e-05,0.00427,2.31e-05,0.00581,6.77e-05,0.00471,0.00747,,,0.0101,0.0,0.0,0.0,0,0,0.0,0.0,0,0.0,0,0,0.0
78,34,232.64705882352945,11691,0,13013762048,301,831,,10.8,315,,489.0,,5081,1009,,,35642,0.0277,0.0219,,8.72e-05,0.00421,,0.00581,6.21e-05,0.00475,0.00752,,,0.0103,0.0,0.0,0.0,0,0,0.0,,0,0.0,0,0,0.0
80,35,279.9142857142857,11687,0,13011140608,303,837,,9.97,317,,489.0,,5115,1016,,,36026,0.0279,0.0221,,8.29e-05,0.00424,,0.00581,5.66e-05,0.00478,0.00758,,,0.0112,0.0,0.0,0.0,0,0,0.0,,0,0.0,0,0,0.0
82,38,283.10526315789474,11549,0,13017788416,298,845,,9.13,320,,489.0,,5150,1023,,,37238,0.0136,0.0222,,7.86e-05,0.00427,,0.00581,,0.00479,0.00763,,,0.0101,0.0,0.0,,0,0,0.0,,0,0.0,0,0,0.0
84,39,258.28205128205127,11441,0,13006995456,298,1306,,8.3,322,,489.0,,5185,1030,,,37992,0.014,0.0224,,3.81e-05,0.0043,,0.00581,,0.00479,0.00768,,,0.0102,0.0,0.0,,0,0,0.0,,0,0.0,0,0,0.0
86,46,357.3478260869565,11440,0,12907081728,298,1315,,7.47,324,,489.0,,5237,1303,,,38530,0.014,0.0214,,3.81e-05,0.00431,,0.00581,,0.00631,0.00773,,,0.0103,0.0,0.0,,0,0,0.0,,0,0.0,0,0,0.0
88,37,181.8108108108108,11453,0,12896976896,394,1324,,,333,,489.0,,5274,1312,,,39108,0.014,0.0214,,3.81e-05,0.00431,,0.00581,,0.00635,0.00778,,,0.0107,0.0,0.0,,0,0,0.0,,0,0.0,0,0,0.0
90,39,422.6923076923077,11440,0,12859527168,394,1333,,,335,,489.0,,8598,1321,,,42697,0.0155,0.0234,,4.82e-05,0.00168,,0.00581,,0.00639,0.00955,,,0.011,0.0,0.0,,0,0,0.0,,0,0.0,0,0,0.0
92,39,205.46153846153845,11440,0,12861276160,394,1342,,,338,,489.0,,8658,1330,,,43018,0.0155,0.0234,,4.47e-05,0.00168,,0.00581,,0.00642,0.00741,,,0.0109,0.0,0.0,,0,0,0.0,,0,0.0,0,0,0.0
94,39,243.0,9308,0,12859056128,414,1351,,,340,,489.0,,8718,1339,,,43373,0.0155,0.0234,,4.11e-05,0.00168,,0.00581,,0.00642,0.00741,,,0.0109,0.0,0.0,,0,0,0.0,,0,0.0,0,0,0.0
96,48,332.375,9233,0,12817432576,417,1363,,,340,,489.0,,8778,1348,,,60526,0.0155,0.0234,,3.76e-05,0.00168,,0.00581,,0.00815,0.00741,,,0.0118,0.0,0.0,,0,0,0.0,,0,0.0,0,0,0.0
98,40,135.75,9222,0,12748541952,504,1372,,,340,,489.0,,8838,1357,,,61036,0.0155,0.0232,,3.4e-05,0.00168,,0.00581,,0.00815,0.00741,,,0.0119,0.0,0.0,,0,0,,,0,0.0,0,0,
100,39,194.94871794871796,8886,0,12760772608,505,1382,,,340,,489.0,,8898,1369,,,62248,0.0129,0.0232,,3.05e-05,0.00168,,0.00581,,0.00815,0.00741,,,0.0122,0.0,0.0,,0,0,,,0,0.0,0,0,
102,46,219.6304347826087,8788,0,12762927104,505,1339,,,339,,489.0,,8958,1332,,,62598,0.0129,0.0232,,,0.00168,,0.00581,,0.0084,0.00741,,,0.0121,0.0,0.0,,0,0,,,0,0.0,0,0,
104,54,182.38888888888889,8788,0,12769726464,505,2161,,,339,,489.0,,12312,1901,,,67797,0.0156,0.0232,,,0.00168,,0.00581,,0.00846,0.00741,,,0.0124,0.0,0.0,,0,0,,,0,0.0,0,0,
106,56,276.0357142857143,8910,0,12768763904,505,2175,,,339,,489.0,,12398,1914,,,68757,0.0156,0.0225,,,0.00174,,0.00581,,0.00851,0.00718,,,0.0123,0.0,0.0,,0,0,,,0,0.0,0,0,
108,46,139.95652173913044,8648,0,12772225024,505,2191,,,339,,489.0,,12484,1927,,,69640,0.0156,0.0271,,,0.00174,,0.00581,,0.00856,0.00743,,,0.0133,0.0,0.0,,0,0,,,0,0.0,0,0,
110,44,181.22727272727272,8603,0,12774821888,500,2206,,,340,,489.0,,12570,1940,,,70295,0.0156,0.0271,,,0.00174,,0.00581,,0.00856,0.0107,,,0.0137,0.0,0.0,,0,0,,,0,0.0,0,0,
112,33,122.45454545454544,8603,0,12740669440,504,2221,,,340,,489.0,,12656,1952,,,88032,0.0156,0.028,,,0.00174,,0.00581,,0.00828,0.0107,,,0.0138,0.0,0.0,,0,0,,,0,,0,0,
114,58,208.0344827586207,8603,0,12746719232,649,2236,,,340,,489.0,,12742,1952,,,88785,0.0156,0.028,,,0.00174,,0.00581,,0.00823,0.0107,,,0.014,0.0,0.0,,0,0,,,0,,0,0,
116,44,408.72727272727275,8603,0,12665372672,654,2776,,,350,,489.0,,12828,2293,,,90277,0.0156,0.028,,,0.00168,,0.00581,,0.0122,0.0107,,,0.0141,0.0,0.0,,0,0,,,0,,0,0,
118,62,235.0,8538,0,12666527744,658,2794,,,350,,489.0,,12956,2309,,,90629,0.0156,0.028,,,0.00169,,0.00581,,0.0122,0.0107,,,0.0152,0.0,0.0,,0,0,,,0,,0,0,
120,61,235.0,8484,0,12673716224,683,2815,,,350,,489.0,,12612,2324,,,92032,0.0205,0.028,,,0.00174,,0.00581,,0.0123,0.0107,,,0.0156,0.0,0.0,,0,0,,,0,,0,0,
122,38,157.1578947368421,8726,0,12670681088,683,2835,,,349,,489.0,,17674,2340,,,98638,0.0205,0.028,,,0.00168,,0.00581,,0.0124,0.0112,,,0.0163,0.0,0.0,,0,0,,,0,,0,0,
124,61,333.9836065573771,8672,0,12552712192,683,2855,,,349,,489.0,,17797,2346,,,99569,0.0205,0.0271,,,0.00179,,0.00581,,0.0124,0.0112,,,0.0165,0.0,0.0,,0,0,,,0,,0,0,
126,68,355.2352941176471,8719,0,12554162176,683,2874,,,349,,489.0,,17920,2664,,,100591,0.0205,0.026,,,0.00179,,0.00581,,0.0124,0.0135,,,0.0167,0.0,0.0,,0,0,,,0,,0,0,
128,61,214.63934426229508,8665,0,12558995456,813,3366,,,349,,489.0,,18043,2708,,,101927,0.0205,0.03,,,0.00179,,0.00581,,0.0127,0.0135,,,0.0171,0.0,0.0,,0,0,,,0,,0,0,
130,53,273.49056603773585,8610,0,12560265216,813,3389,,,359,,489.0,,18166,2726,,,100303,0.0205,0.03,,,0.00179,,0.00581,,0.0124,0.0135,,,0.0171,0.0,0.0,,0,0,,,0,,0,0,
132,52,207.8846153846154,8556,0,12561928192,813,3412,,,359,,492.0,,18289,2744,,,127154,0.0212,0.03,,,0.00179,,0.00581,,0.0162,0.0135,,,0.0178,0.0,0.0,,0,0,,,0,,0,0,
134,65,297.5846153846154,8421,0,12525023232,813,3435,,,366,,492.0,,18412,2749,,,128082,0.0212,0.03,,,0.00182,,0.00581,,0.0163,0.0141,,,0.0183,0.0,0.0,,0,0,,,0,,0,0,
136,61,274.1475409836066,8253,0,12525654016,845,3437,,,366,,492.0,,22918,2749,,,133542,0.0205,0.03,,,0.00182,,0.00578,,0.0164,0.0141,,,0.0193,0.0,0.0,,0,0,,,0,,0,0,
138,61,244.0,3853,0,12524732416,845,3487,,,366,,492.0,,23078,3256,,,134861,0.0204,0.03,,,0.00176,,0.00123,,0.0165,0.0141,,,0.019,0.0,,,0,0,,,0,,0,0,
140,46,505.7826086956522,4012,0,12524277760,968,4181,,,366,,492.0,,23239,3279,,,137808,0.024,0.03,,,0.0019,,0.00121,,0.0166,0.0166,,,0.0197,0.0,,,0,0,,,0,,0,0,
142,67,652.4179104477612,4013,0,12521472000,968,4210,,,368,,492.0,,23399,3301,,,138752,0.024,0.03,,,0.0019,,0.0012,,0.0194,0.0166,,,0.02,0.0,,,0,0,,,0,,0,0,
144,35,805.3142857142857,4013,0,12529733632,968,4239,,,368,,492.0,,23560,3323,,,140139,0.024,0.0297,,,0.0019,,0.00118,,0.0194,0.0166,,,0.02,0.0,,,0,0,,,0,,0,0,
146,90,540.7666666666667,4012,0,12532264960,968,4267,,,368,,495.0,,23720,3323,,,141124,0.0251,0.0295,,,0.0019,,0.00117,,0.0197,0.0166,,,0.0202,0.0,,,0,0,,,0,,0,0,
148,68,283.0,3921,0,12526657536,968,4296,,,368,,495.0,,27406,3323,,,143451,0.0251,0.0338,,,0.0019,,0.00115,,0.0198,0.0172,,,0.0205,0.0,,,0,0,,,0,,0,0,
150,63,430.9365079365079,3922,0,12537688064,968,4310,,,368,,495.0,,27590,3399,,,171715,0.028,0.0338,,,0.00192,,0.00124,,0.0199,0.0172,,,0.0214,0.0,,,0,0,,,0,,0,0,
152,85,429.05882352941177,3860,0,12538376192,1023,4362,,,368,,495.0,,27799,3908,,,173500,0.028,0.0338,,,0.00195,,0.00122,,0.0201,0.0172,,,0.0215,0.0,,,0,0,,,0,,0,0,
154,58,249.36206896551724,3907,0,12542488576,1024,4392,,,368,,495.0,,27995,3935,,,174715,0.028,0.0338,,,0.00195,,0.0012,,0.0202,0.0172,,,0.0227,0.0,,,0,0,,,0,,0,0,
156,62,291.0,3997,0,12556259328,989,4422,,,374,,495.0,,28190,3962,,,175911,0.028,0.0348,,,0.00195,,0.00119,,0.0226,0.0198,,,0.0235,0.0,,,0,0,,,0,,0,0,
158,44,818.5227272727273,3998,0,12560543744,1229,4300,,,374,,495.0,,28386,3989,,,178220,0.028,0.0348,,,0.00195,,0.00117,,0.0229,0.0198,,,0.0237,0.0,,,0,0,,,0,,0,0,
160,114,796.078947368421,3997,0,12562403328,1229,5351,,,374,,494.0,,28582,4016,,,180412,0.028,0.0348,,,0.00195,,0.00116,,0.0231,0.0203,,,0.0238,0.0,,,0,0,,,0,,0,0,
162,59,694.1525423728814,3997,0,12566732800,1229,5387,,,374,,499.0,,28777,4043,,,182935,0.0292,0.0348,,,0.00195,,0.00114,,0.0232,0.021,,,0.024,0.0,,,0,0,,,0,,0,0,
164,71,329.0,3926,0,12570996736,1229,5388,,,379,,499.0,,33904,4054,,,189194,0.0292,0.0337,,,0.00195,,0.00112,,0.0234,0.021,,,0.0242,0.0,,,0,0,,,0,,0,0,
166,43,728.9069767441861,3797,0,12568760320,1229,5468,,,379,,499.0,,34133,4054,,,190592,0.0282,0.0334,,,0.00201,,0.00114,,0.0253,0.021,,,0.0243,0.0,,,0,0,,,0,,0,0,
168,120,608.7166666666667,3878,0,12571529216,1255,5506,,,379,,499.0,,34338,4646,,,217815,0.0351,0.0364,,,0.00201,,0.00123,,0.0253,0.021,,,0.026,0.0,,,0,0,,,0,,0,0,
170,60,396.76666666666665,3877,0,12575227904,1263,5544,,,388,,499.0,,34641,4748,,,220039,0.0351,0.0375,,,0.00201,,0.00121,,0.0257,0.0236,,,0.027,0.0,,,0,0,,,0,,0,0,
172,88,275.77272727272725,3973,0,12570365952,1302,5583,,,388,,499.0,,34886,4780,,,221586,0.0351,0.0375,,,0.00201,,0.00119,,0.0259,0.0236,,,0.027,0.0,,,0,0,,,0,,0,0,
174,79,385.67088607594934,3974,0,12558483456,1466,6334,,,388,,499.0,,35131,4808,,,224862,0.0367,0.0375,,,0.00201,,0.00117,,0.0261,0.0236,,,0.0276,0.0,,,0,0,,,0,,0,0,
176,86,384.36046511627904,3973,0,12560162816,1466,6377,,,388,,499.0,,38909,4808,,,230135,0.0367,0.0375,,,0.00204,,0.00115,,0.0281,0.0236,,,0.0279,0.0,,,0,0,,,0,,0,0,
178,96,417.7291666666667,3973,0,12564426752,1466,6420,,,390,,499.0,,39179,4808,,,231709,0.0367,0.0375,,,0.00204,,0.00113,,0.0283,0.0246,,,0.028,0.0,,,0,0,,,0,,0,0,
180,47,422.2340425531915,4067,0,12563001344,1466,6463,,,390,,499.0,,39448,4919,,,233342,0.0367,0.0395,,,0.00208,,0.00112,,0.0284,0.0246,,,0.0287,0.0,,,0,0,,,0,,0,0,
182,93,768.1182795698925,3848,0,12566876160,1466,6470,,,390,,499.0,,39718,4807,,,258417,0.0367,0.0395,,,0.00208,,0.0011,,0.0286,0.0246,,,0.0292,0.0,,,0,0,,,0,,0,0,
184,87,527.528735632184,3848,0,12570157056,1598,6562,,,390,,499.0,,39987,4807,,,260902,0.0355,0.0414,,,0.00208,,0.00108,,0.0289,0.0246,,,0.0294,0.0,,,0,0,,,0,,0,0,
186,86,623.6976744186046,3904,0,12573360128,1633,6607,,,395,,499.0,,40257,5797,,,265244,0.039,0.0414,,,0.00208,,0.00117,,0.0291,0.0238,,,0.0298,0.0,,,0,0,,,0,,0,0,
188,116,568.7931034482758,3918,0,12569604096,1644,7502,,,395,,499.0,,40638,5829,,,267999,0.0408,0.0414,,,0.00208,,0.00115,,0.0312,0.0281,,,0.0313,0.0,,,0,0,,,0,,0,0,
190,51,377.0,3977,0,12567183360,1683,7553,,,395,,505.0,,40924,5829,,,270359,0.0408,0.0414,,,0.00204,,0.00113,,0.0315,0.0292,,,0.0317,0.0,,,0,0,,,0,,0,0,
192,64,807.828125,3977,0,12572094464,1694,7605,,,395,,505.0,,47039,5829,,,277971,0.0408,0.0414,,,0.00206,,0.00111,,0.0317,0.0292,,,0.0319,0.0,,,0,0,,,0,,0,0,
194,108,908.6111111111112,4064,0,12575346688,1699,7656,,,401,,505.0,,47366,5961,,,280038,0.0408,0.0414,,,0.00214,,0.00109,,0.0318,0.0292,,,0.0319,0.0,,,0,0,,,0,,0,0,
196,91,579.8901098901099,4063,0,12582158336,1699,7684,,,407,,505.0,,47693,6002,,,302086,0.0408,0.04,,,0.00214,,0.00107,,0.0318,0.0292,,,0.0329,0.0,,,0,0,,,0,,0,0,
198,88,786.1818181818181,3883,0,12586102784,1699,7777,,,407,,505.0,,48020,6042,,,304447,0.0408,0.0441,,,0.00214,,0.00105,,0.0324,0.0292,,,0.0333,0.0,,,0,0,,,0,,0,0,
200,92,785.4782608695652,3804,0,12586938368,1644,7832,,,407,,505.0,,48347,6083,,,307015,0.0408,0.0464,,,0.00214,,0.000859,,0.0326,0.0316,,,0.0339,0.0,,,0,0,,,0,,0,0,
202,93,560.2903225806451,3804,0,12580388864,1632,7887,,,407,,505.0,,48674,6809,,,310784,0.0416,0.0464,,,0.00214,,0.00094,,0.0352,0.0316,,,0.0343,0.0,,,0,0,,,0,,0,0,
204,102,642.2254901960785,3804,0,12580413440,1921,8833,,,407,,505.0,,52530,6809,,,316953,0.0433,0.0464,,,0.00214,,0.000921,,0.0354,0.033,,,0.0344,0.0,,,0,0,,,0,,0,0,
206,65,566.8615384615384,3941,0,12581134336,1995,8894,,,407,,505.0,,52922,6809,,,321249,0.0433,0.0464,,,0.00214,,0.000902,,0.0355,0.033,,,0.0359,0.0,,,0,0,,,0,,0,0,
208,68,1111.235294117647,3941,0,12581597184,1995,8955,,,411,,451.0,,53297,6959,,,323544,0.0433,0.0464,,,0.00221,,0.000883,,0.036,0.033,,,0.0364,0.0,,,0,0,,,0,,0,0,
210,128,1034.75,3941,0,12584529920,1995,9017,,,419,,442.0,,53672,7008,,,350166,0.0433,0.0464,,,0.00221,,0.000864,,0.0362,0.033,,,0.0365,0.0,,,0,0,,,0,,0,0,
212,103,690.747572815534,3941,0,12585148416,1995,9078,,,419,,433.0,,54047,7056,,,353062,0.0433,0.0464,,,0.00221,,0.000845,,0.0365,0.033,,,0.0366,0.0,,,0,0,,,0,,0,0,
214,78,395.47435897435895,3856,0,12591325184,1995,9139,,,419,,423.0,,54421,7104,,,355814,0.0433,0.0486,,,0.00221,,0.000826,,0.0367,0.033,,,0.037,0.0,,,0,0,,,0,,0,0,
216,82,458.0,3853,0,12598693888,1995,9164,,,419,,414.0,,54796,7738,,,359016,0.0455,0.0498,,,0.00221,,0.000807,,0.0394,0.0332,,,0.0381,0.0,,,0,0,,,0,,0,0,
218,105,702.8571428571429,3963,0,12605587456,2234,9286,,,419,,404.0,,55171,7791,,,361716,0.0455,0.0516,,,0.00221,,0.000788,,0.0397,0.038,,,0.0391,0.0,,,0,0,,,0,,0,0,
220,85,831.964705882353,3963,0,12603097088,2234,10162,,,419,,395.0,,60797,7843,,,371806,0.0455,0.0516,,,0.00225,,0.000766,,0.0399,0.038,,,0.0393,0.0,,,0,0,,,0,,0,0,
222,115,747.7130434782608,3963,0,12601851904,2234,10232,,,419,,386.0,,61207,7862,,,374309,0.0455,0.0516,,,0.00225,,0.000747,,0.0399,0.038,,,0.039,0.0,,,0,0,,,0,,0,0,
224,104,579.7307692307693,3963,0,12609114112,2234,10303,,,405,,369.0,,61667,7862,,,398068,0.0455,0.0529,,,0.00218,,0.000728,,0.0405,0.038,,,0.0398,0.0,,,0,0,,,0,,0,0,
226,89,601.3820224719101,3963,0,12616998912,2234,10373,,,432,,360.0,,62096,8282,,,401371,0.0455,0.0529,,,0.0023,,0.000709,,0.0408,0.038,,,0.0399,0.0,,,0,0,,,0,,0,0,
228,82,547.5,3868,0,12617904128,2293,10443,,,432,,351.0,,62524,8479,,,404319,0.0455,0.0529,,,0.0023,,0.00069,,0.0411,0.0401,,,0.0413,0.0,,,0,0,,,0,,0,0,
230,84,615.7380952380952,3868,0,12622544896,2486,10513,,,432,,342.0,,62953,8537,,,408184,0.0439,0.0529,,,0.0023,,0.000671,,0.0413,0.0401,,,0.0414,0.0,,,0,0,,,0,,0,0,
232,118,777.8813559322034,3809,0,12625616896,2503,10537,,,432,,333.0,,63381,8595,,,410780,0.0486,0.0529,,,0.00232,,0.000652,,0.0402,0.0401,,,0.0419,0.0,,,0,0,,,0,,0,0,
234,86,831.3139534883721,3964,0,12628283392,2520,11484,,,432,,323.0,,68545,8654,,,420537,0.0486,0.0529,,,0.00232,,0.000633,,0.0445,0.0401,,,0.0429,0.0,,,0,0,,,0,,0,0,
236,131,907.6870229007634,3964,0,12629266432,2524,11564,,,432,,290.0,,69006,8712,,,443590,0.0486,0.0552,,,0.00232,,0.000631,,0.0448,0.0386,,,0.0431,0.0,,,0,0,,,0,,0,0,
238,92,568.6086956521739,3964,0,12629778432,2524,11644,,,443,,281.0,,69536,8760,,,446939,0.0486,0.0552,,,0.00232,,0.000612,,0.0451,0.0441,,,0.0437,0.0,,,0,0,,,0,,0,0,
240,97,695.5257731958762,3875,0,12629229568,2524,11725,,,443,,273.0,,70026,8760,,,450585,0.0486,0.0535,,,0.00232,,0.000592,,0.0455,0.0441,,,0.0441,0.0,,,0,0,,,0,,0,0,
242,88,792.9545454545455,3875,0,12636147712,2524,11805,,,443,,264.0,,70517,8495,,,453435,0.0486,0.0531,,,0.00238,,0.000573,,0.0458,0.0441,,,0.0442,0.0,,,0,0,,,0,,0,0,
244,116,1064.2241379310344,3875,0,12645511168,2684,11885,,,443,,256.0,,71007,9641,,,457765,0.0486,0.0596,,,0.00236,,0.000553,,0.0462,0.0469,,,0.0452,0.0,,,0,0,,,0,,0,0,
246,113,809.4690265486726,3875,0,12649394176,2783,12571,,,443,,247.0,,71497,9707,,,461554,0.0506,0.0596,,,0.00237,,0.000319,,0.0465,0.0469,,,0.0467,0.0,,,0,0,,,0,,0,0,
248,100,657.84,3950,0,12650553344,2802,12655,,,443,,239.0,,71988,9772,,,464841,0.049,0.0611,,,0.00245,,0.000374,,0.0489,0.049,,,0.0473,0.0,,,0,0,,,0,,0,0,
250,83,932.1204819277108,3949,0,12649734144,2817,12757,,,443,,187.0,,70192,9838,,,465815,0.0506,0.0611,,,0.00245,,0.000359,,0.0492,0.049,,,0.0477,0.0,,,0,0,,,0,,0,0,
252,123,866.0487804878048,3949,0,12651548672,2817,12847,,,459,,180.0,,78479,9864,,,477068,0.0506,0.0611,,,0.00245,,0.000345,,0.0496,0.049,,,0.0479,0.0,,,0,0,,,0,,0,0,
254,97,824.3917525773196,3949,0,12657270784,2817,12937,,,459,,174.0,,79006,9864,,,510391,0.0506,0.0611,,,0.00245,,0.000331,,0.0499,0.049,,,0.0481,0.0,,,0,0,,,0,,0,0,
256,82,970.4756097560976,3885,0,12655181824,2817,13027,,,459,,167.0,,79621,9864,,,513975,0.0506,0.0611,,,0.00245,,0.000317,,0.0503,0.049,,,0.0485,0.0,,,0,0,,,0,,0,0,
258,125,1348.024,3965,0,12655239168,2817,13117,,,459,,160.0,,80181,10694,,,518231,0.0525,0.0611,,,0.00249,,0.000303,,0.0506,0.0511,,,0.0494,0.0,,,0,0,,,0,,0,0,
260,129,1068.9767441860463,3839,0,12670283776,3098,13208,,,459,,153.0,,80742,10768,,,522013,0.0525,0.0653,,,0.00249,,0.000288,,0.0508,0.0511,,,0.0507,0.0,,,0,0,,,0,,0,0,
262,100,865.24,3839,0,12734156800,3107,12832,,,464,,146.0,,81303,10842,,,525148,0.0524,0.0653,,,0.00249,,0.000274,,0.0514,0.0534,,,0.0511,0.0,,,0,0,,,0,,0,0,
264,81,942.493827160494,3839,0,12730925056,3107,14413,,,464,,140.0,,81863,10916,,,531354,0.0524,0.0653,,,0.00245,,0.00018,,0.0501,0.0534,,,0.0513,0.0,,,0,0,,,0,,0,0,
266,99,1112.6161616161617,3949,0,12740960256,3107,14510,,,464,,74.7,,82424,10990,,,535060,0.0524,0.0653,,,0.00253,,0.00017,,0.0542,0.0534,,,0.0519,0.0,,,0,0,,,0,,0,0,
268,123,1272.1869918699188,3949,0,12750942208,3107,14570,,,464,,71.0,,80204,11064,,,557796,0.0524,0.0653,,,0.00253,,0.00016,,0.0545,0.0534,,,0.0521,0.0,,,0,0,,,0,,0,0,
270,127,1211.03937007874,3949,0,12767551488,3208,14717,,,457,,67.2,,88601,11500,,,570248,0.0538,0.0669,,,0.00253,,0.00015,,0.0549,0.0534,,,0.0529,0.0,,,0,0,,,0,,0,0,
272,78,1010.5641025641024,3967,0,12774838272,3343,14818,,,460,,63.4,,89195,11500,,,575402,0.0542,0.0711,,,0.00256,,0.000141,,0.0553,0.0534,,,0.0534,0.0,,,0,0,,,0,,0,0,
274,134,1268.6044776119404,3871,0,12776181760,3365,14919,,,474,,59.7,,89859,11701,,,579559,0.056,0.0711,,,0.00256,,0.000131,,0.0557,0.0534,,,0.0543,0.0,,,0,0,,,0,,0,0,
276,109,1143.2385321100917,3871,0,12774354944,3382,15020,,,474,,55.9,,90477,11780,,,583943,0.056,0.0711,,,0.00256,,0.000121,,0.0559,0.06,,,0.0554,0.0,,,0,0,,,0,,0,0,
278,102,870.1764705882352,3871,0,12775239680,3382,15121,,,459,,52.2,,91095,11860,,,588867,0.056,0.0711,,,0.00256,,0.000111,,0.0565,0.06,,,0.0557,0.0,,,0,0,,,0,,0,0,
280,90,1000.9555555555556,3871,0,12775612416,3382,15147,,,487,,,,94735,11915,,,595871,0.056,0.0711,,,0.00256,,,,0.0569,0.06,,,0.0559,0.0,,,0,0,,,0,,0,0,
282,87,1215.0689655172414,3985,0,12772900864,3382,16225,,,487,,,,95373,11915,,,621639,0.056,0.0711,,,0.0026,,,,0.0588,0.06,,,0.0566,0.0,,,0,0,,,0,,0,0,
284,83,1255.0240963855422,3910,0,12768710656,3382,16339,,,487,,,,96082,11915,,,626746,0.056,0.0731,,,0.0026,,,,0.0592,0.06,,,0.0569,0.0,,,0,0,,,0,,0,0,
286,146,1593.849315068493,4003,0,12776005632,3494,16453,,,487,,,,96747,11779,,,631533,0.056,0.0731,,,0.0026,,,,0.0596,0.0619,,,0.0573,0.0,,,0,0,,,0,,0,0,
288,141,1161.212765957447,4003,0,12769267712,3425,16567,,,483,,,,97413,12903,,,637182,0.0563,0.0731,,,0.00252,,,,0.06,0.0619,,,0.0572,0.0,,,0,0,,,0,,0,0,
290,80,1114.05,3933,0,12773953536,3700,16681,,,500,,,,98078,12991,,,641717,0.0576,0.0774,,,0.0025,,,,0.0604,0.0619,,,0.059,0.0,,,0,0,,,0,,0,0,
292,116,1139.3275862068965,3872,0,12775997440,3725,16794,,,500,,,,98744,13080,,,646173,0.058,0.0774,,,0.00265,,,,0.0609,0.0619,,,0.0594,0.0,,,0,0,,,0,,0,0,
294,87,1201.9195402298851,3872,0,12697198592,3750,16908,,,500,,,,103032,13168,,,669747,0.0599,0.0774,,,0.00267,,,,0.0613,0.0641,,,0.06,0.0,,,0,0,,,0,,0,0,
296,111,1347.261261261261,3872,0,12697862144,3763,17022,,,482,,,,103749,13257,,,674562,0.0599,0.0789,,,0.00276,,,,0.0637,0.0641,,,0.0605,0.0,,,0,0,,,0,,0,0,
298,69,1497.8260869565215,3872,0,12690169856,3763,17720,,,500,,,,104466,13265,,,679710,0.0599,0.0789,,,0.00276,,,,0.0641,0.0641,,,0.0604,,,,0,0,,,0,,0,0,
300,80,1865.5,3914,142,12689408000,3763,17916,,,500,,,,105182,13265,,,684532,0.0599,0.0789,,,0.00276,,,,0.0646,0.0661,,,0.0615,,,,0,0,,,0,,0,0,
302,155,1810.7870967741935,3980,286,12691775488,3763,18043,,,500,,,,105899,13565,,,688595,0.0599,0.0789,,,0.00276,,,,0.065,0.0661,,,0.0623,,,,0,0,,,0,,0,0,
304,124,1347.548387096774,3896,288,12692750336,3968,18169,,,500,,,,106616,13199,,,694583,0.0579,0.0789,,,0.00283,,,,0.0652,0.0687,,,0.0628,,,,0,0,,,0,,0,0,
306,93,1048.774193548387,3896,291,12694827008,3995,18295,,,505,,,,107332,14203,,,700084,0.0588,0.0832,,,0.00283,,,,0.066,0.0687,,,0.0631,,,,0,0,,,0,,0,0,
308,94,1155.595744680851,3896,294,12699123712,4022,18422,,,505,,,,110453,14300,,,710013,0.0588,0.0832,,,0.00283,,,,0.0664,0.0687,,,0.0638,,,,0,0,,,0,,0,0,
310,115,1259.7826086956522,3896,297,12695429120,4030,18548,,,505,,,,111218,14398,,,697292,0.0609,0.0832,,,0.00283,,,,0.0669,0.0687,,,0.0644,,,,0,0,,,0,,0,0,
312,101,1244.3465346534654,3956,291,12700131328,4030,19153,,,509,,,,111983,14495,,,739341,0.0609,0.0806,,,0.00292,,,,0.0652,0.0701,,,0.0643,,,,0,0,,,0,,0,0,
314,107,1415.5981308411217,4022,293,12728631296,4030,19283,,,509,,,,112749,14592,,,744751,0.0609,0.08,,,0.00292,,,,0.0692,0.0701,,,0.0647,,,,0,0,,,0,,0,0,
