i_o_read,i_o_write,memory,network_outgoing_pod-pod-1,network_outgoing_pod-pod-2,network_outgoing_pod-pod-3,network_outgoing_pod-pod-4,network_outgoing_pod-pod-5,network_outgoing_pod-pod-6,network_outgoing_pod-pod-7,network_outgoing_pod-pod-8,network_outgoing_pod-pod-9,network_outgoing_pod-pod-10,network_outgoing_pod-pod-11,network_outgoing_pod-pod-12,network_outgoing_pod-pod-13,network_outgoing_pod-pod-14,network_outgoing_pod-pod-15,network_outgoing_pod-pod-16,network_outgoing_pod-pod-17,network_outgoing_pod-pod-18,network_outgoing_pod-pod-19,network_outgoing_pod-pod-20,network_outgoing_pod-pod-21,network_outgoing_pod-pod-22,network_outgoing_pod-pod-23,network_outgoing_pod-pod-24,network_outgoing_pod-pod-25,network_outgoing_system,cpu_pod-pod-1,cpu_pod-pod-2,cpu_pod-pod-3,cpu_pod-pod-4,cpu_pod-pod-5,cpu_pod-pod-6,cpu_pod-pod-7,cpu_pod-pod-8,cpu_pod-pod-9,cpu_pod-pod-10,cpu_pod-pod-11,cpu_pod-pod-12,cpu_pod-pod-13,cpu_pod-pod-14,cpu_pod-pod-15,cpu_pod-pod-16,cpu_pod-pod-17,cpu_pod-pod-18,cpu_pod-pod-19,cpu_pod-pod-20,cpu_pod-pod-21,cpu_pod-pod-22,cpu_pod-pod-23,cpu_pod-pod-24,cpu_pod-pod-25,cpu_system,pod-restart-count-pod-1,pod-restart-count-pod-2,pod-restart-count-pod-3,pod-restart-count-pod-4,pod-restart-count-pod-5,pod-restart-count-pod-6,pod-restart-count-pod-7,pod-restart-count-pod-8,pod-restart-count-pod-9,pod-restart-count-pod-10,pod-restart-count-pod-11,pod-restart-count-pod-12,pod-restart-count-pod-13,pod-restart-count-pod-14,pod-restart-count-pod-15,pod-restart-count-pod-16,pod-restart-count-pod-17,pod-restart-count-pod-18,pod-restart-count-pod-19,pod-restart-count-pod-20,pod-restart-count-pod-21,pod-restart-count-pod-22,pod-restart-count-pod-23,pod-restart-count-pod-24,pod-restart-count-pod-25
7545,0,13071523840,111,41.7,113,38.8,20.7,121,38.7,122,244,88.0,29.0,233,489.0,4.38,9.16,36.0,117,113,23.1,242,89.0,17.1,72.3,45.5,150,2608,0.0205,0.00131,0.0115,0.00214,4.22e-05,0.000352,0.000199,0.00452,0.00397,0.000363,5.85e-05,0.0005,0.00581,0.00649,0.000495,0.000166,0.00277,0.000316,4.65e-05,0.0039,0.000398,0.000419,0.00202,7.86e-05,0.000387,0.00572,0.0,0,0.0,0.0,0,0,0.0,0,0.0,0.0,0,0.0,0,0,0.0,0.0,0,0.0,0,0,0.0,0,0.0,0.0,0
7569,0,13068718080,112,40.9,114,37.7,19.9,122,42.4,123,246,85.8,28.3,457,489.0,4.38,9.16,35.0,118,114,22.4,244,86.6,16.6,72.9,44.2,159,2844,0.0206,0.00129,0.0115,0.00153,4.08e-05,0.000343,0.000195,0.00456,0.00401,0.000352,5.7e-05,0.000504,0.00581,0.00704,0.000486,0.000162,0.00279,0.000318,4.51e-05,0.00393,0.000318,0.00041,0.00204,7.61e-05,0.000391,0.00574,0.0,0,0.0,0.0,0,0,0.0,0,0.0,0.0,0,0.0,0,0,0.0,0.0,0,0.0,0,0,0.0,0,0.0,0.0,0
7594,0,13070958592,113,39.0,115,36.7,19.2,123,41.3,124,249,83.7,27.5,461,489.0,176.0,9.16,34.0,119,115,21.7,246,84.5,16.1,73.5,42.9,160,3018,0.0208,0.00126,0.0116,0.00175,3.95e-05,0.000347,0.000191,0.0046,0.00384,0.000341,4.47e-05,0.000508,0.00581,0.0076,0.00025,0.000158,0.00281,0.000321,4.72e-05,0.00396,0.000318,0.000395,0.00206,7.36e-05,0.000394,0.0058,0.0,0,0.0,0.0,0,0,0.0,0,0.0,0.0,0,0.0,0,0,0.0,0.0,0,0.0,0,0,0.0,0,0.0,0.0,0
7618,0,13072769024,124,42.2,146,35.7,18.4,121,40.2,125,251,81.5,27.3,465,489.0,187.0,9.79,34.5,120,116,20.9,248,82.4,15.6,74.1,41.6,161,3077,0.021,0.00124,0.0117,0.0017,3.81e-05,0.000349,0.000187,0.00464,0.00387,0.000265,5.06e-05,0.000512,0.00581,0.00815,0.000245,0.000153,0.00283,0.000324,4.56e-05,0.004,0.000363,0.000379,0.00208,7.11e-05,0.000397,0.00587,0.0,0,0.0,0.0,0,0,0.0,0,0.0,0.0,0,0.0,0,0,0.0,0.0,0,0.0,0,0,0.0,0,0.0,0.0,0
7626,0,13083889664,125,41.3,147,34.6,17.7,122,39.2,188,253,79.3,26.6,468,489.0,199.0,9.61,33.5,121,117,20.2,250,80.4,15.1,74.7,44.9,163,3159,0.0208,0.00121,0.0118,0.00165,3.67e-05,0.000352,0.000185,0.00577,0.0039,0.0003,4.92e-05,0.00124,0.00581,0.00527,0.00024,0.000149,0.00286,0.000596,4.41e-05,0.00386,0.000351,0.000364,0.00201,6.24e-05,0.0004,0.00578,0.0,0,0.0,0.0,0,0,0.0,0,0.0,0.0,0,0.0,0,0,0.0,0.0,0,0.0,0,0,0.0,0,0.0,0.0,0
7651,0,13091373056,126,40.4,149,33.6,16.9,123,38.1,190,245,77.1,25.8,472,489.0,211.0,9.43,32.5,121,118,20.2,252,78.3,14.6,75.3,43.5,164,3165,0.0209,0.00119,0.0119,0.0016,3.6e-05,0.000355,0.00018,0.00582,0.00394,0.00029,4.78e-05,0.00125,0.00581,0.0056,0.000235,0.000144,0.00288,0.000601,4.26e-05,0.00386,0.000339,0.000349,0.00212,7.36e-05,0.000403,0.00583,0.0,0,0.0,0.0,0,0,0.0,0,0.0,0.0,0,0.0,0,0,0.0,0.0,0,0.0,0,0,0.0,0,0.0,0.0,0
7675,0,13091799040,127,39.5,150,36.4,16.1,124,37.0,191,245,75.0,25.1,476,489.0,222.0,9.25,31.5,124,119,19.4,329,76.2,14.2,89.3,42.0,165,3272,0.0211,0.00116,0.0145,0.00155,3.46e-05,0.000358,0.000176,0.00587,0.00397,0.00028,4.65e-05,0.00126,0.00581,0.00593,0.00023,0.000145,0.00276,0.000605,4.11e-05,0.00416,0.000327,0.000334,0.00214,7.07e-05,0.000407,0.0061,0.0,0,0.0,0.0,0,0,0.0,0,0.0,0.0,0,0.0,0,0,0.0,0.0,0,0.0,0,0,0.0,0,0.0,0.0,0
7540,0,13089673216,128,38.6,151,35.3,15.4,124,36.0,193,255,72.8,24.3,480,489.0,234.0,9.08,30.4,125,115,18.7,331,74.1,13.7,90.1,40.6,166,3291,0.0212,0.00114,0.0146,0.0015,3.32e-05,0.000361,0.000172,0.00592,0.00388,0.00027,4.51e-05,0.00127,0.00581,0.00627,0.000225,0.000141,0.00278,0.00061,3.96e-05,0.00419,0.000315,0.000319,0.00216,6.79e-05,0.000457,0.00615,0.0,0,0.0,0.0,0,0,0.0,0,0.0,0.0,0,0.0,0,0,0.0,0.0,0,0.0,0,0,0.0,0,0.0,0.0,0
7563,0,13092663296,129,37.7,152,34.1,10.0,125,34.9,194,257,67.7,23.5,483,489.0,246.0,8.9,29.4,126,846,17.9,334,72.1,14.0,90.8,39.1,168,4030,0.0214,0.00111,0.0147,0.00144,3.18e-05,0.000363,0.000168,0.00597,0.00391,0.00026,4.37e-05,0.00128,0.00581,0.0066,0.000221,0.000136,0.0028,0.000615,2.88e-05,0.00423,0.000304,0.000304,0.00217,6.51e-05,0.00046,0.0062,0.0,0,0.0,0.0,0,0,0.0,0,0.0,0.0,0,0.0,0,0,0.0,0.0,0,0.0,0,0,0.0,0,0.0,0.0,0
9505,0,13085618176,152,36.8,153,33.0,9.51,126,37.3,196,259,65.6,25.3,3991,489.0,257.0,8.72,24.7,127,853,17.2,337,73.2,13.5,91.5,37.7,198,7612,0.0216,0.00109,0.0148,0.00139,3.04e-05,0.000403,0.000163,0.00601,0.00395,0.000249,4.24e-05,0.00129,0.00581,0.00693,0.000191,0.000132,0.00282,0.0012,2.77e-05,0.00426,0.000292,0.000289,0.00219,6.23e-05,0.000464,0.00631,0.0,0,0.0,0.0,0,0,0.0,0,0.0,0.0,0,0.0,0,0,0.0,0.0,0,0.0,0,0,0.0,0,0.0,0.0,0
9524,0,13088944128,153,35.9,154,31.8,8.99,170,36.1,197,261,63.5,24.4,4022,489.0,213.0,8.54,23.9,128,859,16.4,339,71.0,13.0,92.2,36.2,199,7649,0.0223,0.00106,0.0149,0.00134,2.37e-05,0.000406,0.00015,0.0111,0.00398,0.000239,4.1e-05,0.0013,0.00581,0.00726,0.000191,0.000127,0.00284,0.00121,2.65e-05,0.00429,0.00028,0.000212,0.00221,5.95e-05,0.000468,0.00682,0.0,0,0.0,0.0,0,0,0.0,0,0.0,0.0,0,0.0,0,0,0.0,0.0,0,0.0,0,0,0.0,0,0.0,0.0,0
11481,0,13087113216,154,29.6,156,30.7,8.46,172,34.9,199,263,61.5,23.6,4053,489.0,213.0,9.68,23.0,129,866,15.6,342,68.9,12.5,92.9,26.6,201,7674,0.0225,0.00104,0.0151,0.00117,2.26e-05,0.000409,0.000146,0.0112,0.00401,0.00016,3.96e-05,0.00131,0.00581,0.00759,0.00021,0.000135,0.00296,0.00122,2.54e-05,0.00433,0.000257,0.000263,0.00223,5.67e-05,0.000471,0.00688,0.0,0,0.0,0.0,0,0,0.0,0,0.0,0.0,0,0.0,0,0,0.0,0.0,0,0.0,0,0,0.0,0,0.0,0.0,0
11534,0,13097287680,155,28.9,376,29.5,7.94,173,33.8,456,265,59.4,22.7,4084,489.0,753.0,9.47,22.1,130,873,7.07,486,66.7,12.0,93.6,31.4,203,8866,0.0226,0.00104,0.0171,0.00138,2.14e-05,0.000412,0.000142,0.0113,0.00404,0.00016,3.69e-05,0.00384,0.00581,0.00672,0.000205,0.00013,0.00298,0.00123,2.43e-05,0.00436,0.000245,0.000247,0.00224,5.39e-05,0.000475,0.00723,0.0,0,0.0,0.0,0,0,0.0,0,0.0,0.0,0,0.0,0,0,0.0,0.0,0,0.0,0,0,0.0,0,0.0,0.0,0
11587,0,13033762816,157,28.1,379,32.4,7.42,174,32.6,459,267,57.3,21.9,4115,489.0,783.0,9.27,21.2,132,879,7.07,489,64.6,6.8,160.0,30.0,204,9007,0.0228,0.00102,0.0172,0.00132,2.03e-05,0.000415,0.000138,0.0114,0.00407,0.000188,3.55e-05,0.00387,0.00581,0.007,0.0002,0.000125,0.003,0.00123,2.31e-05,0.00425,0.000234,0.000232,0.00226,3.68e-05,0.000478,0.00728,0.0,0,0.0,0.0,0,0,0.0,0,0.0,0.0,0,0.0,0,0,0.0,0.0,0,0.0,0,0,0.0,0,0.0,0.0,0
11557,0,13033902080,158,27.3,382,31.1,6.9,175,31.4,463,269,49.8,21.1,4146,489.0,813.0,9.06,20.4,133,886,8.99,493,62.4,6.51,161.0,28.7,206,9077,0.023,0.00099,0.0173,0.00127,1.92e-05,0.000487,0.000134,0.0114,0.00399,0.000179,3.42e-05,0.0039,0.00581,0.00728,0.000195,0.00012,0.00302,0.00124,2.38e-05,0.00425,0.000223,0.000216,0.00219,4.63e-05,0.000482,0.00732,0.0,0,0.0,0.0,0,0,0.0,0,0.0,0.0,0,0.0,0,0,0.0,0.0,0,0.0,0,0,0.0,0,0.0,0.0,0
11530,0,13010030592,159,26.6,384,29.8,6.37,177,29.4,466,261,57.5,20.2,4176,489.0,843.0,8.86,27.5,134,893,8.47,497,63.2,6.21,162.0,27.3,207,9161,0.0232,0.000964,0.0175,0.00121,1.8e-05,0.000491,0.00013,0.0115,0.00401,0.00017,3.29e-05,0.00392,0.00581,0.00756,0.00019,0.000115,0.00305,0.00125,2.26e-05,0.00425,0.000211,0.0002,0.00238,4.35e-05,0.000647,0.0074,0.0,0,0.0,0.0,0,0,0.0,0,0.0,0.0,0,0.0,0,0,0.0,0.0,0,0.0,0,0,0.0,0,0.0,0.0,0
11470,0,13012004864,206,25.8,387,28.5,,178,28.3,470,282,55.3,19.4,4207,489.0,873.0,8.65,26.3,135,899,7.95,500,60.9,5.91,164.0,25.9,209,9293,0.0233,0.000939,0.0176,0.00115,1.66e-05,0.000494,0.000126,0.0116,0.00404,0.000161,3.15e-05,0.00395,0.00581,0.00784,0.000185,0.00011,0.00307,0.00126,2.14e-05,0.00547,0.0002,0.000184,0.0024,4.08e-05,0.000652,0.00756,0.0,0,0.0,0.0,0,0,0.0,0,0.0,0.0,0,0.0,0,0,0.0,0.0,0,0.0,0,0,0.0,0,0.0,0.0,0
11521,0,12983078912,207,26.6,390,27.2,,179,27.2,473,284,53.0,19.9,11358,489.0,903.0,9.82,25.0,136,871,7.43,504,58.7,5.62,165.0,24.5,279,16525,0.0235,0.000913,0.0177,0.00109,1.55e-05,0.000498,0.00011,0.0117,0.00407,0.000152,3.02e-05,0.00398,0.00581,0.00812,0.00018,0.00011,0.00309,0.00278,2.03e-05,0.00551,0.000122,0.000168,0.00241,3.8e-05,0.000656,0.00773,0.0,0,0.0,0.0,0,0,0.0,0,0.0,0.0,0,0.0,0,0,0.0,0.0,0,0.0,0,0,0.0,0,0.0,0.0,0
11560,0,12988846080,209,25.8,393,25.9,,262,26.0,477,286,50.8,19.0,11441,489.0,933.0,9.82,23.8,137,3192,6.91,708,56.4,5.32,166.0,23.2,281,19246,0.0229,0.000887,0.0178,0.00104,1.44e-05,0.000502,0.000122,0.0114,0.0041,0.000142,2.89e-05,0.00679,0.00581,0.0084,0.000178,0.000105,0.00311,0.0028,1.91e-05,0.00555,0.000122,,0.00243,3.53e-05,0.000661,0.00792,0.0,0,0.0,0.0,0,0,0.0,0,0.0,0.0,0,0.0,0,0,0.0,0.0,0,0.0,0,0,0.0,0,0.0,0.0,0
11601,0,12989300736,210,25.0,396,34.7,,263,24.9,480,288,48.5,18.0,11523,489.0,963.0,10.8,22.6,138,3215,6.39,713,54.2,5.02,167.0,18.6,283,19399,0.025,0.000862,0.0191,0.000979,1.33e-05,0.000505,0.000118,0.0214,0.00413,0.00014,2.76e-05,0.00684,0.00581,0.00868,0.000173,9.95e-05,0.00313,0.00282,1.79e-05,0.00559,0.000155,,0.00245,3.26e-05,0.000666,0.00906,0.0,0,0.0,0.0,0,0,0.0,0,0.0,0.0,0,0.0,0,0,0.0,0.0,0,0.0,0,0,0.0,0,0.0,0.0,0
11506,0,12989693952,212,24.2,385,32.9,,265,23.7,468,291,46.3,17.1,11606,489.0,1441.0,10.5,21.4,144,3238,5.87,718,51.9,4.73,168.0,18.6,285,19968,0.0252,0.000866,0.0193,0.000881,1.22e-05,0.000509,0.000114,0.0215,0.00409,0.00013,2.62e-05,0.00689,0.00581,0.00896,0.000168,9.43e-05,0.0033,0.00284,,0.00563,0.000144,,0.00247,2.98e-05,0.000671,0.00913,0.0,0,0.0,0.0,0,0,0.0,0,0.0,0.0,0,0.0,0,0,0.0,0.0,0,0.0,0,0,0.0,0,0.0,0.0,0
11442,0,12993241088,213,23.4,798,31.1,,267,22.6,468,293,44.0,16.2,11688,489.0,1485.0,10.3,20.1,145,3261,5.35,723,49.6,4.43,164.0,18.6,287,20528,0.0253,0.000839,0.0194,0.00108,,0.000632,0.00011,0.0217,0.00412,0.000121,3.1e-05,0.00694,0.00581,0.00921,0.000163,8.9e-05,0.00333,0.00286,,0.00568,0.000133,,0.00248,,0.000836,0.00924,0.0,0,0.0,0.0,0,0,0.0,0,0.0,0.0,0,0.0,0,0,0.0,0.0,0,0.0,0,0,0.0,0,0.0,0.0,0
11404,0,13001252864,215,22.6,803,29.3,,269,21.4,1030,295,41.7,15.3,11771,489.0,1529.0,9.99,18.9,146,3285,,728,47.4,,164.0,22.4,289,21242,0.0255,0.000813,0.0195,0.00101,,0.000636,0.000105,0.0218,0.00415,0.000111,2.94e-05,0.00699,0.00581,0.00949,0.000158,8.38e-05,0.00336,0.00288,,0.00572,0.000122,,0.0025,,0.000842,0.00931,0.0,0,0.0,0.0,0,0,0.0,0,0.0,0.0,0,0.0,0,0,0.0,0.0,0,0.0,0,0,0.0,0,0.0,0.0,0
11452,0,13021163520,216,21.8,809,27.5,,271,9.68,1037,297,43.5,14.4,11854,489.0,1572.0,9.71,17.7,147,3308,,734,46.0,,289.0,20.6,291,21524,0.0257,0.000786,0.0197,0.000933,,0.000657,0.000101,0.022,0.00418,0.000101,2.79e-05,0.00704,0.00581,0.00977,0.000153,8.43e-05,0.00338,0.0029,,0.00576,0.000111,,0.00265,,0.000848,0.00939,0.0,0,0.0,0.0,0,0,0.0,0,0.0,0.0,0,0.0,0,0,0.0,0.0,0,0.0,0,0,0.0,0,0.0,0.0,0
11500,0,13019308032,295,21.0,815,25.7,,273,9.68,1044,289,41.0,13.5,11936,489.0,1616.0,9.43,,148,4977,,739,43.8,,291.0,18.7,293,23387,0.0259,0.00076,0.0198,0.000859,,0.000657,9.71e-05,0.0222,0.00421,9.12e-05,2.63e-05,0.00709,0.00581,0.01,0.000156,7.88e-05,0.0034,0.00292,,0.00558,9.96e-05,,0.00266,,0.000879,0.00944,0.0,0,0.0,0.0,0,0,0.0,0,0.0,0.0,0,0.0,0,0,0.0,0.0,0,0.0,0,0,0.0,0,0.0,0.0,0
11549,0,13022351360,297,15.1,820,23.9,,275,12.5,1051,311,38.4,12.5,12019,489.0,1660.0,9.16,,149,5011,,744,41.5,,293.0,16.9,286,23576,0.0261,0.000733,0.02,0.000785,,0.000657,9.57e-05,0.0223,0.00424,8.14e-05,2.47e-05,0.00997,0.00581,0.0103,0.00015,7.32e-05,0.00342,0.00285,,0.00742,,,0.00268,,0.000879,0.00988,0.0,0,0.0,0.0,0,0,0.0,0,0.0,0.0,0,0.0,0,0,0.0,0.0,0,0.0,0,0,0.0,0,0.0,0.0,0
11597,0,13018779648,299,18.0,826,,,268,11.6,1058,313,35.9,11.6,11669,489.0,1703.0,8.88,,150,5046,,1002,39.2,,295.0,15.0,286,23546,0.0262,0.000707,0.0201,0.000711,,0.000657,9.14e-05,0.0225,0.00427,,2.31e-05,0.01,0.00581,0.011,0.000145,6.77e-05,0.00345,0.00471,,0.00747,,,0.0027,,0.000879,0.0101,0.0,0,0.0,0.0,0,0,0.0,0,0.0,0.0,0,0.0,0,0,0.0,0.0,0,0.0,0,0,0.0,0,0.0,0.0,0
11691,0,13013762048,301,17.2,831,,,268,10.8,1066,315,33.4,,23583,489.0,1747.0,5.35,,151,5081,,1009,37.0,,297.0,,399,35642,0.0277,0.000468,0.0219,,,0.000787,8.72e-05,0.0219,0.00421,,,0.0101,0.00581,0.0113,0.00014,6.21e-05,0.00345,0.00475,,0.00752,,,0.00272,,0.000879,0.0103,0.0,0,0.0,0.0,0,0,0.0,0,0.0,,0,0.0,0,0,0.0,0.0,0,0.0,0,0,0.0,0,0.0,0.0,0
11687,0,13011140608,303,16.4,837,,,394,9.97,1073,317,30.9,,23743,489.0,1791.0,6.1,,147,5115,,1016,34.7,,299.0,,402,36026,0.0279,0.000468,0.0221,,,0.000787,8.29e-05,0.0319,0.00424,,,0.0102,0.00581,0.0116,0.000134,5.66e-05,0.00345,0.00478,,0.00758,,,0.00274,,0.00112,0.0112,0.0,0,0.0,0.0,0,0,0.0,0,0.0,,0,0.0,0,0,0.0,0.0,0,0.0,0,0,0.0,0,0.0,0.0,0
11549,0,13017788416,298,15.7,845,,,385,9.13,1512,320,28.4,,23903,489.0,2352.0,5.89,,163,5150,,1023,32.4,,301.0,,405,37238,0.0136,0.000558,0.0222,,,0.000787,7.86e-05,0.0322,0.00427,,,0.0102,0.00581,0.0119,0.000129,,0.00333,0.00479,,0.00763,,,0.00276,,0.00112,0.0101,0.0,0,0.0,,0,0,0.0,0,0.0,,0,0.0,0,0,0.0,0.0,0,0.0,0,0,,0,0.0,0.0,0
11441,0,13006995456,298,14.9,1306,,,399,8.3,1523,322,,,24099,489.0,2408.0,5.68,,164,5185,,1030,30.2,,303.0,,407,37992,0.014,0.000534,0.0224,,,0.000787,3.81e-05,0.0324,0.0043,,,0.0103,0.00581,0.0122,0.000119,,0.00367,0.00479,,0.00768,,,0.00286,,0.00112,0.0102,0.0,0,0.0,,0,0,0.0,0,0.0,,0,0.0,0,0,0.0,0.0,0,0.0,0,0,,0,0.0,0.0,0
11440,0,12907081728,298,14.2,1315,,,399,7.47,1534,324,,,24270,489.0,2464.0,5.48,,165,5237,,1303,,,295.0,,410,38530,0.014,0.00051,0.0214,,,0.000682,3.81e-05,0.0326,0.00431,,,0.0103,0.00581,0.0132,0.000114,,0.00198,0.00631,,0.00773,,,0.00286,,0.00112,0.0103,0.0,0,0.0,,0,0,0.0,0,0.0,,0,0.0,0,0,0.0,0.0,0,0.0,0,0,,0,0.0,0.0,0
11453,0,12896976896,394,13.4,1324,,,399,,1545,333,,,24441,489.0,2520.0,5.27,,166,5274,,1312,,,480.0,,413,39108,0.014,0.000486,0.0214,,,0.000682,3.81e-05,0.0329,0.00431,,,0.0151,0.00581,0.0135,0.000109,,0.00205,0.00635,,0.00778,,,0.00286,,0.00112,0.0107,0.0,0,0.0,,0,0,0.0,0,0.0,,0,0.0,0,0,0.0,0.0,0,0.0,0,0,,0,0.0,,0
11440,0,12859527168,394,12.6,1333,,,399,,1555,335,,,24612,489.0,2576.0,5.07,,167,8598,,1321,,,483.0,,416,42697,0.0155,0.000462,0.0234,,,0.000682,4.82e-05,0.0331,0.00168,,,0.0152,0.00581,0.0139,0.000103,,0.00205,0.00639,,0.00955,,,0.00282,,0.00107,0.011,0.0,0,0.0,,0,0,0.0,0,0.0,,0,0.0,0,0,0.0,0.0,0,0.0,0,0,,0,0.0,,0
11440,0,12861276160,394,10.1,1342,,,399,,1566,338,,,24782,489.0,2632.0,4.86,,167,8658,,1330,,,487.0,,419,43018,0.0155,0.000438,0.0234,,,0.000741,4.47e-05,0.0333,0.00168,,,0.0153,0.00581,0.0142,9.84e-05,,0.00205,0.00642,,0.00741,,,0.00282,,0.00107,0.0109,0.0,0,0.0,,0,0,0.0,0,0.0,,0,0.0,0,0,0.0,0.0,0,,0,0,,0,0.0,,0
9308,0,12859056128,414,9.45,1351,,,424,,1577,340,,,24953,489.0,2688.0,6.27,,167,8718,,1339,,,490.0,,407,43373,0.0155,0.000414,0.0234,,,0.000741,4.11e-05,0.0335,0.00168,,,0.0153,0.00581,0.0145,9.33e-05,,0.00205,0.00642,,0.00741,,,0.00295,,0.00136,0.0109,0.0,0,0.0,,0,0,0.0,0,0.0,,0,0.0,0,0,0.0,0.0,0,,0,0,,0,0.0,,0
9233,0,12817432576,417,8.82,1363,,,424,,2074,340,,,41326,489.0,2744.0,6.0,,167,8778,,1348,,,490.0,,552,60526,0.0155,0.00039,0.0234,,,0.000741,3.76e-05,0.042,0.00168,,,0.0153,0.00581,0.0148,8.82e-05,,0.00205,0.00815,,0.00741,,,0.00295,,0.00136,0.0118,0.0,0,0.0,,0,0,0.0,0,0.0,,0,0.0,0,0,0.0,0.0,0,,0,0,,0,0.0,,0
9222,0,12748541952,504,8.19,1372,,,424,,2088,340,,,41607,489.0,2800.0,5.72,,162,8838,,1357,,,490.0,,552,61036,0.0155,0.000319,0.0232,,,0.000757,3.4e-05,0.0422,0.00168,,,0.0157,0.00581,0.0151,9.16e-05,,0.00205,0.00815,,0.00741,,,0.00295,,0.00136,0.0119,0.0,0,0.0,,0,0,0.0,0,,,0,0.0,0,0,,,0,,0,0,,0,,,0
8886,0,12760772608,505,7.57,1382,,,434,,2102,340,,,41888,489.0,3617.0,5.44,,170,8898,,1369,,,490.0,,552,62248,0.0129,0.000298,0.0232,,,0.000757,3.05e-05,0.0425,0.00168,,,0.0197,0.00581,0.017,8.6e-05,,0.00205,0.00815,,0.00741,,,0.00295,,0.00136,0.0122,0.0,0,0.0,,0,0,0.0,0,,,0,0.0,0,0,,,0,,0,0,,0,,,0
8788,0,12762927104,505,,1339,,,434,,2117,339,,,42156,489.0,3688.0,5.17,,170,8958,,1332,,,504.0,,564,62598,0.0129,0.000277,0.0232,,,0.000757,,0.0413,0.00168,,,0.0198,0.00581,0.0173,8.04e-05,,0.00205,0.0084,,0.00741,,,0.00295,,0.00141,0.0121,0.0,0,0.0,,0,0,0.0,0,,,0,0.0,0,0,,,0,,0,0,,0,,,0
8788,0,12769726464,505,,2161,,,434,,2134,339,,,42531,489.0,3759.0,4.89,,170,12312,,1901,,,491.0,,568,67797,0.0156,0.000256,0.0232,,,0.000757,,0.0413,0.00168,,,0.0199,0.00581,0.0177,7.48e-05,,0.00205,0.00846,,0.00741,,,0.00295,,0.00141,0.0124,0.0,0,0.0,,0,0,0.0,0,,,0,0.0,0,0,,,0,,0,0,,0,,,0
8910,0,12768763904,505,,2175,,,434,,2606,339,,,42831,489.0,3829.0,4.61,,170,12398,,1914,,,491.0,,571,68757,0.0156,0.000236,0.0225,,,0.000735,,0.0413,0.00174,,,0.02,0.00581,0.018,6.91e-05,,0.00177,0.00851,,0.00718,,,0.00309,,0.00141,0.0123,0.0,0,0.0,,0,0,0.0,0,,,0,0.0,0,0,,,0,,0,0,,0,,,0
8648,0,12772225024,505,,2191,,,434,,2624,339,,,43131,489.0,3900.0,0.44,,170,12484,,1927,,,774.0,,672,69640,0.0156,0.000215,0.0271,,,0.00073,,0.0478,0.00174,,,0.02,0.00581,0.0184,6.35e-05,,0.00177,0.00856,,0.00743,,,0.00313,,0.00141,0.0133,0.0,0,0.0,,0,0,0.0,0,,,0,0.0,0,0,,,0,,0,0,,0,,,0
8603,0,12774821888,500,,2206,,,584,,2642,340,,,43430,489.0,3971.0,0.44,,170,12570,,1940,,,779.0,,672,70295,0.0156,,0.0271,,,0.00108,,0.0478,0.00174,,,0.0204,0.00581,0.0187,5.79e-05,,0.0021,0.00856,,0.0107,,,0.00313,,0.00141,0.0137,0.0,0,0.0,,0,0,0.0,0,,,0,0.0,0,0,,,0,,0,0,,0,,,0
8603,0,12740669440,504,,2221,,,604,,2659,340,,,60932,489.0,4042.0,0.559,,178,12656,,1952,,,781.0,,672,88032,0.0156,,0.028,,,0.00108,,0.0478,0.00174,,,0.0205,0.00581,0.019,,,0.0021,0.00828,,0.0107,,,0.00313,,0.00183,0.0138,0.0,0,0.0,,0,0,0.0,0,,,0,,0,0,,,0,,0,0,,0,,,0
8603,0,12746719232,649,,2236,,,604,,2677,340,,,61350,489.0,4113.0,0.516,,178,12742,,1952,,,781.0,,672,88785,0.0156,,0.028,,,0.0011,,0.0495,0.00174,,,0.0206,0.00581,0.0194,,,0.0021,0.00823,,0.0107,,,0.00313,,0.00186,0.014,0.0,0,0.0,,0,0,0.0,0,,,0,,0,0,,,0,,0,0,,0,,,0
8603,0,12665372672,654,,2776,,,604,,2700,350,,,61768,489.0,4184.0,0.473,,178,12828,,2293,,,781.0,,672,90277,0.0156,,0.028,,,0.0011,,0.0495,0.00168,,,0.0201,0.00581,0.018,,,0.0021,0.0122,,0.0107,,,0.00313,,0.00187,0.0141,0.0,0,0.0,,0,0,0.0,0,,,0,,0,0,,,0,,0,0,,0,,,0
8538,0,12666527744,658,,2794,,,604,,2719,350,,,62186,489.0,3886.0,0.43,,179,12956,,2309,,,801.0,,696,90629,0.0156,,0.028,,,0.0011,,0.0495,0.00169,,,0.0279,0.00581,0.0223,,,0.0021,0.0122,,0.0107,,,0.00313,,0.00194,0.0152,0.0,0,0.0,,0,0,0.0,0,,,0,,0,0,,,0,,0,0,,0,,,0
8484,0,12673716224,683,,2815,,,647,,2738,350,,,62604,489.0,5087.0,0.387,,179,12612,,2324,,,807.0,,696,92032,0.0205,,0.028,,,0.0011,,0.0495,0.00174,,,0.0281,0.00581,0.0227,,,0.0021,0.0123,,0.0107,,,0.00313,,0.00194,0.0156,0.0,0,0.0,,0,0,0.0,0,,,0,,0,0,,,0,,0,0,,0,,,0
8726,0,12670681088,683,,2835,,,647,,3526,349,,,63113,489.0,5170.0,0.344,,179,17674,,2340,,,812.0,,820,98638,0.0205,,0.028,,,0.0011,,0.0563,0.00168,,,0.0282,0.00581,0.0231,,,0.00228,0.0124,,0.0112,,,0.00317,,0.00194,0.0163,0.0,0,0.0,,0,0,,0,,,0,,0,0,,,0,,0,0,,0,,,0
8672,0,12552712192,683,,2855,,,647,,3550,349,,,63548,489.0,5254.0,,,183,17797,,2346,,,1050.0,,820,99569,0.0205,,0.0271,,,0.00132,,0.0583,0.00179,,,0.0282,0.00581,0.0235,,,0.00228,0.0124,,0.0112,,,0.00338,,0.00194,0.0165,0.0,0,0.0,,0,0,,0,,,0,,0,0,,,0,,0,0,,0,,,0
8719,0,12554162176,683,,2874,,,658,,3574,349,,,63983,489.0,5337.0,,,183,17920,,2664,,,1057.0,,820,100591,0.0205,,0.026,,,0.00132,,0.0583,0.00179,,,0.0287,0.00581,0.0239,,,0.00228,0.0124,,0.0135,,,0.00338,,0.00194,0.0167,0.0,0,0.0,,0,0,,0,,,0,,0,0,,,0,,0,0,,0,,,0
8665,0,12558995456,813,,3366,,,663,,3598,349,,,64417,489.0,5421.0,,,183,18043,,2708,,,1057.0,,820,101927,0.0205,,0.03,,,0.00132,,0.0583,0.00179,,,0.0289,0.00581,0.0242,,,0.00228,0.0127,,0.0135,,,0.00338,,0.00188,0.0171,0.0,0,0.0,,0,0,,0,,,0,,0,0,,,0,,0,0,,0,,,0
8610,0,12560265216,813,,3389,,,684,,3626,359,,,62456,489.0,5504.0,,,185,18166,,2726,,,1057.0,,849,100303,0.0205,,0.03,,,0.00132,,0.0583,0.00179,,,0.0291,0.00581,0.0246,,,0.00228,0.0124,,0.0135,,,0.00338,,0.00186,0.0171,0.0,0,0.0,,0,0,,0,,,0,,0,0,,,0,,0,0,,0,,,0
8556,0,12561928192,813,,3412,,,684,,3651,359,,,88383,492.0,6237.0,,,185,18289,,2744,,,1057.0,,849,127154,0.0212,,0.03,,,0.00132,,0.0583,0.00179,,,0.0293,0.00581,0.0279,,,0.00228,0.0162,,0.0135,,,0.00338,,0.00243,0.0178,0.0,0,0.0,,0,0,,0,,,0,,0,0,,,0,,0,0,,0,,,0
8421,0,12525023232,813,,3435,,,684,,3675,366,,,89005,492.0,6330.0,,,185,18412,,2749,,,1087.0,,849,128082,0.0212,,0.03,,,0.00132,,0.0643,0.00182,,,0.0285,0.00581,0.0283,,,0.00263,0.0163,,0.0141,,,0.00338,,0.00247,0.0183,0.0,0,0.0,,0,0,,0,,,0,,0,0,,,0,,0,0,,0,,,0
8253,0,12525654016,845,,3437,,,858,,3700,366,,,89627,492.0,6423.0,,,185,22918,,2749,,,1094.0,,849,133542,0.0205,,0.03,,,0.00132,,0.0677,0.00182,,,0.0372,0.00578,0.0287,,,0.00263,0.0164,,0.0141,,,0.00338,,0.00257,0.0193,0.0,0,0.0,,0,0,,0,,,0,,0,0,,,0,,0,0,,0,,,0
3853,0,12524732416,845,,3487,,,858,,3606,366,,,90248,492.0,6516.0,,,185,23078,,3256,,,1101.0,,821,134861,0.0204,,0.03,,,0.00132,,0.0677,0.00176,,,0.0376,0.00123,0.0291,,,0.00266,0.0165,,0.0141,,,0.00338,,0.00257,0.019,0.0,0,,,0,0,,0,,,0,,0,0,,,0,,0,0,,0,,,0
4012,0,12524277760,968,,4181,,,858,,4632,366,,,90870,492.0,6609.0,,,179,23239,,3279,,,1102.0,,1032,137808,0.024,,0.03,,,0.00163,,0.0677,0.0019,,,0.0379,0.00121,0.0296,,,0.00275,0.0166,,0.0166,,,0.00354,,0.00257,0.0197,0.0,0,,,0,0,,0,,,0,,0,0,,,0,,0,0,,0,,,0
4013,0,12521472000,968,,4210,,,858,,4679,368,,,91492,492.0,6702.0,,,189,23399,,3301,,,1061.0,,1032,138752,0.024,,0.03,,,0.00163,,0.0677,0.0019,,,0.0381,0.0012,0.03,,,0.00275,0.0194,,0.0166,,,0.00367,,0.00257,0.02,0.0,0,,,0,0,,0,,,0,,0,0,,,0,,0,0,,0,,,0
4013,0,12529733632,968,,4239,,,858,,4712,368,,,92113,492.0,6795.0,,,196,23560,,3323,,,1446.0,,1069,140139,0.024,,0.0297,,,0.00163,,0.0677,0.0019,,,0.0384,0.00118,0.0304,,,0.00275,0.0194,,0.0166,,,0.00367,,0.00257,0.02,0.0,0,,,0,0,,0,,,0,,0,0,,,0,,0,0,,0,,,0
4012,0,12532264960,968,,4267,,,904,,4744,368,,,92735,495.0,6888.0,,,196,23720,,3323,,,1446.0,,1069,141124,0.0251,,0.0295,,,0.00163,,0.0677,0.0019,,,0.0387,0.00117,0.0308,,,0.00275,0.0197,,0.0166,,,0.00367,,0.00291,0.0202,0.0,0,,,0,0,,0,,,0,,0,0,,,0,,0,0,,0,,,0
3921,0,12526657536,968,,4296,,,998,,4777,368,,,90429,495.0,7641.0,,,196,27406,,3323,,,1485.0,,1069,143451,0.0251,,0.0338,,,0.00163,,0.0677,0.0019,,,0.0389,0.00115,0.0293,,,0.00299,0.0198,,0.0172,,,0.00367,,0.00291,0.0205,0.0,0,,,0,0,,0,,,0,,0,0,,,0,,0,0,,0,,,0
3922,0,12537688064,968,,4310,,,998,,4809,368,,,118274,495.0,7743.0,,,196,27590,,3399,,,1495.0,,1069,171715,0.028,,0.0338,,,0.00163,,0.0655,0.00192,,,0.0441,0.00124,0.0345,,,0.00299,0.0199,,0.0172,,,0.00367,,0.00291,0.0214,0.0,0,,,0,0,,0,,,0,,0,0,,,0,,0,0,,0,,,0
3860,0,12538376192,1023,,4362,,,998,,4842,368,,,119091,495.0,7845.0,,,196,27799,,3908,,,1505.0,,1069,173500,0.028,,0.0338,,,0.00169,,0.065,0.00195,,,0.0444,0.00122,0.035,,,0.00299,0.0201,,0.0172,,,0.00367,,0.00291,0.0215,0.0,0,,,0,0,,0,,,0,,0,0,,,0,,0,0,,0,,,0
3907,0,12542488576,1024,,4392,,,998,,4873,368,,,119908,495.0,7947.0,,,196,27995,,3935,,,1516.0,,1069,174715,0.028,,0.0338,,,0.0018,,0.0787,0.00195,,,0.0445,0.0012,0.0355,,,0.00299,0.0202,,0.0172,,,0.00382,,0.00307,0.0227,0.0,0,,,0,0,,0,,,0,,0,0,,,0,,0,0,,0,,,0
3997,0,12556259328,989,,4422,,,998,,4717,374,,,120725,495.0,8049.0,,,203,28190,,3962,,,1526.0,,1263,175911,0.028,,0.0348,,,0.0018,,0.0811,0.00195,,,0.045,0.00119,0.0359,,,0.00309,0.0226,,0.0198,,,0.00382,,0.00335,0.0235,0.0,0,,,0,0,,0,,,0,,0,0,,,0,,0,0,,0,,,0
3998,0,12560543744,1229,,4300,,,998,,5756,374,,,121543,495.0,8151.0,,,203,28386,,3989,,,1536.0,,1263,178220,0.028,,0.0348,,,0.0018,,0.0816,0.00195,,,0.0453,0.00117,0.0364,,,0.00309,0.0229,,0.0198,,,0.0039,,0.00335,0.0237,0.0,0,,,0,0,,0,,,0,,0,0,,,0,,0,0,,0,,,0
3997,0,12562403328,1229,,5351,,,998,,5795,374,,,122360,494.0,8252.0,,,203,28582,,4016,,,1495.0,,1263,180412,0.028,,0.0348,,,0.0018,,0.0816,0.00195,,,0.0457,0.00116,0.0369,,,0.00309,0.0231,,0.0203,,,0.0039,,0.00335,0.0238,0.0,0,,,0,0,,0,,,0,,0,0,,,0,,0,0,,0,,,0
3997,0,12566732800,1229,,5387,,,998,,5835,374,,,123444,499.0,9046.0,,,205,28777,,4043,,,1836.0,,1263,182935,0.0292,,0.0348,,,0.0018,,0.0816,0.00195,,,0.046,0.00114,0.0373,,,0.00309,0.0232,,0.021,,,0.0039,,0.00335,0.024,0.0,0,,,0,0,,0,,,0,,0,0,,,0,,0,0,,0,,,0
3926,0,12570996736,1229,,5388,,,1102,,5874,379,,,124304,499.0,9156.0,,,205,33904,,4054,,,1836.0,,1263,189194,0.0292,,0.0337,,,0.00188,,0.0816,0.00195,,,0.0463,0.00112,0.0406,,,0.00299,0.0234,,0.021,,,0.0039,,0.00335,0.0242,0.0,0,,,0,0,,0,,,0,,0,0,,,0,,0,0,,0,,,0
3797,0,12568760320,1229,,5468,,,1140,,5899,379,,,125164,499.0,9266.0,,,205,34133,,4054,,,1836.0,,1318,190592,0.0282,,0.0334,,,0.00188,,0.0816,0.00201,,,0.0451,0.00114,0.0411,,,0.00342,0.0253,,0.021,,,0.00404,,0.00335,0.0243,0.0,0,,,0,0,,0,,,0,,0,0,,,0,,0,0,,0,,,0
3878,0,12571529216,1255,,5506,,,1140,,5965,379,,,151191,499.0,9377.0,,,205,34338,,4646,,,1885.0,,1429,217815,0.0351,,0.0364,,,0.00188,,0.0816,0.00201,,,0.0541,0.00123,0.0416,,,0.00354,0.0253,,0.021,,,0.00404,,0.00371,0.026,0.0,0,,,0,0,,0,,,0,,0,0,,,0,,0,0,,0,,,0
3877,0,12575227904,1263,,5544,,,1140,,6565,388,,,152223,499.0,9487.0,,,205,34641,,4748,,,1898.0,,1436,220039,0.0351,,0.0375,,,0.00213,,0.0881,0.00201,,,0.0544,0.00121,0.0421,,,0.00354,0.0257,,0.0236,,,0.00404,,0.00388,0.027,0.0,0,,,0,0,,0,,,0,,0,0,,,0,,0,0,,0,,,0
3973,0,12570365952,1302,,5583,,,1140,,6610,388,,,153254,499.0,9597.0,,,199,34886,,4780,,,1911.0,,1436,221586,0.0351,,0.0375,,,0.00213,,0.0881,0.00201,,,0.0548,0.00119,0.0426,,,0.00354,0.0259,,0.0236,,,0.00404,,0.00388,0.027,0.0,0,,,0,0,,0,,,0,,0,0,,,0,,0,0,,0,,,0
3974,0,12558483456,1466,,6334,,,1140,,6655,388,,,154286,499.0,10342.0,,,198,35131,,4808,,,2178.0,,1436,224862,0.0367,,0.0375,,,0.00213,,0.0924,0.00201,,,0.0549,0.00117,0.0431,,,0.00354,0.0261,,0.0236,,,0.00412,,0.00388,0.0276,0.0,0,,,0,0,,0,,,0,,0,0,,,0,,0,0,,0,,,0
3973,0,12560162816,1466,,6377,,,1140,,6701,388,,,155545,499.0,10459.0,,,214,38909,,4808,,,2193.0,,1436,230135,0.0367,,0.0375,,,0.00213,,0.0924,0.00204,,,0.0556,0.00115,0.0436,,,0.00354,0.0281,,0.0236,,,0.00412,,0.00388,0.0279,0.0,0,,,0,0,,0,,,0,,0,0,,,0,,0,0,,0,,,0
3973,0,12564426752,1466,,6420,,,1140,,6746,390,,,156626,499.0,10577.0,,,218,39179,,4808,,,2204.0,,1436,231709,0.0367,,0.0375,,,0.00213,,0.0924,0.00204,,,0.056,0.00113,0.0441,,,0.00354,0.0283,,0.0246,,,0.00412,,0.00388,0.028,0.0,0,,,0,0,,0,,,0,,0,0,,,0,,0,0,,0,,,0
4067,0,12563001344,1466,,6463,,,1106,,6791,390,,,157707,499.0,10694.0,,,218,39448,,4919,,,2204.0,,1436,233342,0.0367,,0.0395,,,0.00224,,0.0924,0.00208,,,0.061,0.00112,0.0446,,,0.00369,0.0284,,0.0246,,,0.00412,,0.00388,0.0287,0.0,0,,,0,0,,0,,,0,,0,0,,,0,,0,0,,0,,,0
3848,0,12566876160,1466,,6470,,,1127,,6847,390,,,182422,499.0,10812.0,,,218,39718,,4807,,,2204.0,,1436,258417,0.0367,,0.0395,,,0.00239,,0.0924,0.00208,,,0.0614,0.0011,0.0497,,,0.00401,0.0286,,0.0246,,,0.00399,,0.00388,0.0292,0.0,0,,,0,0,,0,,,0,,0,0,,,0,,0,0,,0,,,0
3848,0,12570157056,1598,,6562,,,1406,,6894,390,,,183665,499.0,10929.0,,,218,39987,,4807,,,2256.0,,1691,260902,0.0355,,0.0414,,,0.00239,,0.0924,0.00208,,,0.0618,0.00108,0.0503,,,0.00401,0.0289,,0.0246,,,0.00436,,0.00458,0.0294,0.0,0,,,0,0,,0,,,0,,0,0,,,0,,0,0,,0,,,0
3904,0,12573360128,1633,,6607,,,1409,,7720,395,,,184907,499.0,11832.0,,,218,40257,,5797,,,2272.0,,1698,265244,0.039,,0.0414,,,0.00239,,0.0921,0.00208,,,0.0622,0.00117,0.0508,,,0.00401,0.0291,,0.0238,,,0.00436,,0.00458,0.0298,0.0,0,,,0,0,,0,,,0,,0,0,,,0,,0,0,,0,,,0
3918,0,12569604096,1644,,7502,,,1409,,7773,395,,,186149,499.0,11958.0,,,218,40638,,5829,,,2287.0,,1698,267999,0.0408,,0.0414,,,0.00239,,0.102,0.00208,,,0.0622,0.00115,0.0514,,,0.00401,0.0312,,0.0281,,,0.00436,,0.00458,0.0313,0.0,0,,,0,0,,0,,,0,,0,0,,,0,,0,0,,0,,,0
3977,0,12567183360,1683,,7553,,,1409,,7825,395,,,187598,505.0,12084.0,,,218,40924,,5829,,,2638.0,,1698,270359,0.0408,,0.0414,,,0.00239,,0.104,0.00204,,,0.0632,0.00113,0.0519,,,0.00401,0.0315,,0.0292,,,0.00447,,0.00458,0.0317,0.0,0,,,0,0,,0,,,0,,0,0,,,0,,0,0,,0,,,0
3977,0,12572094464,1694,,7605,,,1409,,7830,395,,,188887,505.0,12210.0,,,215,47039,,5829,,,2656.0,,1698,277971,0.0408,,0.0414,,,0.00239,,0.104,0.00206,,,0.0637,0.00111,0.0525,,,0.00401,0.0317,,0.0292,,,0.00447,,0.00458,0.0319,0.0,0,,,0,0,,0,,,0,,0,0,,,0,,0,0,,0,,,0
4064,0,12575346688,1699,,7656,,,1409,,7939,401,,,190176,505.0,12335.0,,,228,47366,,5961,,,2665.0,,1698,280038,0.0408,,0.0414,,,0.00239,,0.105,0.00214,,,0.0622,0.00109,0.053,,,0.00413,0.0318,,0.0292,,,0.00447,,0.00458,0.0319,0.0,0,,,0,0,,0,,,0,,0,0,,,0,,0,0,,0,,,0
4063,0,12582158336,1699,,7684,,,1409,,7993,407,,,211641,505.0,12461.0,,,228,47693,,6002,,,2665.0,,1698,302086,0.0408,,0.04,,,0.00246,,0.105,0.00214,,,0.071,0.00107,0.0573,,,0.00413,0.0318,,0.0292,,,0.00447,,0.00458,0.0329,0.0,0,,,0,0,,0,,,0,,0,0,,,0,,0,0,,0,,,0
3883,0,12586102784,1699,,7777,,,1409,,8047,407,,,213066,505.0,12587.0,,,228,48020,,6042,,,2714.0,,1946,304447,0.0408,,0.0441,,,0.00245,,0.105,0.00214,,,0.0715,0.00105,0.0579,,,0.00399,0.0324,,0.0292,,,0.00447,,0.0047,0.0333,0.0,0,,,0,0,,0,,,0,,0,0,,,0,,0,0,,0,,,0
3804,0,12586938368,1644,,7832,,,1688,,8101,407,,,214776,505.0,12713.0,,,228,48347,,6083,,,2732.0,,1959,307015,0.0408,,0.0464,,,0.00244,,0.105,0.00214,,,0.072,0.000859,0.0585,,,0.00464,0.0326,,0.0316,,,0.00433,,0.00539,0.0339,0.0,0,,,0,0,,0,,,0,,0,0,,,0,,0,0,,0,,,0
3804,0,12580388864,1632,,7887,,,1688,,8840,407,,,216302,505.0,12839.0,,,228,48674,,6809,,,3004.0,,1969,310784,0.0416,,0.0464,,,0.00287,,0.105,0.00214,,,0.0725,0.00094,0.0591,,,0.00464,0.0352,,0.0316,,,0.0043,,0.00539,0.0343,0.0,0,,,0,0,,0,,,0,,0,0,,,0,,0,0,,0,,,0
3804,0,12580413440,1921,,8833,,,1688,,8918,407,,,217828,505.0,12289.0,,,231,52530,,6809,,,3025.0,,1969,316953,0.0433,,0.0464,,,0.00287,,0.101,0.00214,,,0.073,0.000921,0.0597,,,0.00464,0.0354,,0.033,,,0.00474,,0.00539,0.0344,0.0,0,,,0,0,,0,,,0,,0,0,,,0,,0,0,,0,,,0
3941,0,12581134336,1995,,8894,,,1688,,8979,407,,,219353,505.0,14450.0,,,231,52922,,6809,,,3045.0,,1969,321249,0.0433,,0.0464,,,0.00287,,0.115,0.00214,,,0.077,0.000902,0.0602,,,0.00478,0.0355,,0.033,,,0.00474,,0.00539,0.0359,0.0,0,,,0,0,,0,,,0,,0,0,,,0,,0,0,,0,,,0
3941,0,12581597184,1995,,8955,,,1688,,9041,411,,,220879,451.0,14589.0,,,243,53297,,6959,,,3066.0,,1969,323544,0.0433,,0.0464,,,0.00287,,0.115,0.00221,,,0.078,0.000883,0.0643,,,0.00478,0.036,,0.033,,,0.00484,,0.00539,0.0364,0.0,0,,,0,0,,0,,,0,,0,0,,,0,,0,0,,0,,,0
3941,0,12584529920,1995,,9017,,,1688,,9103,419,,,246809,442.0,14728.0,,,243,53672,,7008,,,3073.0,,1969,350166,0.0433,,0.0464,,,0.00287,,0.115,0.00221,,,0.0785,0.000864,0.0649,,,0.00478,0.0362,,0.033,,,0.00484,,0.00539,0.0365,0.0,0,,,0,0,,0,,,0,,0,0,,,0,,0,0,,0,,,0
3941,0,12585148416,1995,,9078,,,1688,,9691,419,,,248502,433.0,14867.0,,,243,54047,,7056,,,3073.0,,1969,353062,0.0433,,0.0464,,,0.00287,,0.115,0.00221,,,0.0791,0.000845,0.0655,,,0.00478,0.0365,,0.033,,,0.00484,,0.00539,0.0366,0.0,0,,,0,0,,0,,,0,,0,0,,,0,,0,0,,0,,,0
3856,0,12591325184,1995,,9139,,,1762,,9756,419,,,250196,423.0,15006.0,,,243,54421,,7104,,,3132.0,,2217,355814,0.0433,,0.0486,,,0.00305,,0.115,0.00221,,,0.0796,0.000826,0.0662,,,0.00516,0.0367,,0.033,,,0.00484,,0.00586,0.037,0.0,0,,,0,0,,0,,,0,,0,0,,,0,,0,0,,0,,,0
3853,0,12598693888,1995,,9164,,,1762,,9774,419,,,251889,414.0,15145.0,,,243,54796,,7738,,,3458.0,,2217,359016,0.0455,,0.0498,,,0.00338,,0.119,0.00221,,,0.0802,0.000807,0.0668,,,0.00545,0.0394,,0.0332,,,0.00501,,0.00616,0.0381,0.0,0,,,0,0,,0,,,0,,0,0,,,0,,0,0,,0,,,0
3963,0,12605587456,2234,,9286,,,1698,,9898,419,,,253582,404.0,15284.0,,,250,55171,,7791,,,3482.0,,2217,361716,0.0455,,0.0516,,,0.00338,,0.12,0.00221,,,0.0849,0.000788,0.0674,,,0.00545,0.0397,,0.038,,,0.00501,,0.00616,0.0391,0.0,0,,,0,0,,0,,,0,,0,0,,,0,,0,0,,0,,,0
3963,0,12603097088,2234,,10162,,,2005,,9967,419,,,255812,395.0,16202.0,,,255,60797,,7843,,,3498.0,,2217,371806,0.0455,,0.0516,,,0.00338,,0.12,0.00225,,,0.0854,0.000766,0.068,,,0.00545,0.0399,,0.038,,,0.00518,,0.00616,0.0393,0.0,0,,,0,0,,0,,,0,,0,0,,,0,,0,0,,0,,,0
3963,0,12601851904,2234,,10232,,,2005,,10036,419,,,257610,386.0,16348.0,,,255,61207,,7862,,,3498.0,,2217,374309,0.0455,,0.0516,,,0.00338,,0.116,0.00225,,,0.0856,0.000747,0.0686,,,0.00545,0.0399,,0.038,,,0.00518,,0.00616,0.039,0.0,0,,,0,0,,0,,,0,,0,0,,,0,,0,0,,0,,,0
3963,0,12609114112,2234,,10303,,,2005,,10104,405,,,280596,369.0,16494.0,,,255,61667,,7862,,,3558.0,,2217,398068,0.0455,,0.0529,,,0.00338,,0.125,0.00218,,,0.0867,0.000728,0.0662,,,0.00545,0.0405,,0.038,,,0.00518,,0.00616,0.0398,0.0,0,,,0,0,,0,,,0,,0,0,,,0,,0,0,,0,,,0
3963,0,12616998912,2234,,10373,,,2086,,10173,432,,,282541,360.0,16640.0,,,255,62096,,8282,,,3582.0,,2317,401371,0.0455,,0.0529,,,0.00338,,0.125,0.0023,,,0.0873,0.000709,0.0662,,,0.00545,0.0408,,0.038,,,0.00518,,0.00616,0.0399,0.0,0,,,0,0,,0,,,0,,0,0,,,0,,0,0,,0,,,0
3868,0,12617904128,2293,,10443,,,2100,,10242,432,,,284486,351.0,16786.0,,,255,62524,,8479,,,3607.0,,2321,404319,0.0455,,0.0529,,,0.00338,,0.129,0.0023,,,0.0878,0.00069,0.0759,,,0.00548,0.0411,,0.0401,,,0.00533,,0.00616,0.0413,0.0,0,,,0,0,,0,,,0,,0,0,,,0,,0,0,,0,,,0
3868,0,12622544896,2486,,10513,,,2108,,11066,432,,,286431,342.0,16932.0,,,255,62953,,8537,,,3631.0,,2496,408184,0.0439,,0.0529,,,0.00362,,0.13,0.0023,,,0.0884,0.000671,0.0765,,,0.00548,0.0413,,0.0401,,,0.00533,,0.00616,0.0414,0.0,0,,,0,0,,0,,,0,,0,0,,,0,,0,0,,0,,,0
3809,0,12625616896,2503,,10537,,,2108,,11149,432,,,288376,333.0,17078.0,,,253,63381,,8595,,,3537.0,,2496,410780,0.0486,,0.0529,,,0.00362,,0.131,0.00232,,,0.089,0.000652,0.0772,,,0.00548,0.0402,,0.0401,,,0.00533,,0.00618,0.0419,0.0,0,,,0,0,,0,,,0,,0,0,,,0,,0,0,,0,,,0
3964,0,12628283392,2520,,11484,,,2108,,11228,432,,,290322,323.0,18076.0,,,262,68545,,8654,,,4087.0,,2496,420537,0.0486,,0.0529,,,0.00362,,0.131,0.00232,,,0.0949,0.000633,0.0779,,,0.00577,0.0445,,0.0401,,,0.00533,,0.00701,0.0429,0.0,0,,,0,0,,0,,,0,,0,0,,,0,,0,0,,0,,,0
3964,0,12629266432,2524,,11564,,,2038,,11307,432,,,312643,290.0,18229.0,,,252,69006,,8712,,,4097.0,,2496,443590,0.0486,,0.0552,,,0.00362,,0.131,0.00232,,,0.0959,0.000631,0.0785,,,0.00577,0.0448,,0.0386,,,0.00533,,0.00701,0.0431,0.0,0,,,0,0,,0,,,0,,0,0,,,0,,0,0,,0,,,0
3964,0,12629778432,2524,,11644,,,2284,,11386,443,,,314836,281.0,18382.0,,,270,69536,,8760,,,4097.0,,2496,446939,0.0486,,0.0552,,,0.00362,,0.131,0.00232,,,0.0966,0.000612,0.0792,,,0.00577,0.0451,,0.0441,,,0.0055,,0.00701,0.0437,0.0,0,,,0,0,,0,,,0,,0,0,,,0,,0,0,,0,,,0
3875,0,12629229568,2524,,11725,,,2284,,11938,443,,,317030,273.0,18535.0,,,270,70026,,8760,,,4173.0,,2605,450585,0.0486,,0.0535,,,0.00362,,0.135,0.00232,,,0.0972,0.000592,0.0799,,,0.00622,0.0455,,0.0441,,,0.0055,,0.00701,0.0441,0.0,0,,,0,0,,0,,,0,,0,0,,,0,,0,0,,0,,,0
3875,0,12636147712,2524,,11805,,,2362,,12020,443,,,319223,264.0,18688.0,,,270,70517,,8495,,,4202.0,,2623,453435,0.0486,,0.0531,,,0.00378,,0.135,0.00238,,,0.0979,0.000573,0.0805,,,0.00622,0.0458,,0.0441,,,0.0055,,0.00719,0.0442,0.0,0,,,0,0,,0,,,0,,0,0,,,0,,0,0,,0,,,0
3875,0,12645511168,2684,,11885,,,2362,,12102,443,,,321416,256.0,18842.0,,,270,71007,,9641,,,4231.0,,2628,457765,0.0486,,0.0596,,,0.00378,,0.14,0.00236,,,0.0985,0.000553,0.0778,,,0.00622,0.0462,,0.0469,,,0.00531,,0.00724,0.0452,0.0,0,,,0,0,,0,,,0,,0,0,,,0,,0,0,,0,,,0
3875,0,12649394176,2783,,12571,,,2362,,12185,443,,,323609,247.0,18995.0,,,270,71497,,9707,,,4259.0,,2628,461554,0.0506,,0.0596,,,0.00415,,0.141,0.00237,,,0.103,0.000319,0.0876,,,0.00622,0.0465,,0.0469,,,0.00574,,0.00746,0.0467,0.0,0,,,0,0,,0,,,0,,0,0,,,0,,0,0,,0,,,0
3950,0,12650553344,2802,,12655,,,2362,,12267,443,,,325803,239.0,19148.0,,,270,71988,,9772,,,4288.0,,2806,464841,0.049,,0.0611,,,0.00415,,0.142,0.00245,,,0.103,0.000374,0.0883,,,0.00622,0.0489,,0.049,,,0.00574,,0.00792,0.0473,0.0,0,,,0,0,,0,,,0,,0,0,,,0,,0,0,,0,,,0
3949,0,12649734144,2817,,12757,,,2552,,12349,443,,,327996,187.0,19301.0,,,276,70192,,9838,,,4301.0,,2806,465815,0.0506,,0.0611,,,0.00415,,0.142,0.00245,,,0.104,0.000359,0.089,,,0.00654,0.0492,,0.049,,,0.00574,,0.00792,0.0477,0.0,0,,,0,0,,0,,,0,,0,0,,,0,,0,0,,0,,,0
3949,0,12651548672,2817,,12847,,,2646,,12906,459,,,331004,180.0,18621.0,,,286,78479,,9864,,,4152.0,,2806,477068,0.0506,,0.0611,,,0.00415,,0.143,0.00245,,,0.105,0.000345,0.0897,,,0.00654,0.0496,,0.049,,,0.00574,,0.00792,0.0479,0.0,0,,,0,0,,0,,,0,,0,0,,,0,,0,0,,0,,,0
3949,0,12657270784,2817,,12937,,,2659,,12995,459,,,360752,174.0,20834.0,,,286,79006,,9864,,,4803.0,,2806,510391,0.0506,,0.0611,,,0.00415,,0.143,0.00245,,,0.106,0.000331,0.0905,,,0.00654,0.0499,,0.049,,,0.00588,,0.00792,0.0481,0.0,0,,,0,0,,0,,,0,,0,0,,,0,,0,0,,0,,,0
3885,0,12655181824,2817,,13027,,,2659,,13084,459,,,363229,167.0,20996.0,,,286,79621,,9864,,,4835.0,,2930,513975,0.0506,,0.0611,,,0.00432,,0.146,0.00245,,,0.106,0.000317,0.0912,,,0.00633,0.0503,,0.049,,,0.00588,,0.00792,0.0485,0.0,0,,,0,0,,0,,,0,,0,0,,,0,,0,0,,0,,,0
3965,0,12655239168,2817,,13117,,,2659,,13174,459,,,365706,160.0,21159.0,,,286,80181,,10694,,,4868.0,,2950,518231,0.0525,,0.0611,,,0.0046,,0.146,0.00249,,,0.107,0.000303,0.0962,,,0.00629,0.0506,,0.0511,,,0.00588,,0.00792,0.0494,0.0,0,,,0,0,,0,,,0,,0,0,,,0,,0,0,,0,,,0
3839,0,12670283776,3098,,13208,,,2659,,13263,459,,,368184,153.0,21322.0,,,286,80742,,10768,,,4901.0,,2970,522013,0.0525,,0.0653,,,0.0046,,0.151,0.00249,,,0.112,0.000288,0.097,,,0.00705,0.0508,,0.0511,,,0.00604,,0.00792,0.0507,0.0,0,,,0,0,,0,,,0,,0,0,,,0,,0,0,,0,,,0
3839,0,12734156800,3107,,12832,,,2659,,13353,464,,,370661,146.0,21485.0,,,290,81303,,10842,,,4905.0,,3102,525148,0.0524,,0.0653,,,0.0046,,0.152,0.00249,,,0.113,0.000274,0.0977,,,0.00705,0.0514,,0.0534,,,0.00604,,0.00822,0.0511,0.0,0,,,0,0,,0,,,0,,0,0,,,0,,0,0,,0,,,0
3839,0,12730925056,3107,,14413,,,2659,,13946,464,,,373831,140.0,21647.0,,,290,81863,,10916,,,4975.0,,3102,531354,0.0524,,0.0653,,,0.0046,,0.153,0.00245,,,0.114,0.00018,0.0985,,,0.00705,0.0501,,0.0534,,,0.00604,,0.00874,0.0513,0.0,0,,,0,0,,0,,,0,,0,0,,,0,,0,0,,0,,,0
3949,0,12740960256,3107,,14510,,,2779,,14070,464,,,376428,74.7,21810.0,,,290,82424,,10990,,,5010.0,,3102,535060,0.0524,,0.0653,,,0.0046,,0.154,0.00253,,,0.115,0.00017,0.0992,,,0.00742,0.0542,,0.0534,,,0.00624,,0.00874,0.0519,0.0,0,,,0,0,,0,,,0,,0,0,,,0,,0,0,,0,,,0
3949,0,12750942208,3107,,14570,,,3059,,14169,464,,,400688,71.0,21973.0,,,281,80204,,11064,,,5044.0,,3102,557796,0.0524,,0.0653,,,0.00483,,0.154,0.00253,,,0.115,0.00016,0.1,,,0.00742,0.0545,,0.0534,,,0.00624,,0.00874,0.0521,0.0,0,,,0,0,,0,,,0,,0,0,,,0,,0,0,,0,,,0
3949,0,12767551488,3208,,14717,,,3080,,14267,457,,,403434,67.2,22136.0,,,279,88601,,11500,,,5400.0,,3102,570248,0.0538,,0.0669,,,0.00506,,0.154,0.00253,,,0.116,0.00015,0.105,,,0.00742,0.0549,,0.0534,,,0.00624,,0.00874,0.0529,0.0,0,,,0,0,,0,,,0,,0,0,,,0,,0,0,,0,,,0
3967,0,12774838272,3343,,14818,,,3100,,14365,460,,,406179,63.4,23535.0,,,303,89195,,11500,,,5437.0,,3102,575402,0.0542,,0.0711,,,0.00506,,0.154,0.00256,,,0.117,0.000141,0.105,,,0.00742,0.0553,,0.0534,,,0.00635,,0.00874,0.0534,0.0,0,,,0,0,,0,,,0,,0,0,,,0,,0,0,,0,,,0
3871,0,12776181760,3365,,14919,,,3110,,14464,474,,,408925,59.7,23707.0,,,303,89859,,11701,,,5473.0,,3199,579559,0.056,,0.0711,,,0.00506,,0.157,0.00256,,,0.121,0.000131,0.106,,,0.00782,0.0557,,0.0534,,,0.00635,,0.00918,0.0543,0.0,0,,,0,0,,0,,,0,,0,0,,,0,,0,0,,0,,,0
3871,0,12774354944,3382,,15020,,,3110,,15035,474,,,411671,55.9,23878.0,,,302,90477,,11780,,,5488.0,,3270,583943,0.056,,0.0711,,,0.00506,,0.162,0.00256,,,0.122,0.000121,0.107,,,0.00782,0.0559,,0.06,,,0.00635,,0.00949,0.0554,0.0,0,,,0,0,,0,,,0,,0,0,,,0,,0,0,,0,,,0
3871,0,12775239680,3382,,15121,,,3110,,15137,459,,,415371,52.2,24050.0,,,312,91095,,11860,,,5488.0,,3430,588867,0.056,,0.0711,,,0.00506,,0.163,0.00256,,,0.123,0.000111,0.108,,,0.00782,0.0565,,0.06,,,0.00635,,0.00949,0.0557,0.0,0,,,0,0,,0,,,0,,0,0,,,0,,0,0,,0,,,0
3871,0,12775612416,3382,,15147,,,3110,,15238,487,,,418278,,24222.0,,,312,94735,,11915,,,5592.0,,3453,595871,0.056,,0.0711,,,0.00506,,0.164,0.00256,,,0.123,,0.109,,,0.00782,0.0569,,0.06,,,0.00635,,0.00949,0.0559,0.0,0,,,0,0,,0,,,0,,0,0,,,0,,0,0,,0,,,0
3985,0,12772900864,3382,,16225,,,3110,,15251,487,,,442104,,24394.0,,,312,95373,,11915,,,5631.0,,3455,621639,0.056,,0.0711,,,0.00531,,0.164,0.0026,,,0.124,,0.112,,,0.00823,0.0588,,0.06,,,0.0066,,0.00949,0.0566,0.0,0,,,0,0,,0,,,0,,0,0,,,0,,0,0,,0,,,0
3910,0,12768710656,3382,,16339,,,3236,,15473,487,,,445156,,25241.0,,,312,96082,,11915,,,5669.0,,3455,626746,0.056,,0.0731,,,0.00531,,0.164,0.0026,,,0.125,,0.113,,,0.00823,0.0592,,0.06,,,0.0066,,0.00949,0.0569,0.0,0,,,0,0,,0,,,0,,0,0,,,0,,0,0,,0,,,0
4003,0,12776005632,3494,,16453,,,3578,,15581,487,,,448207,,25418.0,,,326,96747,,11779,,,6006.0,,3455,631533,0.056,,0.0731,,,0.00573,,0.164,0.0026,,,0.126,,0.114,,,0.00823,0.0596,,0.0619,,,0.0066,,0.00949,0.0573,0.0,0,,,0,0,,0,,,0,,0,0,,,0,,0,0,,0,,,0
4003,0,12769267712,3425,,16567,,,3603,,16107,483,,,451259,,25594.0,,,326,97413,,12903,,,6047.0,,3455,637182,0.0563,,0.0731,,,0.00573,,0.164,0.00252,,,0.123,,0.115,,,0.00823,0.06,,0.0619,,,0.00638,,0.00991,0.0572,0.0,0,,,0,0,,0,,,0,,0,0,,,0,,0,0,,0,,,0
3933,0,12773953536,3700,,16681,,,3627,,16219,500,,,454310,,25771.0,,,326,98078,,12991,,,6059.0,,3455,641717,0.0576,,0.0774,,,0.00573,,0.171,0.0025,,,0.131,,0.115,,,0.00795,0.0604,,0.0619,,,0.00676,,0.00995,0.059,0.0,0,,,0,0,,0,,,0,,0,0,,,0,,0,0,,0,,,0
3872,0,12775997440,3725,,16794,,,3646,,16330,500,,,457362,,25947.0,,,326,98744,,13080,,,6134.0,,3586,646173,0.058,,0.0774,,,0.00573,,0.172,0.00265,,,0.132,,0.116,,,0.00875,0.0609,,0.0619,,,0.00676,,0.0104,0.0594,0.0,0,,,0,0,,0,,,0,,0,0,,,0,,0,0,,0,,,0
3872,0,12697198592,3750,,16908,,,3646,,16442,500,,,476198,,26124.0,,,335,103032,,13168,,,6176.0,,3468,669747,0.0599,,0.0774,,,0.00573,,0.173,0.00267,,,0.133,,0.117,,,0.00875,0.0613,,0.0641,,,0.00676,,0.0104,0.06,0.0,0,,,0,0,,0,,,0,,0,0,,,0,,0,0,,0,,,0
3872,0,12697862144,3763,,17022,,,3646,,16553,482,,,479523,,26300.0,,,335,103749,,13257,,,6218.0,,3713,674562,0.0599,,0.0789,,,0.00573,,0.173,0.00276,,,0.134,,0.118,,,0.00875,0.0637,,0.0641,,,0.00676,,0.0104,0.0605,0.0,0,,,0,0,,0,,,0,,0,0,,,0,,0,0,,0,,,0
3872,0,12690169856,3763,,17720,,,3646,,16665,500,,,482849,,26528.0,,,335,104466,,13265,,,6260.0,,3713,679710,0.0599,,0.0789,,,0.00601,,0.173,0.00276,,,0.135,,0.114,,,0.00875,0.0641,,0.0641,,,0.00702,,0.0104,0.0604,,0,,,0,0,,0,,,0,,0,0,,,0,,0,0,,0,,,0
3914,142,12689408000,3763,,17916,,,3741,,16730,500,,,486174,,26711.0,,,335,105182,,13265,,,6501.0,,3713,684532,0.0599,,0.0789,,,0.00601,,0.173,0.00276,,,0.136,,0.125,,,0.00902,0.0646,,0.0661,,,0.00711,,0.0104,0.0615,,0,,,0,0,,0,,,0,,0,0,,,0,,0,0,,0,,,0
3980,286,12691775488,3763,,18043,,,3870,,16940,500,,,489499,,25922.0,,,336,105899,,13565,,,6544.0,,3713,688595,0.0599,,0.0789,,,0.0063,,0.178,0.00276,,,0.137,,0.126,,,0.00932,0.065,,0.0661,,,0.00711,,0.0107,0.0623,,0,,,0,0,,0,,,0,,0,0,,,0,,0,0,,0,,,0
3896,288,12692750336,3968,,18169,,,3891,,16516,500,,,492825,,28170.0,,,336,106616,,13199,,,6545.0,,3849,694583,0.0579,,0.0789,,,0.0063,,0.18,0.00283,,,0.141,,0.126,,,0.00933,0.0652,,0.0687,,,0.00711,,0.0109,0.0628,,0,,,0,0,,0,,,0,,0,0,,,0,,0,0,,0,,,0
3896,291,12694827008,3995,,18295,,,3891,,16516,505,,,496150,,28361.0,,,346,107332,,14203,,,6641.0,,3849,700084,0.0588,,0.0832,,,0.0063,,0.175,0.00283,,,0.142,,0.127,,,0.00933,0.066,,0.0687,,,0.00711,,0.011,0.0631,,0,,,0,0,,0,,,0,,0,0,,,0,,0,0,,0,,,0
3896,294,12699123712,4022,,18422,,,3891,,17796,505,,,501191,,28552.0,,,346,110453,,14300,,,6687.0,,3849,710013,0.0588,,0.0832,,,0.0063,,0.183,0.00283,,,0.142,,0.127,,,0.00933,0.0664,,0.0687,,,0.00711,,0.0107,0.0638,,0,,,0,0,,0,,,0,,0,0,,,0,,0,0,,0,,,0
3896,297,12695429120,4030,,18548,,,3891,,17918,505,,,486933,,28781.0,,,346,111218,,14398,,,6875.0,,3849,697292,0.0609,,0.0832,,,0.0063,,0.183,0.00283,,,0.144,,0.13,,,0.00933,0.0669,,0.0687,,,0.00711,,0.0113,0.0644,,0,,,0,0,,0,,,0,,0,0,,,0,,0,0,,0,,,0
3956,291,12700131328,4030,,19153,,,4063,,18040,509,,,526967,,28984.0,,,346,111983,,14495,,,6922.0,,3849,739341,0.0609,,0.0806,,,0.00666,,0.183,0.00292,,,0.145,,0.13,,,0.00933,0.0652,,0.0701,,,0.00717,,0.0113,0.0643,,0,,,0,0,,0,,,0,,0,0,,,0,,0,0,,0,,,0
4022,293,12728631296,4030,,19283,,,4201,,18162,509,,,530638,,29186.0,,,346,112749,,14592,,,6969.0,,4086,744751,0.0609,,0.08,,,0.00666,,0.183,0.00292,,,0.146,,0.13,,,0.00933,0.0692,,0.0701,,,0.00717,,0.0113,0.0647,,0,,,0,0,,0,,,0,,0,0,,,0,,0,0,,0,,,0
