"Time","sum(rate(container_network_transmit_bytes_total{namespace=""default""}[5m]))"
2024-06-17 11:25:22,7569
2024-06-17 11:25:24,7552
2024-06-17 11:25:26,7574
2024-06-17 11:25:28,9021
2024-06-17 11:25:30,8999
2024-06-17 11:25:32,9307
2024-06-17 11:25:34,9505
2024-06-17 11:25:36,10658
2024-06-17 11:25:38,11308
2024-06-17 11:25:40,11641
2024-06-17 11:25:42,21428
2024-06-17 11:25:44,21641
2024-06-17 11:25:46,22975
2024-06-17 11:25:48,23032
2024-06-17 11:25:50,24175
2024-06-17 11:25:52,28337
2024-06-17 11:25:54,44008
2024-06-17 11:25:56,44229
2024-06-17 11:25:58,46405
2024-06-17 11:26:00,46893
2024-06-17 11:26:02,51609
2024-06-17 11:26:04,52433
2024-06-17 11:26:06,73333
2024-06-17 11:26:08,73738
2024-06-17 11:26:10,77398
2024-06-17 11:26:12,78901
2024-06-17 11:26:14,79287
2024-06-17 11:26:16,79529
2024-06-17 11:26:18,86637
2024-06-17 11:26:20,116086
2024-06-17 11:26:22,117502
2024-06-17 11:26:24,118446
2024-06-17 11:26:26,122810
2024-06-17 11:26:28,122945
2024-06-17 11:26:30,124232
2024-06-17 11:26:32,131081
2024-06-17 11:26:34,133436
2024-06-17 11:26:36,178559
2024-06-17 11:26:38,180958
2024-06-17 11:26:40,181196
2024-06-17 11:26:42,182753
2024-06-17 11:26:44,183824
2024-06-17 11:26:46,184722
2024-06-17 11:26:48,185036
2024-06-17 11:26:50,214263
2024-06-17 11:26:52,234203
2024-06-17 11:26:54,235793
2024-06-17 11:26:56,236248
2024-06-17 11:26:58,236750
2024-06-17 11:27:00,238003
2024-06-17 11:27:02,238452
2024-06-17 11:27:04,249970
2024-06-17 11:27:06,283373
2024-06-17 11:27:08,296908
2024-06-17 11:27:10,297490
2024-06-17 11:27:12,298883
2024-06-17 11:27:14,299284
2024-06-17 11:27:16,299288
2024-06-17 11:27:18,301110
2024-06-17 11:27:20,316670
2024-06-17 11:27:22,318574
2024-06-17 11:27:24,350519
2024-06-17 11:27:26,350567
2024-06-17 11:27:28,361683
2024-06-17 11:27:30,362617
2024-06-17 11:27:32,363870
2024-06-17 11:27:34,367293
2024-06-17 11:27:36,380391
2024-06-17 11:27:38,406826
2024-06-17 11:27:40,413118
2024-06-17 11:27:42,414365
2024-06-17 11:27:44,414966
2024-06-17 11:27:46,415597
2024-06-17 11:27:48,433739
2024-06-17 11:27:50,437813
2024-06-17 11:27:52,437630
2024-06-17 11:27:54,440629
2024-06-17 11:27:56,468067
2024-06-17 11:27:58,476477
2024-06-17 11:28:00,477608
2024-06-17 11:28:02,478333
2024-06-17 11:28:04,495145
2024-06-17 11:28:06,495259
2024-06-17 11:28:08,495381
2024-06-17 11:28:10,500066
2024-06-17 11:28:12,502980
2024-06-17 11:28:14,531977
2024-06-17 11:28:16,544588
2024-06-17 11:28:18,562458
2024-06-17 11:28:20,562892
2024-06-17 11:28:22,567350
2024-06-17 11:28:24,569867
2024-06-17 11:28:26,569352
2024-06-17 11:28:28,571107
2024-06-17 11:28:30,564386
2024-06-17 11:28:32,599480
2024-06-17 11:28:34,600313
2024-06-17 11:28:36,627543
2024-06-17 11:28:38,628491
2024-06-17 11:28:40,631020
2024-06-17 11:28:42,637788
2024-06-17 11:28:44,639964
2024-06-17 11:28:46,640425
2024-06-17 11:28:48,626786
2024-06-17 11:28:50,663826
2024-06-17 11:28:52,686533
2024-06-17 11:28:54,686099
2024-06-17 11:28:56,695916
2024-06-17 11:28:58,702757
2024-06-17 11:29:00,702424
2024-06-17 11:29:02,703668
2024-06-17 11:29:04,706659
2024-06-17 11:29:06,738500
2024-06-17 11:29:08,747002
2024-06-17 11:29:10,747089
2024-06-17 11:29:12,749895
2024-06-17 11:29:14,751826
2024-06-17 11:29:16,752625
2024-06-17 11:29:18,752893
2024-06-17 11:29:20,752630
2024-06-17 11:29:22,751552
2024-06-17 11:29:24,753151
2024-06-17 11:29:26,763106
2024-06-17 11:29:28,764909
2024-06-17 11:29:30,765114
2024-06-17 11:29:32,764649
2024-06-17 11:29:34,764158
2024-06-17 11:29:36,764787
2024-06-17 11:29:38,764365
2024-06-17 11:29:40,771824
2024-06-17 11:29:42,772059
2024-06-17 11:29:44,780437
2024-06-17 11:29:46,792463
2024-06-17 11:29:48,792654
2024-06-17 11:29:50,793150
2024-06-17 11:29:52,798479
2024-06-17 11:29:54,799141
2024-06-17 11:29:56,819116
2024-06-17 11:29:58,824267
2024-06-17 11:30:00,845048
2024-06-17 11:30:02,847509
2024-06-17 11:30:04,853676
2024-06-17 11:30:06,850746
2024-06-17 11:30:08,863752
2024-06-17 11:30:10,864030
2024-06-17 11:30:12,865733
2024-06-17 11:30:14,867796
2024-06-17 11:30:16,892371
2024-06-17 11:30:18,899738
2024-06-17 11:30:20,905831
2024-06-17 11:30:22,906409
2024-06-17 11:30:24,912364
2024-06-17 11:30:26,914296
2024-06-17 11:30:28,934536
2024-06-17 11:30:30,935030
2024-06-17 11:30:32,946493
2024-06-17 11:30:34,947131
2024-06-17 11:30:36,953333
2024-06-17 11:30:38,952225
2024-06-17 11:30:40,954604
2024-06-17 11:30:42,971003
2024-06-17 11:30:44,971074
2024-06-17 11:30:46,972264
2024-06-17 11:30:48,951453
2024-06-17 11:30:50,947362
2024-06-17 11:30:52,984241
2024-06-17 11:30:54,996636
2024-06-17 11:30:56,999733
2024-06-17 11:30:58,1000950
2024-06-17 11:31:00,1001291
2024-06-17 11:31:02,1008928
2024-06-17 11:31:04,1009024
2024-06-17 11:31:06,1012170
2024-06-17 11:31:08,1012513
2024-06-17 11:31:10,1014510
2024-06-17 11:31:12,1013585
2024-06-17 11:31:14,1016696
2024-06-17 11:31:16,1016600
2024-06-17 11:31:18,1016214
2024-06-17 11:31:20,1013666
2024-06-17 11:31:22,1012771
2024-06-17 11:31:24,1011575
2024-06-17 11:31:26,978358
2024-06-17 11:31:28,972695
2024-06-17 11:31:30,970844
2024-06-17 11:31:32,964890
2024-06-17 11:31:34,969379
2024-06-17 11:31:36,965400
2024-06-17 11:31:38,950121
2024-06-17 11:31:40,950121
2024-06-17 11:31:42,949897
2024-06-17 11:31:44,945823
2024-06-17 11:31:46,945117
2024-06-17 11:31:48,943482
2024-06-17 11:31:50,930682
2024-06-17 11:31:52,928711
2024-06-17 11:31:54,928361
2024-06-17 11:31:56,928083
2024-06-17 11:31:58,927973
2024-06-17 11:32:00,922415
2024-06-17 11:32:02,927037
2024-06-17 11:32:04,925830
2024-06-17 11:32:06,920472
2024-06-17 11:32:08,912520
2024-06-17 11:32:10,913278
2024-06-17 11:32:12,917475
2024-06-17 11:32:14,917567
2024-06-17 11:32:16,919476
2024-06-17 11:32:18,919920
2024-06-17 11:32:20,918852
2024-06-17 11:32:22,897336
2024-06-17 11:32:24,921651
2024-06-17 11:32:26,921651
2024-06-17 11:32:28,922995
2024-06-17 11:32:30,922343
2024-06-17 11:32:32,923258
2024-06-17 11:32:34,922472
2024-06-17 11:32:36,923998
2024-06-17 11:32:38,895537
2024-06-17 11:32:40,891710
2024-06-17 11:32:42,933207
2024-06-17 11:32:44,933709
2024-06-17 11:32:46,933599
2024-06-17 11:32:48,934400
2024-06-17 11:32:50,934347
2024-06-17 11:32:52,935312
2024-06-17 11:32:54,934329
2024-06-17 11:32:56,907579
2024-06-17 11:32:58,904972
2024-06-17 11:33:00,946862
2024-06-17 11:33:02,946823
2024-06-17 11:33:04,946501
2024-06-17 11:33:06,947076
2024-06-17 11:33:08,946740
2024-06-17 11:33:10,944061
2024-06-17 11:33:12,940178
2024-06-17 11:33:14,934103
2024-06-17 11:33:16,914918
2024-06-17 11:33:18,914763
2024-06-17 11:33:20,913127
2024-06-17 11:33:22,911503
2024-06-17 11:33:24,910113
2024-06-17 11:33:26,910032
2024-06-17 11:33:28,908576
2024-06-17 11:33:30,901029
2024-06-17 11:33:32,837264
2024-06-17 11:33:34,857780
2024-06-17 11:33:36,848750
2024-06-17 11:33:38,852941
2024-06-17 11:33:40,851455
2024-06-17 11:33:42,830258
2024-06-17 11:33:44,827807
2024-06-17 11:33:46,822033
2024-06-17 11:33:48,821098
2024-06-17 11:33:50,798125
2024-06-17 11:33:52,815610
2024-06-17 11:33:54,815288
2024-06-17 11:33:56,793397
2024-06-17 11:33:58,796714
2024-06-17 11:34:00,796651
2024-06-17 11:34:02,795705
2024-06-17 11:34:04,792027
2024-06-17 11:34:06,790645
2024-06-17 11:34:08,782301
2024-06-17 11:34:10,787114
2024-06-17 11:34:12,803303
2024-06-17 11:34:14,805079
2024-06-17 11:34:16,804963
2024-06-17 11:34:18,804431
2024-06-17 11:34:20,804114
2024-06-17 11:34:22,784454
2024-06-17 11:34:24,780292
2024-06-17 11:34:26,764903
2024-06-17 11:34:28,769002
2024-06-17 11:34:30,786629
2024-06-17 11:34:32,783550
2024-06-17 11:34:34,783249
2024-06-17 11:34:36,766141
2024-06-17 11:34:38,765775
2024-06-17 11:34:40,765775
2024-06-17 11:34:42,763200
2024-06-17 11:34:44,761415
2024-06-17 11:34:46,757374
2024-06-17 11:34:48,746384
2024-06-17 11:34:50,738543
2024-06-17 11:34:52,741568
2024-06-17 11:34:54,740343
2024-06-17 11:34:56,729481
2024-06-17 11:34:58,720625
2024-06-17 11:35:00,719304
2024-06-17 11:35:02,719782
2024-06-17 11:35:04,714910
2024-06-17 11:35:06,715189
2024-06-17 11:35:08,698982
2024-06-17 11:35:10,698772
2024-06-17 11:35:12,689082
2024-06-17 11:35:14,684374
2024-06-17 11:35:16,685603
2024-06-17 11:35:18,666120
2024-06-17 11:35:20,665354
2024-06-17 11:35:22,663164
2024-06-17 11:35:24,659057
2024-06-17 11:35:26,659095
2024-06-17 11:35:28,653350
2024-06-17 11:35:30,651316
2024-06-17 11:35:32,602738
2024-06-17 11:35:34,605571
2024-06-17 11:35:36,606578
2024-06-17 11:35:38,610154
2024-06-17 11:35:40,607685
2024-06-17 11:35:42,608603
2024-06-17 11:35:44,595638
2024-06-17 11:35:46,592763
2024-06-17 11:35:48,604803
2024-06-17 11:35:50,603412
2024-06-17 11:35:52,584661
2024-06-17 11:35:54,578942
2024-06-17 11:35:56,576164
2024-06-17 11:35:58,576578
2024-06-17 11:36:00,575900
2024-06-17 11:36:02,562399
2024-06-17 11:36:04,546851
2024-06-17 11:36:06,564125
2024-06-17 11:36:08,563688
2024-06-17 11:36:10,565256
2024-06-17 11:36:12,570419
2024-06-17 11:36:14,585537
2024-06-17 11:36:16,585866
2024-06-17 11:36:18,586439
2024-06-17 11:36:20,586622
2024-06-17 11:36:22,590354
2024-06-17 11:36:24,590835
2024-06-17 11:36:26,595308
2024-06-17 11:36:28,594919
2024-06-17 11:36:30,596170
2024-06-17 11:36:32,596189
2024-06-17 11:36:34,596477
2024-06-17 11:36:36,596580
2024-06-17 11:36:38,580429
2024-06-17 11:36:40,598870
2024-06-17 11:36:42,598101
2024-06-17 11:36:44,592008
2024-06-17 11:36:46,593565
2024-06-17 11:36:48,593004
2024-06-17 11:36:50,579133
2024-06-17 11:36:52,580174
2024-06-17 11:36:54,585545
2024-06-17 11:36:56,585909
2024-06-17 11:36:58,585225
2024-06-17 11:37:00,585370
2024-06-17 11:37:02,579531
2024-06-17 11:37:04,580698
2024-06-17 11:37:06,563001
2024-06-17 11:37:08,563267
2024-06-17 11:37:10,562938
2024-06-17 11:37:12,561290
2024-06-17 11:37:14,561372
2024-06-17 11:37:16,557072
2024-06-17 11:37:18,555109
2024-06-17 11:37:20,553118
2024-06-17 11:37:22,567571
2024-06-17 11:37:24,525278
2024-06-17 11:37:26,536617
2024-06-17 11:37:28,532792
2024-06-17 11:37:30,532771
2024-06-17 11:37:32,540134
2024-06-17 11:37:34,539662
2024-06-17 11:37:36,538036
2024-06-17 11:37:38,536910
2024-06-17 11:37:40,535760
2024-06-17 11:37:42,486927
2024-06-17 11:37:44,509334
2024-06-17 11:37:46,509237
2024-06-17 11:37:48,508199
2024-06-17 11:37:50,504803
2024-06-17 11:37:52,506077
2024-06-17 11:37:54,506223
2024-06-17 11:37:56,501915
2024-06-17 11:37:58,511243
2024-06-17 11:38:00,525828
2024-06-17 11:38:02,526405
2024-06-17 11:38:04,526757
2024-06-17 11:38:06,527492
2024-06-17 11:38:08,527917
2024-06-17 11:38:10,529880
2024-06-17 11:38:12,530073
2024-06-17 11:38:14,526371
2024-06-17 11:38:16,545901
2024-06-17 11:38:18,580373
2024-06-17 11:38:20,582900
2024-06-17 11:38:22,582937
2024-06-17 11:38:24,584035
2024-06-17 11:38:26,585188
2024-06-17 11:38:28,590316
2024-06-17 11:38:30,595157
2024-06-17 11:38:32,622657
2024-06-17 11:38:34,622624
2024-06-17 11:38:36,623465
2024-06-17 11:38:38,624766
2024-06-17 11:38:40,625977
2024-06-17 11:38:42,641463
2024-06-17 11:38:44,645579
2024-06-17 11:38:46,661476
2024-06-17 11:38:48,664310
2024-06-17 11:38:50,667792
2024-06-17 11:38:52,668405
2024-06-17 11:38:54,668836
2024-06-17 11:38:56,685898
2024-06-17 11:38:58,686158
2024-06-17 11:39:00,703958
2024-06-17 11:39:02,704806
2024-06-17 11:39:04,705492
2024-06-17 11:39:06,709131
2024-06-17 11:39:08,727126
2024-06-17 11:39:10,727257
2024-06-17 11:39:12,731093
2024-06-17 11:39:14,731229
2024-06-17 11:39:16,718660
2024-06-17 11:39:18,715507
2024-06-17 11:39:20,754834
2024-06-17 11:39:22,758147
2024-06-17 11:39:24,772901
2024-06-17 11:39:26,774520
2024-06-17 11:39:28,776156
2024-06-17 11:39:30,779637
2024-06-17 11:39:32,795205
2024-06-17 11:39:34,795403
2024-06-17 11:39:36,808646
2024-06-17 11:39:38,809451
2024-06-17 11:39:40,810640
2024-06-17 11:39:42,816385
2024-06-17 11:39:44,819202
2024-06-17 11:39:46,819363
2024-06-17 11:39:48,847561
2024-06-17 11:39:50,848443
2024-06-17 11:39:52,849255
2024-06-17 11:39:54,850343
2024-06-17 11:39:56,851720
2024-06-17 11:39:58,868975
2024-06-17 11:40:00,873595
2024-06-17 11:40:02,873906
2024-06-17 11:40:04,890919
2024-06-17 11:40:06,894400
2024-06-17 11:40:08,896368
2024-06-17 11:40:10,897122
2024-06-17 11:40:12,913334
2024-06-17 11:40:14,913356
2024-06-17 11:40:16,913170
2024-06-17 11:40:18,933631
2024-06-17 11:40:20,933949
2024-06-17 11:40:22,934044
2024-06-17 11:40:24,933282
2024-06-17 11:40:26,937336
2024-06-17 11:40:28,932226
2024-06-17 11:40:30,947950
2024-06-17 11:40:32,968686
2024-06-17 11:40:34,966702
2024-06-17 11:40:36,966562
2024-06-17 11:40:38,976884
2024-06-17 11:40:40,977416
2024-06-17 11:40:42,978178
2024-06-17 11:40:44,978789
2024-06-17 11:40:46,973200
2024-06-17 11:40:48,966007
2024-06-17 11:40:50,991553
2024-06-17 11:40:52,986764
2024-06-17 11:40:54,987411
2024-06-17 11:40:56,984171
2024-06-17 11:40:58,983344
2024-06-17 11:41:00,983203
2024-06-17 11:41:02,951847
2024-06-17 11:41:04,949289
2024-06-17 11:41:06,960898
2024-06-17 11:41:08,961278
2024-06-17 11:41:10,956650
2024-06-17 11:41:12,956857
2024-06-17 11:41:14,956261
2024-06-17 11:41:16,929539
2024-06-17 11:41:18,929691
2024-06-17 11:41:20,929330
2024-06-17 11:41:22,914618
2024-06-17 11:41:24,933412
2024-06-17 11:41:26,933699
2024-06-17 11:41:28,934972
2024-06-17 11:41:30,918680
2024-06-17 11:41:32,917631
2024-06-17 11:41:34,914538
2024-06-17 11:41:36,914569
2024-06-17 11:41:38,913001
2024-06-17 11:41:40,921717
2024-06-17 11:41:42,907926
2024-06-17 11:41:44,908251
2024-06-17 11:41:46,907421
2024-06-17 11:41:48,907303
2024-06-17 11:41:50,907584
2024-06-17 11:41:52,902488
2024-06-17 11:41:54,908080
2024-06-17 11:41:56,907436
2024-06-17 11:41:58,885386
2024-06-17 11:42:00,891008
2024-06-17 11:42:02,891508
2024-06-17 11:42:04,887781
2024-06-17 11:42:06,893098
2024-06-17 11:42:08,892434
2024-06-17 11:42:10,892573
2024-06-17 11:42:12,892180
2024-06-17 11:42:14,891972
2024-06-17 11:42:16,882290
2024-06-17 11:42:18,879804
2024-06-17 11:42:20,879810
2024-06-17 11:42:22,877117
2024-06-17 11:42:24,880710
2024-06-17 11:42:26,880154
2024-06-17 11:42:28,880260
2024-06-17 11:42:30,880353
2024-06-17 11:42:32,874165
2024-06-17 11:42:34,872616
2024-06-17 11:42:36,872972
2024-06-17 11:42:38,872861
2024-06-17 11:42:40,867709
2024-06-17 11:42:42,869657
2024-06-17 11:42:44,869405
2024-06-17 11:42:46,869427
2024-06-17 11:42:48,869441
2024-06-17 11:42:50,864420
2024-06-17 11:42:52,862504
2024-06-17 11:42:54,866603
2024-06-17 11:42:56,866522
2024-06-17 11:42:58,862696
2024-06-17 11:43:00,840840
2024-06-17 11:43:02,859007
2024-06-17 11:43:04,860083
2024-06-17 11:43:06,859816
2024-06-17 11:43:08,858577
2024-06-17 11:43:10,836347
2024-06-17 11:43:12,859726
2024-06-17 11:43:14,860777
2024-06-17 11:43:16,859353
2024-06-17 11:43:18,853956
2024-06-17 11:43:20,849599
2024-06-17 11:43:22,849348
2024-06-17 11:43:24,853193
2024-06-17 11:43:26,854697
2024-06-17 11:43:28,855553
2024-06-17 11:43:30,855642
2024-06-17 11:43:32,849480
2024-06-17 11:43:34,851128
2024-06-17 11:43:36,850850
2024-06-17 11:43:38,850892
2024-06-17 11:43:40,855545
2024-06-17 11:43:42,855493
2024-06-17 11:43:44,855052
2024-06-17 11:43:46,845634
2024-06-17 11:43:48,846019
2024-06-17 11:43:50,846257
2024-06-17 11:43:52,845327
2024-06-17 11:43:54,850947
2024-06-17 11:43:56,848653
2024-06-17 11:43:58,847818
2024-06-17 11:44:00,811078
2024-06-17 11:44:02,812340
2024-06-17 11:44:04,844767
2024-06-17 11:44:06,844813
2024-06-17 11:44:08,844627
2024-06-17 11:44:10,842549
2024-06-17 11:44:12,840444
2024-06-17 11:44:14,841494
2024-06-17 11:44:16,842069
2024-06-17 11:44:18,844214
2024-06-17 11:44:20,846035
2024-06-17 11:44:22,846183
2024-06-17 11:44:24,846600
2024-06-17 11:44:26,842204
2024-06-17 11:44:28,842066
2024-06-17 11:44:30,842443
2024-06-17 11:44:32,828703
2024-06-17 11:44:34,841235
2024-06-17 11:44:36,840822
2024-06-17 11:44:38,841471
2024-06-17 11:44:40,840711
2024-06-17 11:44:42,837838
2024-06-17 11:44:44,837043
2024-06-17 11:44:46,840392
2024-06-17 11:44:48,821459
2024-06-17 11:44:50,834017
2024-06-17 11:44:52,833336
2024-06-17 11:44:54,830872
2024-06-17 11:44:56,830631
2024-06-17 11:44:58,829385
2024-06-17 11:45:00,838402
2024-06-17 11:45:02,835100
2024-06-17 11:45:04,824122
2024-06-17 11:45:06,821610
2024-06-17 11:45:08,820002
2024-06-17 11:45:10,819751
2024-06-17 11:45:12,819837
2024-06-17 11:45:14,819824
2024-06-17 11:45:16,800481
2024-06-17 11:45:18,812026
2024-06-17 11:45:20,818477
2024-06-17 11:45:22,818192
2024-06-17 11:45:24,817934
2024-06-17 11:45:26,817769
2024-06-17 11:45:28,817854
2024-06-17 11:45:30,818099
2024-06-17 11:45:32,819024
2024-06-17 11:45:34,801124
2024-06-17 11:45:36,830675
2024-06-17 11:45:38,842998
2024-06-17 11:45:40,848061
2024-06-17 11:45:42,848511
2024-06-17 11:45:44,849132
2024-06-17 11:45:46,877150
2024-06-17 11:45:48,878540
2024-06-17 11:45:50,880408
2024-06-17 11:45:52,862261
2024-06-17 11:45:54,854498
2024-06-17 11:45:56,896457
2024-06-17 11:45:58,905653
2024-06-17 11:46:00,906512
2024-06-17 11:46:02,931687
2024-06-17 11:46:04,933881
2024-06-17 11:46:06,935208
2024-06-17 11:46:08,937231
2024-06-17 11:46:10,940890
2024-06-17 11:46:12,951723
2024-06-17 11:46:14,951765
2024-06-17 11:46:16,970655
2024-06-17 11:46:18,971469
2024-06-17 11:46:20,971543
2024-06-17 11:46:22,977163
2024-06-17 11:46:24,985791
2024-06-17 11:46:26,985728
2024-06-17 11:46:28,986246
2024-06-17 11:46:30,1001774
2024-06-17 11:46:32,1000820
2024-06-17 11:46:34,1000453
2024-06-17 11:46:36,1008561
2024-06-17 11:46:38,1012263
2024-06-17 11:46:40,1014154
2024-06-17 11:46:42,1011706
2024-06-17 11:46:44,1036360
2024-06-17 11:46:46,1037655
2024-06-17 11:46:48,1039735
2024-06-17 11:46:50,1039572
2024-06-17 11:46:52,1016716
2024-06-17 11:46:54,1050149
2024-06-17 11:46:56,1050168
2024-06-17 11:46:58,1051204
2024-06-17 11:47:00,1068506
2024-06-17 11:47:02,1067625
2024-06-17 11:47:04,1069505
2024-06-17 11:47:06,1071813
2024-06-17 11:47:08,1070991
2024-06-17 11:47:10,1047744
2024-06-17 11:47:12,1076438
2024-06-17 11:47:14,1071996
2024-06-17 11:47:16,1091206
2024-06-17 11:47:18,1093740
2024-06-17 11:47:20,1094709
2024-06-17 11:47:22,1095455
2024-06-17 11:47:24,1096025
2024-06-17 11:47:26,1094647
2024-06-17 11:47:28,1088516
2024-06-17 11:47:30,1088867
2024-06-17 11:47:32,1097520
2024-06-17 11:47:34,1093008
2024-06-17 11:47:36,1097925
2024-06-17 11:47:38,1098614
2024-06-17 11:47:40,1098489
2024-06-17 11:47:42,1095934
2024-06-17 11:47:44,1050547
2024-06-17 11:47:46,1049226
2024-06-17 11:47:48,1048143
2024-06-17 11:47:50,1047080
2024-06-17 11:47:52,1046886
2024-06-17 11:47:54,1024278
2024-06-17 11:47:56,1048511
2024-06-17 11:47:58,1049362
2024-06-17 11:48:00,1023644
2024-06-17 11:48:02,1006849
2024-06-17 11:48:04,1000890
2024-06-17 11:48:06,999334
2024-06-17 11:48:08,1003519
2024-06-17 11:48:10,1003540
2024-06-17 11:48:12,993871
2024-06-17 11:48:14,966256
2024-06-17 11:48:16,967266
2024-06-17 11:48:18,966215
2024-06-17 11:48:20,964508
2024-06-17 11:48:22,964320
2024-06-17 11:48:24,962901
2024-06-17 11:48:26,957294
2024-06-17 11:48:28,952298
2024-06-17 11:48:30,950402
2024-06-17 11:48:32,927672
2024-06-17 11:48:34,917781
2024-06-17 11:48:36,916701
2024-06-17 11:48:38,915541
2024-06-17 11:48:40,907790
2024-06-17 11:48:42,906869
2024-06-17 11:48:44,888644
2024-06-17 11:48:46,883187
2024-06-17 11:48:48,886370
2024-06-17 11:48:50,885462
2024-06-17 11:48:52,882665
2024-06-17 11:48:54,875139
2024-06-17 11:48:56,874294
2024-06-17 11:48:58,852696
2024-06-17 11:49:00,851174
2024-06-17 11:49:02,849771
2024-06-17 11:49:04,833987
2024-06-17 11:49:06,833512
2024-06-17 11:49:08,833269
2024-06-17 11:49:10,829196
2024-06-17 11:49:12,812784
2024-06-17 11:49:14,813123
2024-06-17 11:49:16,809912
2024-06-17 11:49:18,805050
2024-06-17 11:49:20,792542
2024-06-17 11:49:22,792972
2024-06-17 11:49:24,780741
2024-06-17 11:49:26,780741
2024-06-17 11:49:28,777236
2024-06-17 11:49:30,776600
2024-06-17 11:49:32,772893
2024-06-17 11:49:34,758307
2024-06-17 11:49:36,756406
2024-06-17 11:49:38,745706
2024-06-17 11:49:40,745610
2024-06-17 11:49:42,744023
2024-06-17 11:49:44,744023
2024-06-17 11:49:46,739724
2024-06-17 11:49:48,739154
2024-06-17 11:49:50,726650
2024-06-17 11:49:52,726395
2024-06-17 11:49:54,709380
2024-06-17 11:49:56,704742
2024-06-17 11:49:58,710293
2024-06-17 11:50:00,675292
2024-06-17 11:50:02,689973
2024-06-17 11:50:04,686049
2024-06-17 11:50:06,684948
2024-06-17 11:50:08,680068
2024-06-17 11:50:10,680337
2024-06-17 11:50:12,680322
2024-06-17 11:50:14,679580
2024-06-17 11:50:16,679572
2024-06-17 11:50:18,634927
2024-06-17 11:50:20,650585
2024-06-17 11:50:22,648362
2024-06-17 11:50:24,648071
2024-06-17 11:50:26,643050
2024-06-17 11:50:28,642155
2024-06-17 11:50:30,645822
2024-06-17 11:50:32,644324
2024-06-17 11:50:34,644236
2024-06-17 11:50:36,603132
2024-06-17 11:50:38,608546
2024-06-17 11:50:40,596241
2024-06-17 11:50:42,610490
2024-06-17 11:50:44,610256
2024-06-17 11:50:46,607350
2024-06-17 11:50:48,610741
2024-06-17 11:50:50,609296
2024-06-17 11:50:52,609360
2024-06-17 11:50:54,608378
2024-06-17 11:50:56,584489
2024-06-17 11:50:58,581953
2024-06-17 11:51:00,580662
2024-06-17 11:51:02,581399
2024-06-17 11:51:04,580640
2024-06-17 11:51:06,579562
2024-06-17 11:51:08,575322
2024-06-17 11:51:10,574772
2024-06-17 11:51:12,559509
2024-06-17 11:51:14,561292
2024-06-17 11:51:16,560347
2024-06-17 11:51:18,557639
2024-06-17 11:51:20,557944
2024-06-17 11:51:22,556551
2024-06-17 11:51:24,536411
2024-06-17 11:51:26,536503
2024-06-17 11:51:28,536525
2024-06-17 11:51:30,533359
2024-06-17 11:51:32,538150
2024-06-17 11:51:34,537873
2024-06-17 11:51:36,493220
2024-06-17 11:51:38,504787
2024-06-17 11:51:40,488521
2024-06-17 11:51:42,506042
2024-06-17 11:51:44,506241
2024-06-17 11:51:46,505724
2024-06-17 11:51:48,506404
2024-06-17 11:51:50,506690
2024-06-17 11:51:52,506067
2024-06-17 11:51:54,462535
2024-06-17 11:51:56,482469
2024-06-17 11:51:58,473513
2024-06-17 11:52:00,474990
2024-06-17 11:52:02,474504
2024-06-17 11:52:04,473519
2024-06-17 11:52:06,475719
2024-06-17 11:52:08,475963
2024-06-17 11:52:10,474755
2024-06-17 11:52:12,446084
2024-06-17 11:52:14,465631
2024-06-17 11:52:16,466102
2024-06-17 11:52:18,466661
2024-06-17 11:52:20,466981
2024-06-17 11:52:22,467587
2024-06-17 11:52:24,474751
2024-06-17 11:52:26,478853
2024-06-17 11:52:28,498596
2024-06-17 11:52:30,500159
2024-06-17 11:52:32,502604
2024-06-17 11:52:34,503139
2024-06-17 11:52:36,503242
2024-06-17 11:52:38,510228
2024-06-17 11:52:40,511201
2024-06-17 11:52:42,513764
2024-06-17 11:52:44,520792
2024-06-17 11:52:46,533127
2024-06-17 11:52:48,534745
2024-06-17 11:52:50,535855
2024-06-17 11:52:52,535855
2024-06-17 11:52:54,544852
2024-06-17 11:52:56,548042
2024-06-17 11:52:58,548277
2024-06-17 11:53:00,549768
2024-06-17 11:53:02,562223
2024-06-17 11:53:04,563438
2024-06-17 11:53:06,569609
2024-06-17 11:53:08,570904
2024-06-17 11:53:10,571376
2024-06-17 11:53:12,574273
2024-06-17 11:53:14,577908
2024-06-17 11:53:16,580629
2024-06-17 11:53:18,592939
2024-06-17 11:53:20,593896
2024-06-17 11:53:22,581037
2024-06-17 11:53:24,599582
2024-06-17 11:53:26,602922
2024-06-17 11:53:28,603624
2024-06-17 11:53:30,604329
2024-06-17 11:53:32,604329
2024-06-17 11:53:34,612274
2024-06-17 11:53:36,611618
2024-06-17 11:53:38,612104
2024-06-17 11:53:40,618453
2024-06-17 11:53:42,617773
2024-06-17 11:53:44,628634
2024-06-17 11:53:46,628968
2024-06-17 11:53:48,633882
2024-06-17 11:53:50,633956
2024-06-17 11:53:52,635250
2024-06-17 11:53:54,638638
2024-06-17 11:53:56,638647
2024-06-17 11:53:58,647388
2024-06-17 11:54:00,646760
2024-06-17 11:54:02,647531
2024-06-17 11:54:04,648042
2024-06-17 11:54:06,649716
2024-06-17 11:54:08,652124
2024-06-17 11:54:10,654439
2024-06-17 11:54:12,662128
2024-06-17 11:54:14,662107
2024-06-17 11:54:16,662481
2024-06-17 11:54:18,662791
2024-06-17 11:54:20,663920
2024-06-17 11:54:22,664616
2024-06-17 11:54:24,656650
2024-06-17 11:54:26,673408
2024-06-17 11:54:28,675027
2024-06-17 11:54:30,675098
2024-06-17 11:54:32,675968
2024-06-17 11:54:34,675923
2024-06-17 11:54:36,675471
2024-06-17 11:54:38,670546
2024-06-17 11:54:40,687865
2024-06-17 11:54:42,688832
2024-06-17 11:54:44,689815
2024-06-17 11:54:46,689784
2024-06-17 11:54:48,690161
2024-06-17 11:54:50,690219
2024-06-17 11:54:52,690792
2024-06-17 11:54:54,675172
2024-06-17 11:54:56,672369
2024-06-17 11:54:58,693733
2024-06-17 11:55:00,694420
2024-06-17 11:55:02,693569
2024-06-17 11:55:04,693996
2024-06-17 11:55:06,694359
2024-06-17 11:55:08,696267
2024-06-17 11:55:10,692509
2024-06-17 11:55:12,695995
2024-06-17 11:55:14,696713
2024-06-17 11:55:16,696204
2024-06-17 11:55:18,697571
2024-06-17 11:55:20,697355
2024-06-17 11:55:22,682689
2024-06-17 11:55:24,671689
2024-06-17 11:55:26,699808
2024-06-17 11:55:28,699880
2024-06-17 11:55:30,697120
2024-06-17 11:55:32,699822