"Time","{container=""main"", instance=""kube-state-metrics.kube-system.svc.cluster.local:8080"", job=""kube-state-metrics"", namespace=""default"", pod=""loadgenerator-7b495c87ff-f2t9t"", uid=""f99dbd1f-7afd-47fb-a404-910802a69cd5""}"
2024-05-29 10:42:44,0
2024-05-29 10:42:46,0
2024-05-29 10:42:48,0
2024-05-29 10:42:50,0
2024-05-29 10:42:52,0
2024-05-29 10:42:54,0
2024-05-29 10:42:56,0
2024-05-29 10:42:58,0
2024-05-29 10:43:00,0
2024-05-29 10:43:02,0
2024-05-29 10:43:04,0
2024-05-29 10:43:06,0
2024-05-29 10:43:08,0
2024-05-29 10:43:10,0
2024-05-29 10:43:12,0
2024-05-29 10:43:14,0
2024-05-29 10:43:16,0
2024-05-29 10:43:18,0
2024-05-29 10:43:20,0
2024-05-29 10:43:22,0
2024-05-29 10:43:24,0
2024-05-29 10:43:26,0
2024-05-29 10:43:28,0
2024-05-29 10:43:30,0
2024-05-29 10:43:32,0
2024-05-29 10:43:34,0
2024-05-29 10:43:36,0
2024-05-29 10:43:38,0
2024-05-29 10:43:40,0
2024-05-29 10:43:42,0
2024-05-29 10:43:44,0
2024-05-29 10:43:46,0
2024-05-29 10:43:48,0
2024-05-29 10:43:50,0
2024-05-29 10:43:52,0
2024-05-29 10:43:54,0
2024-05-29 10:43:56,0
2024-05-29 10:43:58,0
2024-05-29 10:44:00,0
2024-05-29 10:44:02,0
2024-05-29 10:44:04,0
2024-05-29 10:44:06,0
2024-05-29 10:44:08,0
2024-05-29 10:44:10,0
2024-05-29 10:44:12,0
2024-05-29 10:44:14,0
2024-05-29 10:44:16,0
2024-05-29 10:44:18,0
2024-05-29 10:44:20,0
2024-05-29 10:44:22,0
2024-05-29 10:44:24,0
2024-05-29 10:44:26,0
2024-05-29 10:44:28,0
2024-05-29 10:44:30,0
2024-05-29 10:44:32,0
2024-05-29 10:44:34,0
2024-05-29 10:44:36,0
2024-05-29 10:44:38,0
2024-05-29 10:44:40,0
2024-05-29 10:44:42,0
2024-05-29 10:44:44,0
2024-05-29 10:44:46,0
2024-05-29 10:44:48,0
2024-05-29 10:44:50,0
2024-05-29 10:44:52,0
2024-05-29 10:44:54,0
2024-05-29 10:44:56,0
2024-05-29 10:44:58,0
2024-05-29 10:45:00,0
2024-05-29 10:45:02,0
2024-05-29 10:45:04,0
2024-05-29 10:45:06,0
2024-05-29 10:45:08,0
2024-05-29 10:45:10,0
2024-05-29 10:45:12,0
2024-05-29 10:45:14,0
2024-05-29 10:45:16,0
2024-05-29 10:45:18,0
2024-05-29 10:45:20,0
2024-05-29 10:45:22,0
2024-05-29 10:45:24,0
2024-05-29 10:45:26,0
2024-05-29 10:45:28,0
2024-05-29 10:45:30,0
2024-05-29 10:45:32,0
2024-05-29 10:45:34,0
2024-05-29 10:45:36,0
2024-05-29 10:45:38,0
2024-05-29 10:45:40,0
2024-05-29 10:45:42,0
2024-05-29 10:45:44,0
2024-05-29 10:45:46,0
2024-05-29 10:45:48,0
2024-05-29 10:45:50,0
2024-05-29 10:45:52,0
2024-05-29 10:45:54,0
2024-05-29 10:45:56,0
2024-05-29 10:45:58,0
2024-05-29 10:46:00,0
2024-05-29 10:46:02,0
2024-05-29 10:46:04,0
2024-05-29 10:46:06,0
2024-05-29 10:46:08,0
2024-05-29 10:46:10,0
2024-05-29 10:46:12,0
2024-05-29 10:46:14,0
2024-05-29 10:46:16,0
2024-05-29 10:46:18,0
2024-05-29 10:46:20,0
2024-05-29 10:46:22,0
2024-05-29 10:46:24,0
2024-05-29 10:46:26,0
2024-05-29 10:46:28,0
2024-05-29 10:46:30,0
2024-05-29 10:46:32,0
2024-05-29 10:46:34,0
2024-05-29 10:46:36,0
2024-05-29 10:46:38,0
2024-05-29 10:46:40,0
2024-05-29 10:46:42,0
2024-05-29 10:46:44,0
2024-05-29 10:46:46,0
2024-05-29 10:46:48,0
2024-05-29 10:46:50,0
2024-05-29 10:46:52,0
2024-05-29 10:46:54,0
2024-05-29 10:46:56,0
2024-05-29 10:46:58,0
2024-05-29 10:47:00,0
2024-05-29 10:47:02,0
2024-05-29 10:47:04,0
2024-05-29 10:47:06,0
2024-05-29 10:47:08,0
2024-05-29 10:47:10,0
2024-05-29 10:47:12,0
2024-05-29 10:47:14,0
2024-05-29 10:47:16,0
2024-05-29 10:47:18,0
2024-05-29 10:47:20,0
2024-05-29 10:47:22,0
2024-05-29 10:47:24,0
2024-05-29 10:47:26,0
2024-05-29 10:47:28,0
2024-05-29 10:47:30,0
2024-05-29 10:47:32,0
2024-05-29 10:47:34,0
2024-05-29 10:47:36,0
2024-05-29 10:47:38,0
2024-05-29 10:47:40,0
2024-05-29 10:47:42,0
2024-05-29 10:47:44,0
2024-05-29 10:47:46,0
2024-05-29 10:47:48,0
2024-05-29 10:47:50,0
2024-05-29 10:47:52,0
2024-05-29 10:47:54,0
2024-05-29 10:47:56,0
2024-05-29 10:47:58,0
2024-05-29 10:48:00,0
2024-05-29 10:48:02,0
2024-05-29 10:48:04,0
2024-05-29 10:48:06,0
2024-05-29 10:48:08,0
2024-05-29 10:48:10,0
2024-05-29 10:48:12,0
2024-05-29 10:48:14,0
2024-05-29 10:48:16,0
2024-05-29 10:48:18,0
2024-05-29 10:48:20,0
2024-05-29 10:48:22,0
2024-05-29 10:48:24,0
2024-05-29 10:48:26,0
2024-05-29 10:48:28,0
2024-05-29 10:48:30,0
2024-05-29 10:48:32,0
2024-05-29 10:48:34,0
2024-05-29 10:48:36,0
2024-05-29 10:48:38,0
2024-05-29 10:48:40,0
2024-05-29 10:48:42,0
2024-05-29 10:48:44,0
2024-05-29 10:48:46,0
2024-05-29 10:48:48,0
2024-05-29 10:48:50,0
2024-05-29 10:48:52,0
2024-05-29 10:48:54,0
2024-05-29 10:48:56,0
2024-05-29 10:48:58,0
2024-05-29 10:49:00,0
2024-05-29 10:49:02,0
2024-05-29 10:49:04,0
2024-05-29 10:49:06,0
2024-05-29 10:49:08,0
2024-05-29 10:49:10,0
2024-05-29 10:49:12,0
2024-05-29 10:49:14,0
2024-05-29 10:49:16,0
2024-05-29 10:49:18,0
2024-05-29 10:49:20,0
2024-05-29 10:49:22,0
2024-05-29 10:49:24,0
2024-05-29 10:49:26,0
2024-05-29 10:49:28,0
2024-05-29 10:49:30,0
2024-05-29 10:49:32,0
2024-05-29 10:49:34,0
2024-05-29 10:49:36,0
2024-05-29 10:49:38,0
2024-05-29 10:49:40,0
2024-05-29 10:49:42,0
2024-05-29 10:49:44,0
2024-05-29 10:49:46,0
2024-05-29 10:49:48,0
2024-05-29 10:49:50,0
2024-05-29 10:49:52,0
2024-05-29 10:49:54,0
2024-05-29 10:49:56,0
2024-05-29 10:49:58,0
2024-05-29 10:50:00,0
2024-05-29 10:50:02,0
2024-05-29 10:50:04,0
2024-05-29 10:50:06,0
2024-05-29 10:50:08,0
2024-05-29 10:50:10,0
2024-05-29 10:50:12,0
2024-05-29 10:50:14,0
2024-05-29 10:50:16,0
2024-05-29 10:50:18,0
2024-05-29 10:50:20,0
2024-05-29 10:50:22,0
2024-05-29 10:50:24,0
2024-05-29 10:50:26,0
2024-05-29 10:50:28,0
2024-05-29 10:50:30,0
2024-05-29 10:50:32,0
2024-05-29 10:50:34,0
2024-05-29 10:50:36,0
2024-05-29 10:50:38,0
2024-05-29 10:50:40,0
2024-05-29 10:50:42,0
2024-05-29 10:50:44,0
2024-05-29 10:50:46,0
2024-05-29 10:50:48,0
2024-05-29 10:50:50,0
2024-05-29 10:50:52,0
2024-05-29 10:50:54,0
2024-05-29 10:50:56,0
2024-05-29 10:50:58,0
2024-05-29 10:51:00,0
2024-05-29 10:51:02,0
2024-05-29 10:51:04,0
2024-05-29 10:51:06,0
2024-05-29 10:51:08,0