Timestamp,Requests je Sekunde,Durchschnittliche Antwortzeitintervalle,i_o_read,i_o_write,memory,network_outgoing_pod-pod-1,network_outgoing_pod-pod-2,network_outgoing_pod-pod-3,network_outgoing_pod-pod-4,network_outgoing_pod-pod-5,network_outgoing_pod-pod-6,network_outgoing_pod-pod-7,network_outgoing_pod-pod-8,network_outgoing_pod-pod-9,network_outgoing_pod-pod-10,network_outgoing_pod-pod-11,network_outgoing_pod-pod-12,network_outgoing_pod-pod-13,network_outgoing_system,cpu_pod-pod-1,cpu_pod-pod-2,cpu_pod-pod-3,cpu_pod-pod-4,cpu_pod-pod-5,cpu_pod-pod-6,cpu_pod-pod-7,cpu_pod-pod-8,cpu_pod-pod-9,cpu_pod-pod-10,cpu_pod-pod-11,cpu_pod-pod-12,cpu_pod-pod-13,cpu_system,pod_restart,cpu_system_lag_1,cpu_system_lag_2,cpu_system_lag_3,cpu_system_lag_4,cpu_system_lag_5,Requests je Sekunde_lag_1,Requests je Sekunde_lag_2,Requests je Sekunde_lag_3,Requests je Sekunde_lag_4,Requests je Sekunde_lag_5,memory_lag_1,memory_lag_2,memory_lag_3,memory_lag_4,memory_lag_5,Requests je Sekunde_rolling_avg_5,cpu_system_rolling_avg_5,memory_rolling_avg_5,cpu_pod-pod-1_rolling_avg_5,cpu_pod-pod-11_rolling_avg_5,cpu_pod-pod-8_rolling_avg_5,cpu_system_cumsum,memory_cumsum,network_outgoing_system_log_scaled,memory_log_scaled,cpu_system_log_scaled
22,10,104.0,0.0,0.0,11465449472,127.0,140.0,140.0,184.0,318.0,329.0,3168.0,130.0,144.0,168.0,316.0,68.5,212.0,5445.0,0.00191,0.00251,0.000328,0.00093,0.00176,0.000336,0.00337,,0.000509,0.000306,0.00159,0.00215,0.000391,0.00134,0.0,,,,,,,,,,,,,,,,,,,,,,0.00134,11465449472,8.602636673233706,23.162603956412813,0.001339103001229485
24,11,67.72727272727273,0.0,0.0,11468533760,123.0,144.0,140.0,184.0,315.0,339.0,3146.0,142.0,144.0,168.0,316.0,68.5,212.0,5442.0,0.00191,0.00253,0.000328,0.00093,0.00176,0.000336,0.00336,,0.000502,0.000311,0.00155,0.00215,0.000391,0.00134,0.0,0.00134,,,,,10.0,,,,,11465449472.0,,,,,,,,,,,0.00268,22933983232,8.6020856584342,23.1628729273968,0.001339103001229485
26,16,119.6875,0.0,14.5,11540856832,123.0,144.0,174.0,182.0,311.0,339.0,3123.0,153.0,144.0,168.0,316.0,66.5,212.0,5456.0,0.00191,0.00253,0.000312,0.00093,0.0017,0.000336,0.00333,0.00541,0.000502,0.000311,0.00155,0.00215,0.000391,0.00178,0.0,0.00134,0.00134,,,,11.0,10.0,,,,11468533760.0,11465449472.0,,,,,,,,,,0.00446,34474840064,8.604654467186231,23.169159344230184,0.001778417677411212
28,20,165.55,0.0,14.5,11543244800,123.0,144.0,174.0,188.0,311.0,339.0,3100.0,164.0,144.0,493.0,317.0,76.2,211.0,5786.0,0.00191,0.00253,0.000323,0.00093,0.00175,0.000336,0.00331,0.00617,0.000502,0.000311,0.0016,0.00215,0.000391,0.00185,0.0,0.00178,0.00134,0.00134,,,16.0,11.0,10.0,,,11540856832.0,11468533760.0,11465449472.0,,,,,,,,,0.0063100000000000005,46018084864,8.663369301573839,23.169366237099258,0.0018482908576176176
30,25,67.24,0.0,14.5,11546431488,123.0,144.0,174.0,188.0,311.0,339.0,3077.0,175.0,144.0,493.0,317.0,74.1,211.0,5772.0,0.00191,0.00253,0.000313,0.00093,0.00175,0.000343,0.00329,0.00694,0.000492,0.000311,0.0016,0.00215,0.000391,0.00191,0.0,0.00185,0.00178,0.00134,0.00134,,20.0,16.0,11.0,10.0,,11543244800.0,11540856832.0,11468533760.0,11465449472.0,,16.4,0.001644,11512903270.4,0.00191,0.001578,,0.00822,57564516352,8.660947155060933,23.169642264184283,0.001908178269301584
32,21,81.47619047619048,0.0,28.7,11544469504,123.0,144.0,176.0,188.0,311.0,339.0,2991.0,187.0,149.0,515.0,420.0,74.7,245.0,5864.0,0.00191,0.00253,0.000311,0.00093,0.00175,0.000343,0.00326,0.00771,0.000508,0.000311,0.0016,0.00215,0.000391,0.00198,0.0,0.00191,0.00185,0.00178,0.00134,0.00134,25.0,20.0,16.0,11.0,10.0,11546431488.0,11543244800.0,11540856832.0,11468533760.0,11465449472.0,18.6,0.001772,11528707276.8,0.00191,0.0015800000000000002,,0.0102,69108985856,8.676757761087575,23.169472328502238,0.0019780423836276923
34,34,157.41176470588235,0.0,28.7,11541315584,123.0,144.0,176.0,188.0,311.0,4201.0,3069.0,482.0,153.0,515.0,420.0,76.9,245.0,10107.0,0.00191,0.00245,0.000321,0.00093,0.00175,0.000343,0.00324,0.00848,0.000508,0.000311,0.0016,0.00215,0.00038,0.00203,0.0,0.00198,0.00191,0.00185,0.00178,0.00134,21.0,25.0,20.0,16.0,11.0,11544469504.0,11546431488.0,11543244800.0,11540856832.0,11468533760.0,23.2,0.0019099999999999998,11543263641.6,0.00191,0.00159,0.006941999999999999,0.012230000000000001,80650301440,9.221082468508085,23.16919909369499,0.0020279423342370955
36,43,223.8372093023256,0.0,28.2,11540803584,123.0,340.0,176.0,505.0,311.0,4201.0,3046.0,509.0,153.0,515.0,420.0,76.9,245.0,10623.0,0.0019,0.00249,0.000321,0.0009,0.00175,0.000334,0.00322,0.00925,0.000508,0.000308,0.0016,0.00215,0.000391,0.00209,0.0,0.00203,0.00198,0.00191,0.00185,0.00178,34.0,21.0,25.0,20.0,16.0,11541315584.0,11544469504.0,11546431488.0,11543244800.0,11540856832.0,28.6,0.001972,11543252992.0,0.001908,0.0016,0.00771,0.014320000000000001,92191105024,9.270870871716214,23.169154730350677,0.002087818988347554
38,35,110.28571428571428,0.0,28.2,11542171648,193.0,349.0,176.0,505.0,303.0,4201.0,3023.0,537.0,153.0,515.0,420.0,76.9,250.0,10704.0,0.0019,0.00291,0.000321,0.00107,0.00175,0.000334,0.00323,0.01,0.000508,0.000309,0.0016,0.00215,0.000393,0.00221,0.0,0.00209,0.00203,0.00198,0.00191,0.00185,43.0,34.0,21.0,25.0,20.0,11540803584.0,11541315584.0,11544469504.0,11546431488.0,11543244800.0,31.6,0.002044,11543038361.6,0.0019060000000000001,0.0016,0.008476000000000001,0.016530000000000003,103733276672,9.278466201023782,23.16927326481062,0.002207561542000583
40,43,154.0,14.2,28.2,11547836416,201.0,349.0,176.0,505.0,347.0,4348.0,3000.0,564.0,153.0,515.0,420.0,76.9,250.0,10906.0,0.0019,0.00291,0.000321,0.00111,0.00177,0.000334,0.00321,0.00597,0.000493,0.000309,0.0016,0.00208,0.000393,0.00187,0.0,0.00221,0.00209,0.00203,0.00198,0.00191,35.0,43.0,34.0,21.0,25.0,11542171648.0,11540803584.0,11541315584.0,11544469504.0,11546431488.0,35.2,0.002036,11543319347.2,0.001904,0.0016,0.008282,0.018400000000000003,115281113088,9.297160063928743,23.16976393316357,0.0018682537266818222
42,59,192.728813559322,290.0,28.6,11553058816,201.0,349.0,554.0,505.0,347.0,4348.0,2977.0,591.0,153.0,515.0,420.0,74.6,250.0,11285.0,0.0019,0.00291,0.000321,0.00111,0.00177,0.000329,0.00318,0.0064,0.00049,0.000309,0.00153,0.00214,0.000393,0.0019,0.0,0.00187,0.00221,0.00209,0.00203,0.00198,43.0,35.0,43.0,34.0,21.0,11547836416.0,11542171648.0,11540803584.0,11541315584.0,11544469504.0,42.8,0.00202,11545037209.6,0.0019019999999999998,0.001586,0.00802,0.020300000000000002,126834171904,9.331318298529085,23.170216071492934,0.0018981972830802527
44,54,203.96296296296296,296.0,29.1,11560407040,201.0,349.0,575.0,524.0,347.0,4348.0,2954.0,619.0,183.0,499.0,721.0,189.0,250.0,11759.0,0.0019,0.00291,0.000495,0.00111,0.00177,0.000329,0.00316,0.00682,0.000675,0.000309,0.00154,0.00221,0.000393,0.00197,0.0,0.0019,0.00187,0.00221,0.00209,0.00203,59.0,43.0,35.0,43.0,34.0,11553058816.0,11547836416.0,11542171648.0,11540803584.0,11541315584.0,46.8,0.0020080000000000002,11548855500.8,0.0019,0.001574,0.007688,0.02227,138394578944,9.372459221452617,23.170851910729915,0.001968062094698245
46,53,181.0,578.0,29.9,11568189440,201.0,349.0,575.0,1123.0,347.0,4348.0,2931.0,646.0,183.0,495.0,721.0,189.0,408.0,12517.0,0.0019,0.00291,0.000495,0.00111,0.00177,0.000329,0.00314,0.00725,0.000675,0.000309,0.00208,0.00221,0.000393,0.00205,0.0,0.00197,0.0019,0.00187,0.00221,0.00209,54.0,59.0,43.0,35.0,43.0,11560407040.0,11553058816.0,11547836416.0,11542171648.0,11540803584.0,48.8,0.002,11554332672.0,0.0019,0.00167,0.007288,0.02432,149962768384,9.434922887484646,23.17152487852541,0.0020479016173003107
48,56,211.42857142857144,579.0,29.1,11577585664,334.0,812.0,575.0,1123.0,347.0,4348.0,2908.0,674.0,183.0,4191.0,721.0,195.0,408.0,16819.0,0.0019,0.00291,0.000495,0.00591,0.00177,0.000329,0.00311,0.00767,0.000682,0.000309,0.00208,0.00221,0.000393,0.00248,0.0,0.00205,0.00197,0.0019,0.00187,0.00221,53.0,54.0,59.0,43.0,35.0,11568189440.0,11560407040.0,11553058816.0,11547836416.0,11542171648.0,53.0,0.0020540000000000003,11561415475.2,0.0019,0.0017659999999999998,0.006822,0.0268,161540354048,9.73032393352694,23.172336795557623,0.0024769298748925353
50,62,279.64516129032256,579.0,29.1,11582488576,334.0,838.0,575.0,1123.0,347.0,4360.0,2925.0,701.0,186.0,4191.0,721.0,195.0,408.0,16905.0,0.0019,0.00291,0.000495,0.00591,0.00177,0.00273,0.00309,0.00809,0.000682,0.000309,0.00208,0.00221,0.000393,0.00271,0.0,0.00248,0.00205,0.00197,0.0019,0.00187,56.0,53.0,54.0,59.0,43.0,11577585664.0,11568189440.0,11560407040.0,11553058816.0,11547836416.0,56.8,0.002222,11568345907.2,0.0019,0.0018619999999999997,0.007246,0.02951,173122842624,9.735423867488873,23.172760189025364,0.00270633457071555
52,60,158.93333333333334,580.0,28.3,11666370560,334.0,838.0,575.0,1123.0,347.0,4474.0,2901.0,1707.0,186.0,4191.0,721.0,195.0,414.0,18007.0,0.0035,0.00605,0.000495,0.00591,0.00177,0.00273,0.00309,0.00795,0.000682,0.000301,0.00208,0.00221,0.000373,0.00309,0.0,0.00271,0.00248,0.00205,0.00197,0.0019,62.0,56.0,53.0,54.0,59.0,11582488576.0,11577585664.0,11568189440.0,11560407040.0,11553058816.0,57.0,0.00246,11591008256.0,0.00222,0.001972,0.007556,0.032600000000000004,184789213184,9.798571382586568,23.179976228959912,0.0030852357618076426
54,64,312.28125,579.0,28.3,11701219328,334.0,838.0,575.0,1123.0,379.0,24252.0,2878.0,1771.0,216.0,4191.0,721.0,195.0,414.0,37888.0,0.0035,0.00605,0.000495,0.00591,0.00177,0.00273,0.00307,0.00834,0.000682,0.00182,0.00208,0.00221,0.000371,0.00325,0.0,0.00309,0.00271,0.00248,0.00205,0.00197,60.0,62.0,56.0,53.0,54.0,11666370560.0,11582488576.0,11577585664.0,11568189440.0,11560407040.0,59.0,0.002716,11619170713.6,0.0025399999999999997,0.00208,0.00786,0.03585000000000001,196490432512,10.542416111476454,23.18295888947384,0.0032447301648890537
56,45,142.6,566.0,28.3,11703005184,334.0,838.0,575.0,1123.0,379.0,24252.0,2855.0,1835.0,216.0,4191.0,721.0,195.0,414.0,37929.0,0.0035,0.00605,0.000504,0.00606,0.00205,0.00289,0.00304,0.00874,0.000682,0.00182,0.00208,0.00221,0.000727,0.00336,0.0,0.00325,0.00309,0.00271,0.00248,0.00205,64.0,60.0,62.0,56.0,53.0,11701219328.0,11666370560.0,11582488576.0,11577585664.0,11568189440.0,57.4,0.002978,11646133862.4,0.00286,0.00208,0.008158,0.03921000000000001,208193437696,10.543497634682945,23.18311149918773,0.003354367812573644
58,53,215.83018867924528,555.0,28.3,11716706304,346.0,838.0,1001.0,1123.0,379.0,24252.0,2831.0,1900.0,216.0,4191.0,721.0,333.0,414.0,38546.0,0.0035,0.00605,0.00123,0.0061,0.00205,0.00289,0.00302,0.00913,0.0023,0.00182,0.00208,0.00222,0.000727,0.00359,0.0,0.00336,0.00325,0.00309,0.00271,0.00248,45.0,64.0,60.0,62.0,56.0,11703005184.0,11701219328.0,11666370560.0,11582488576.0,11577585664.0,56.8,0.0032,11673957990.4,0.00318,0.00208,0.00845,0.04280000000000001,219910144000,10.55963355495159,23.1842815496018,0.0035835713313527927
60,44,152.27272727272728,568.0,29.5,11739336704,346.0,838.0,1025.0,1181.0,379.0,24252.0,2808.0,1964.0,216.0,4379.0,1312.0,346.0,584.0,39630.0,0.0035,0.00605,0.00123,0.00629,0.00205,0.00289,0.00299,0.00953,0.0023,0.00182,0.00208,0.00235,0.000727,0.00365,0.0,0.00359,0.00336,0.00325,0.00309,0.00271,53.0,45.0,64.0,60.0,62.0,11716706304.0,11703005184.0,11701219328.0,11666370560.0,11582488576.0,53.2,0.003388,11705327616.0,0.0035,0.00208,0.008738,0.04645000000000001,231649480704,10.587366919275157,23.186211151027933,0.0036433549147985894
62,68,612.1176470588235,576.0,29.5,11893342208,529.0,867.0,1057.0,1181.0,379.0,24252.0,2785.0,2610.0,214.0,4379.0,1312.0,346.0,584.0,40494.0,0.0035,0.00628,0.00123,0.00629,0.00205,0.00751,0.00297,0.0107,0.0023,0.00182,0.00416,0.00235,0.000746,0.00432,0.0,0.00365,0.00359,0.00336,0.00325,0.00309,44.0,53.0,45.0,64.0,60.0,11739336704.0,11716706304.0,11703005184.0,11701219328.0,11666370560.0,54.8,0.0036339999999999996,11750721945.6,0.0035,0.0024959999999999995,0.009288,0.05077000000000001,243542822912,10.60893378868309,23.199244602262254,0.004310695587084546
64,61,173.91803278688525,586.0,29.4,11903942656,529.0,867.0,1057.0,2424.0,379.0,24252.0,2808.0,2692.0,214.0,8610.0,1312.0,346.0,584.0,46073.0,0.00357,0.00628,0.00123,0.00629,0.00205,0.00751,0.00295,0.0111,0.0023,0.00182,0.00416,0.00235,0.000746,0.00436,0.0,0.00432,0.00365,0.00359,0.00336,0.00325,68.0,44.0,53.0,45.0,64.0,11893342208.0,11739336704.0,11716706304.0,11703005184.0,11701219328.0,54.2,0.0038559999999999996,11791266611.2,0.0035140000000000006,0.0029119999999999997,0.009839999999999998,0.05513000000000001,255446765568,10.738004078558598,23.20013549790525,0.00435052273725808
66,68,187.44117647058823,587.0,29.0,12132016128,529.0,1564.0,1057.0,2424.0,415.0,24252.0,2784.0,2775.0,214.0,8610.0,1312.0,346.0,606.0,46887.0,0.00711,0.00628,0.00123,0.0179,0.00205,0.00751,0.00292,0.0115,0.0023,0.00182,0.00416,0.00235,0.000746,0.00565,0.0,0.00436,0.00432,0.00365,0.00359,0.00336,61.0,68.0,44.0,53.0,45.0,11903942656.0,11893342208.0,11739336704.0,11716706304.0,11703005184.0,58.8,0.004314,11877068800.0,0.004236,0.003328,0.010392,0.060780000000000015,267578781696,10.755517058156265,23.219113756231142,0.005634098617092958
68,50,109.5,586.0,28.2,12152852480,529.0,1564.0,1571.0,2424.0,415.0,25079.0,2761.0,2858.0,252.0,8610.0,1312.0,346.0,606.0,48324.0,0.00711,0.0111,0.00123,0.0179,0.00205,0.00751,0.00282,0.012,0.0023,0.00186,0.00416,0.00235,0.000746,0.00608,0.0,0.00565,0.00436,0.00432,0.00365,0.00359,68.0,61.0,68.0,44.0,53.0,12132016128.0,11903942656.0,11893342208.0,11739336704.0,11716706304.0,58.2,0.0048119999999999994,11964298035.2,0.004958,0.003744,0.010966,0.06686000000000002,279731634176,10.785704304076532,23.220829751277076,0.006061591378595291
70,53,649.0188679245283,577.0,28.2,12246286336,529.0,1564.0,1571.0,2424.0,420.0,24413.0,2737.0,2940.0,252.0,8610.0,1312.0,346.0,606.0,47722.0,0.00711,0.0111,0.00181,0.0179,0.00205,0.00751,0.00291,0.0124,0.0023,0.00461,0.00416,0.00235,0.00122,0.00645,0.0,0.00608,0.00565,0.00436,0.00432,0.00365,50.0,68.0,61.0,68.0,44.0,12152852480.0,12132016128.0,11903942656.0,11893342208.0,11739336704.0,60.0,0.005372,12065687961.6,0.005679999999999999,0.00416,0.01154,0.07331000000000001,291977920512,10.77316874095837,23.228488571812765,0.006429287764903755
72,71,231.0,575.0,28.2,12357550080,538.0,1630.0,1571.0,2424.0,420.0,25028.0,2713.0,3023.0,252.0,8875.0,1312.0,500.0,606.0,48890.0,0.00711,0.0111,0.00189,0.0179,0.002,0.00773,0.00289,0.0128,0.0023,0.00475,0.00416,0.00228,0.00122,0.00651,0.0,0.00645,0.00608,0.00565,0.00436,0.00432,53.0,50.0,68.0,61.0,68.0,12246286336.0,12152852480.0,12132016128.0,11903942656.0,11893342208.0,60.6,0.00581,12158529536.0,0.006402,0.00416,0.011960000000000002,0.07982000000000002,304335470592,10.797348609444098,23.237533055817735,0.006488901468124652
74,54,139.66666666666666,564.0,28.2,12429074432,557.0,1630.0,1571.0,2424.0,420.0,47637.0,2689.0,3106.0,259.0,9162.0,1312.0,504.0,606.0,71875.0,0.00711,0.0111,0.00189,0.0179,0.00235,0.00799,0.00286,0.0132,0.00233,0.00475,0.00594,0.00229,0.00126,0.00674,0.0,0.00651,0.00645,0.00608,0.00565,0.00436,71.0,53.0,50.0,68.0,61.0,12357550080.0,12246286336.0,12152852480.0,12132016128.0,11903942656.0,59.2,0.006286,12263555891.2,0.00711,0.004516,0.01238,0.08656000000000001,316764545024,11.182697691046345,23.243304277347416,0.006717387747524245
76,62,206.1129032258065,851.0,29.1,12429041664,771.0,1630.0,1622.0,2499.0,420.0,47637.0,2666.0,3828.0,259.0,9162.0,1855.0,519.0,800.0,73666.0,0.00719,0.0111,0.00189,0.019,0.00235,0.00799,0.00284,0.0119,0.00445,0.00475,0.00594,0.00228,0.00126,0.00691,0.0,0.00674,0.00651,0.00645,0.00608,0.00565,54.0,71.0,53.0,50.0,68.0,12429074432.0,12357550080.0,12246286336.0,12152852480.0,12132016128.0,58.0,0.0065379999999999995,12322960998.4,0.007126,0.004872,0.01246,0.09347000000000001,329193586688,11.207310216708422,23.243301640944892,0.006886235362952829
78,34,108.73529411764706,851.0,28.9,12439044096,771.0,1630.0,1622.0,3540.0,420.0,47637.0,2642.0,3927.0,259.0,9162.0,1913.0,519.0,800.0,74842.0,0.00724,0.013,0.00189,0.019,0.00235,0.0148,0.00282,0.0155,0.00445,0.00475,0.00618,0.00252,0.00126,0.00798,0.0,0.00691,0.00674,0.00651,0.00645,0.00608,62.0,54.0,71.0,53.0,50.0,12429041664.0,12429074432.0,12357550080.0,12246286336.0,12152852480.0,54.8,0.0069180000000000005,12380199321.6,0.007152,0.005276,0.01316,0.10145000000000001,341632630784,11.22314786510039,23.244106080227848,0.007948328182495005
80,78,150.84615384615384,863.0,28.8,12447653888,771.0,2273.0,1622.0,3540.0,416.0,47637.0,2550.0,4026.0,300.0,13596.0,1913.0,519.0,800.0,79964.0,0.0102,0.0135,0.00189,0.0277,0.00235,0.0148,0.00279,0.016,0.00445,0.00475,0.00618,0.00252,0.00126,0.00903,0.0,0.00798,0.00691,0.00674,0.00651,0.00645,34.0,62.0,54.0,71.0,53.0,12439044096.0,12429041664.0,12429074432.0,12357550080.0,12246286336.0,59.8,0.0074340000000000005,12420472832.0,0.007770000000000001,0.00568,0.01388,0.11048000000000001,354080284672,11.289344317924972,23.244797999448977,0.008989473337797687
82,45,186.73333333333332,1144.0,28.8,12559036416,771.0,2273.0,1622.0,3540.0,481.0,47637.0,2647.0,4125.0,300.0,13596.0,1913.0,519.0,821.0,80247.0,0.0102,0.0135,0.00189,0.0277,0.00235,0.0148,0.00277,0.0165,0.00445,0.00475,0.00618,0.00252,0.00126,0.00906,0.0,0.00903,0.00798,0.00691,0.00674,0.00651,78.0,34.0,62.0,54.0,71.0,12447653888.0,12439044096.0,12429041664.0,12429074432.0,12357550080.0,54.6,0.007944,12460770099.2,0.008388000000000001,0.006084,0.01462,0.11954000000000001,366639321088,11.292877118563322,23.253706276651737,0.00901920442015993
84,69,240.04347826086956,1143.0,28.8,12592168960,771.0,2273.0,1574.0,3540.0,481.0,47637.0,2623.0,4225.0,300.0,13596.0,1913.0,659.0,821.0,80413.0,0.0102,0.0135,0.00189,0.0277,0.00235,0.0148,0.00274,0.0169,0.00445,0.00475,0.00618,0.00252,0.00166,0.00913,0.0,0.00906,0.00903,0.00798,0.00691,0.00674,45.0,78.0,34.0,62.0,54.0,12559036416.0,12447653888.0,12439044096.0,12429041664.0,12429074432.0,57.6,0.008422,12493389004.8,0.009006,0.006132,0.015360000000000002,0.12867,379231490048,11.294943569361536,23.256340946654053,0.009088573508331085
86,58,164.55172413793105,1144.0,28.8,12615069696,771.0,2384.0,2382.0,3540.0,481.0,47637.0,2599.0,4324.0,300.0,13596.0,1913.0,659.0,821.0,81407.0,0.0102,0.0135,0.0029,0.0277,0.00235,0.0148,0.00262,0.0174,0.00445,0.00484,0.00618,0.00252,0.00166,0.00925,0.0,0.00913,0.00906,0.00903,0.00798,0.00691,69.0,45.0,78.0,34.0,62.0,12592168960.0,12559036416.0,12447653888.0,12439044096.0,12429041664.0,56.8,0.008889999999999999,12530594611.2,0.009608000000000002,0.00618,0.016460000000000002,0.13792000000000001,391846559744,11.30722882725974,23.258157943954807,0.009207480750913145
88,60,189.68333333333337,1156.0,28.8,12646526976,771.0,2384.0,2492.0,3540.0,481.0,49800.0,2575.0,4423.0,312.0,13596.0,1913.0,659.0,821.0,83766.0,0.0102,0.0135,0.0029,0.0277,0.00238,0.0148,0.00262,0.0188,0.00445,0.00787,0.00618,0.00252,0.00171,0.00963,0.0,0.00925,0.00913,0.00906,0.00903,0.00798,58.0,69.0,45.0,78.0,34.0,12615069696.0,12592168960.0,12559036416.0,12447653888.0,12439044096.0,62.0,0.00922,12572091187.2,0.0102,0.00618,0.01712,0.14755000000000001,404493086720,11.335794414163257,23.260648467152212,0.009583927101847863
90,44,139.5,1173.0,28.8,12707524608,947.0,2384.0,2492.0,3540.0,481.0,69100.0,2551.0,4522.0,312.0,14167.0,2405.0,690.0,821.0,104412.0,0.0102,0.0135,0.0029,0.0277,0.00272,0.0153,0.00271,0.0193,0.00471,0.00787,0.00618,0.00257,0.00171,0.00977,0.0,0.00963,0.00925,0.00913,0.00906,0.00903,60.0,58.0,69.0,45.0,78.0,12646526976.0,12615069696.0,12592168960.0,12559036416.0,12447653888.0,55.2,0.009367999999999998,12624065331.2,0.0102,0.00618,0.017779999999999997,0.15732000000000002,417200611328,11.556109467751368,23.265460143856348,0.009722582148123285
92,73,189.94520547945208,1404.0,29.0,12736368640,990.0,2384.0,2492.0,4414.0,481.0,69100.0,2526.0,5210.0,363.0,14167.0,2405.0,690.0,795.0,106017.0,0.0102,0.0131,0.0029,0.0346,0.00272,0.0158,0.00268,0.0198,0.00456,0.00787,0.0088,0.00265,0.00171,0.0106,0.0,0.00977,0.00963,0.00925,0.00913,0.00906,44.0,60.0,58.0,69.0,45.0,12707524608.0,12646526976.0,12615069696.0,12592168960.0,12559036416.0,60.8,0.009676,12659531776.0,0.0102,0.006704,0.018439999999999998,0.16792,429936979968,11.571364169998649,23.267727410431682,0.010544213875671154
94,57,149.3859649122807,1408.0,28.9,12749078528,990.0,2384.0,2492.0,4518.0,481.0,69100.0,2502.0,5322.0,363.0,17689.0,2459.0,690.0,1114.0,110104.0,0.0102,0.0164,0.0029,0.0362,0.00272,0.0158,0.00266,0.0203,0.00723,0.00787,0.00921,0.00265,0.00171,0.0113,0.0,0.0106,0.00977,0.00963,0.00925,0.00913,73.0,44.0,60.0,58.0,69.0,12736368640.0,12707524608.0,12646526976.0,12615069696.0,12592168960.0,58.4,0.01011,12690913689.6,0.0102,0.00731,0.01912,0.17922000000000002,442686058496,11.609189734940292,23.26872483370379,0.011236631925987681
96,61,149.55737704918033,1410.0,28.6,12740435968,990.0,2384.0,2492.0,4667.0,481.0,69100.0,2478.0,5434.0,363.0,17689.0,2549.0,690.0,1114.0,110432.0,0.0155,0.017,0.0029,0.0362,0.00272,0.0153,0.00263,0.0208,0.00723,0.00787,0.00921,0.00265,0.00171,0.0118,0.0,0.0113,0.0106,0.00977,0.00963,0.00925,57.0,73.0,44.0,60.0,58.0,12749078528.0,12736368640.0,12707524608.0,12646526976.0,12615069696.0,59.0,0.01062,12715986944.0,0.011260000000000001,0.007916,0.019799999999999998,0.19102000000000002,455426494464,11.612164281203007,23.268046706991576,0.011730922875698666
98,23,703.8695652173913,1418.0,28.2,12751437824,990.0,3073.0,2492.0,4667.0,473.0,69100.0,2502.0,5546.0,363.0,17689.0,2549.0,690.0,1114.0,111248.0,0.016,0.017,0.0029,0.0362,0.00272,0.0237,0.00261,0.0213,0.00723,0.00787,0.00921,0.00265,0.00173,0.0126,0.0,0.0118,0.0113,0.0106,0.00977,0.00963,61.0,57.0,73.0,44.0,60.0,12740435968.0,12749078528.0,12736368640.0,12707524608.0,12646526976.0,51.6,0.011213999999999998,12736969113.6,0.01242,0.008522,0.0203,0.20362000000000002,468177932288,11.619526211224043,23.268909872780956,0.012521280553671745
100,63,463.8888888888889,1429.0,28.2,12776894464,990.0,3207.0,2420.0,4667.0,547.0,81674.0,2478.0,5658.0,363.0,17689.0,2549.0,667.0,1114.0,124023.0,0.016,0.017,0.00299,0.0362,0.00276,0.0237,0.00258,0.0218,0.00723,0.00787,0.00921,0.00265,0.00174,0.0126,0.0,0.0126,0.0118,0.0113,0.0106,0.00977,23.0,61.0,57.0,73.0,44.0,12751437824.0,12740435968.0,12749078528.0,12736368640.0,12707524608.0,55.4,0.011779999999999999,12750843084.8,0.01358,0.009128,0.0208,0.21622000000000002,480954826752,11.728230374246198,23.27090425675785,0.012521280553671745
102,61,488.0491803278688,1678.0,28.2,12779429888,1112.0,3207.0,2472.0,4667.0,547.0,84367.0,2453.0,5770.0,372.0,18507.0,2549.0,865.0,1114.0,128002.0,0.016,0.017,0.00299,0.0362,0.00276,0.0237,0.00256,0.0203,0.00723,0.00827,0.00921,0.00265,0.00247,0.0126,0.0,0.0126,0.0126,0.0118,0.0113,0.0106,63.0,23.0,61.0,57.0,73.0,12776894464.0,12751437824.0,12740435968.0,12749078528.0,12736368640.0,53.0,0.01218,12759455334.4,0.01474,0.00921,0.0209,0.22882000000000002,493734256640,11.7598089801271,23.27110267527635,0.012521280553671745
104,74,514.1081081081081,1698.0,28.7,12780818432,1112.0,3207.0,3524.0,4667.0,547.0,84367.0,2428.0,6214.0,372.0,18507.0,2549.0,865.0,1114.0,129474.0,0.016,0.017,0.00423,0.0362,0.00276,0.0237,0.00257,0.0203,0.00723,0.00798,0.00921,0.00258,0.00247,0.0127,0.0,0.0126,0.0126,0.0126,0.0118,0.0113,61.0,63.0,23.0,61.0,57.0,12779429888.0,12776894464.0,12751437824.0,12740435968.0,12749078528.0,56.4,0.01246,12765803315.2,0.0159,0.00921,0.0209,0.24152,506515075072,11.771243091292092,23.27121132398616,0.012620031356102263
106,56,164.17857142857142,2297.0,28.7,12760440832,1140.0,3207.0,3524.0,5465.0,547.0,84367.0,2404.0,6332.0,372.0,18507.0,3020.0,896.0,1255.0,131037.0,0.016,0.02,0.00423,0.0373,0.00276,0.0237,0.00254,0.0246,0.00765,0.0113,0.00921,0.00256,0.00247,0.0137,0.0,0.0127,0.0126,0.0126,0.0126,0.0118,74.0,61.0,63.0,23.0,61.0,12780818432.0,12779429888.0,12776894464.0,12751437824.0,12740435968.0,55.4,0.01284,12769804288.0,0.016,0.00921,0.021660000000000002,0.25522,519275515904,11.78324263645516,23.269615662307036,0.013607003406216902
108,48,101.5625,2300.0,28.7,12767850496,1178.0,3207.0,3524.0,5465.0,547.0,84367.0,2430.0,6451.0,421.0,18507.0,3020.0,896.0,1255.0,131269.0,0.016,0.0207,0.00423,0.0462,0.00308,0.0244,0.00252,0.0252,0.00964,0.0113,0.00921,0.00287,0.00247,0.0148,0.0,0.0137,0.0127,0.0126,0.0126,0.0126,56.0,74.0,61.0,63.0,23.0,12760440832.0,12780818432.0,12779429888.0,12776894464.0,12751437824.0,60.4,0.01328,12773086822.4,0.016,0.00921,0.022439999999999998,0.27002,532043366400,11.785011549797453,23.27019616839045,0.014691548742989757
110,57,117.26315789473684,2346.0,29.4,12771815424,1178.0,3207.0,3524.0,5465.0,547.0,84367.0,2405.0,6569.0,421.0,18507.0,3020.0,896.0,1320.0,131427.0,0.016,0.0207,0.00423,0.0462,0.00308,0.0253,0.00249,0.0257,0.00964,0.0113,0.00938,0.00287,0.00247,0.0149,0.0,0.0148,0.0137,0.0127,0.0126,0.0126,48.0,56.0,74.0,61.0,63.0,12767850496.0,12760440832.0,12780818432.0,12779429888.0,12776894464.0,59.2,0.013739999999999999,12772071014.4,0.016,0.009243999999999999,0.02322,0.28492,544815181824,11.78621445213437,23.270506660159917,0.01479008547263543
112,57,151.8421052631579,2364.0,28.9,12768792576,1178.0,3664.0,3524.0,5784.0,593.0,84367.0,2380.0,6687.0,421.0,22736.0,3175.0,896.0,1320.0,136726.0,0.0155,0.0207,0.00446,0.0462,0.00315,0.0253,0.00247,0.0262,0.00964,0.0113,0.0124,0.00287,0.00247,0.0152,0.0,0.0149,0.0148,0.0137,0.0127,0.0126,57.0,48.0,56.0,74.0,61.0,12771815424.0,12767850496.0,12760440832.0,12780818432.0,12779429888.0,58.4,0.01426,12769943552.0,0.0159,0.009881999999999998,0.024399999999999998,0.30012,557583974400,11.82574151601071,23.270269950993566,0.015085637418040853
114,63,193.28571428571428,2350.0,29.5,12785815552,1178.0,3858.0,3524.0,5784.0,593.0,84367.0,2355.0,7063.0,421.0,23370.0,3175.0,1008.0,1320.0,138015.0,0.018,0.0207,0.00446,0.0462,0.00315,0.0253,0.00244,0.0267,0.00964,0.0113,0.0124,0.00287,0.00247,0.0155,0.0,0.0152,0.0149,0.0148,0.0137,0.0127,57.0,57.0,48.0,56.0,74.0,12768792576.0,12771815424.0,12767850496.0,12760440832.0,12780818432.0,56.2,0.01482,12770942976.0,0.016300000000000002,0.01052,0.02568,0.31562,570369789952,11.83512489944757,23.27160223348691,0.015381102038302324
116,64,153.75,2364.0,28.1,12778745856,1178.0,3858.0,3524.0,5784.0,593.0,84367.0,2330.0,7185.0,421.0,24125.0,3175.0,1029.0,1320.0,138889.0,0.018,0.0207,0.00446,0.0483,0.00315,0.0244,0.00242,0.0272,0.00964,0.0119,0.0124,0.00287,0.00252,0.0157,0.0,0.0155,0.0152,0.0149,0.0148,0.0137,63.0,57.0,57.0,48.0,56.0,12785815552.0,12768792576.0,12771815424.0,12767850496.0,12760440832.0,57.8,0.015220000000000001,12774603980.8,0.0167,0.011157999999999998,0.0262,0.33132,583148535808,11.841437531910264,23.27104914782533,0.015578029963318415
118,61,228.0,2330.0,28.1,12780036096,1141.0,3858.0,4034.0,5784.0,593.0,84648.0,2304.0,7308.0,431.0,24125.0,3175.0,1036.0,1320.0,139757.0,0.018,0.0207,0.00446,0.0483,0.00315,0.0323,0.00239,0.0285,0.00964,0.0135,0.0124,0.00287,0.00296,0.0166,0.0,0.0157,0.0155,0.0152,0.0149,0.0148,64.0,63.0,57.0,57.0,48.0,12778745856.0,12785815552.0,12768792576.0,12771815424.0,12767850496.0,60.4,0.01558,12777041100.8,0.017099999999999997,0.011796,0.026860000000000002,0.34792,595928571904,11.847667634459409,23.271150110383203,0.01646372603066508
120,51,127.92156862745098,2319.0,28.1,12776378368,1133.0,3858.0,4236.0,5784.0,593.0,106467.0,2279.0,7431.0,431.0,24125.0,3175.0,1071.0,1320.0,161904.0,0.018,0.0233,0.00446,0.0483,0.00342,0.0323,0.00242,0.0291,0.0107,0.0135,0.0124,0.00287,0.00305,0.017,0.0,0.0166,0.0157,0.0155,0.0152,0.0149,61.0,64.0,63.0,57.0,57.0,12780036096.0,12778745856.0,12785815552.0,12768792576.0,12771815424.0,59.2,0.016,12777953689.6,0.017499999999999998,0.0124,0.02754,0.36492,608704950272,11.994765022450121,23.270863863027976,0.0168571170664229
122,55,178.6,2327.0,28.7,12777963520,1394.0,3858.0,4236.0,5590.0,593.0,106467.0,2254.0,7553.0,469.0,24125.0,3602.0,1071.0,1320.0,162534.0,0.018,0.0233,0.00558,0.0557,0.00342,0.0323,0.00239,0.0296,0.0107,0.0135,0.0124,0.00291,0.00305,0.0177,0.0,0.017,0.0166,0.0157,0.0155,0.0152,51.0,61.0,64.0,63.0,57.0,12776378368.0,12780036096.0,12778745856.0,12785815552.0,12768792576.0,58.8,0.0165,12779787878.4,0.018,0.0124,0.028220000000000002,0.38262,621482913792,11.998648642175377,23.270987924293877,0.017545179215748816
124,53,124.62264150943396,2363.0,28.7,12785958912,1430.0,3858.0,4236.0,6848.0,621.0,106467.0,2280.0,7676.0,469.0,26764.0,3602.0,1071.0,1529.0,166851.0,0.018,0.0233,0.00558,0.0557,0.00342,0.0323,0.00237,0.0301,0.0112,0.0135,0.0137,0.00282,0.00305,0.0179,0.0,0.0177,0.017,0.0166,0.0157,0.0155,55.0,51.0,61.0,64.0,63.0,12777963520.0,12776378368.0,12780036096.0,12778745856.0,12785815552.0,56.8,0.016980000000000002,12779816550.4,0.018,0.01266,0.0289,0.40052,634268872704,12.024862470922184,23.271613445849212,0.017741681476157102
126,57,175.33333333333334,2387.0,29.0,12781498368,1440.0,4293.0,4236.0,6848.0,621.0,106467.0,2255.0,7799.0,469.0,26764.0,3602.0,1071.0,1559.0,167423.0,0.018,0.0233,0.00558,0.0557,0.00352,0.0323,0.00234,0.0307,0.0112,0.0135,0.0137,0.0028,0.00305,0.018,0.0,0.0179,0.0177,0.017,0.0166,0.0157,53.0,55.0,51.0,61.0,64.0,12785958912.0,12777963520.0,12776378368.0,12780036096.0,12778745856.0,55.4,0.01744,12780367052.8,0.018,0.012920000000000001,0.029600000000000005,0.41852,647050371072,12.028284795936761,23.27126452229408,0.017839918128331
128,59,174.94915254237287,2377.0,28.3,12821622784,1487.0,4293.0,4236.0,7184.0,618.0,112659.0,2229.0,7921.0,474.0,26764.0,3679.0,1071.0,1570.0,174185.0,0.018,0.0233,0.00586,0.0557,0.00352,0.037,0.00232,0.0312,0.0112,0.0135,0.0144,0.00306,0.00305,0.0185,0.0,0.018,0.0179,0.0177,0.017,0.0166,57.0,53.0,55.0,51.0,61.0,12781498368.0,12785958912.0,12777963520.0,12776378368.0,12780036096.0,55.0,0.01782,12788684390.4,0.018,0.013320000000000002,0.03014,0.43702,659871993856,12.067878972777107,23.274398862721366,0.018330956684723457
130,59,124.89830508474576,2333.0,28.3,12808577024,1487.0,4551.0,4236.0,7184.0,622.0,112659.0,2203.0,7404.0,478.0,26764.0,3704.0,1037.0,1623.0,173951.0,0.018,0.0233,0.00586,0.0575,0.00352,0.037,0.00229,0.0318,0.0112,0.0156,0.0144,0.00306,0.00345,0.0189,0.0,0.0185,0.018,0.0179,0.0177,0.017,59.0,57.0,53.0,55.0,51.0,12821622784.0,12781498368.0,12785958912.0,12777963520.0,12776378368.0,56.6,0.0182,12795124121.6,0.018,0.01372,0.030679999999999995,0.45592,672680570880,12.066534678070761,23.27338086354669,0.018723613998102594
132,53,110.01886792452832,2344.0,28.3,12827410432,1487.0,4551.0,4236.0,7184.0,642.0,112659.0,2177.0,8590.0,493.0,27870.0,3832.0,1212.0,1623.0,176556.0,0.0181,0.0244,0.00586,0.0579,0.00352,0.037,0.00227,0.03,0.0112,0.0157,0.0144,0.00306,0.00345,0.0189,0.0,0.0189,0.0185,0.018,0.0179,0.0177,59.0,59.0,57.0,53.0,55.0,12808577024.0,12821622784.0,12781498368.0,12785958912.0,12777963520.0,56.2,0.018439999999999998,12805013504.0,0.018019999999999998,0.014119999999999999,0.03076,0.47482,685507981312,12.081399049395234,23.274850158335436,0.018723613998102594
134,66,172.24242424242425,2340.0,29.1,12826918912,1487.0,4551.0,4940.0,7184.0,642.0,112659.0,2151.0,8719.0,493.0,27870.0,3832.0,1212.0,1623.0,177363.0,0.0194,0.0267,0.00586,0.0597,0.00352,0.037,0.00224,0.0338,0.0112,0.0162,0.0144,0.0031,0.00345,0.0197,0.0,0.0189,0.0189,0.0185,0.018,0.0179,53.0,59.0,59.0,57.0,53.0,12827410432.0,12808577024.0,12821622784.0,12781498368.0,12785958912.0,58.8,0.0188,12813205504.0,0.0183,0.01426,0.0315,0.49452,698334900224,12.085959397035428,23.274811839656866,0.01950846638804296
136,59,164.9322033898305,2335.0,29.1,12826681344,1638.0,4551.0,4940.0,7184.0,642.0,125191.0,2126.0,8848.0,479.0,27870.0,3832.0,1262.0,1744.0,190305.0,0.0194,0.0267,0.00586,0.0597,0.00374,0.037,0.00224,0.0343,0.0133,0.0162,0.0157,0.0031,0.00356,0.0201,0.0,0.0197,0.0189,0.0189,0.0185,0.018,66.0,53.0,59.0,59.0,57.0,12826918912.0,12827410432.0,12808577024.0,12821622784.0,12781498368.0,59.2,0.01922,12822242099.2,0.018580000000000003,0.014660000000000001,0.03222,0.51462,711161581568,12.156388581951685,23.274793318435858,0.019900661706336167
138,60,266.21666666666664,2369.0,29.1,12830908416,1638.0,4551.0,4940.0,7184.0,642.0,125191.0,2038.0,8977.0,475.0,30642.0,4252.0,1262.0,1744.0,193535.0,0.0194,0.0267,0.00586,0.0597,0.00374,0.039,0.00222,0.0349,0.0133,0.0162,0.0157,0.0032,0.00356,0.0203,0.0,0.0201,0.0197,0.0189,0.0189,0.0185,59.0,66.0,53.0,59.0,59.0,12826681344.0,12826918912.0,12827410432.0,12808577024.0,12821622784.0,59.4,0.01958,12824099225.6,0.01886,0.01492,0.03296,0.53492,723992489984,12.173218820659095,23.275122817198405,0.02009670169912241
140,58,216.0,2358.0,29.1,12832915456,1638.0,5023.0,4940.0,7184.0,673.0,125191.0,2132.0,9106.0,549.0,30642.0,4252.0,1262.0,1744.0,194335.0,0.0194,0.0267,0.00565,0.0576,0.00374,0.0428,0.00219,0.0354,0.0133,0.0162,0.0157,0.0032,0.00356,0.0205,0.0,0.0203,0.0201,0.0197,0.0189,0.0189,60.0,59.0,66.0,53.0,59.0,12830908416.0,12826681344.0,12826918912.0,12827410432.0,12808577024.0,59.2,0.0199,12828966912.0,0.01914,0.015179999999999999,0.03368,0.5554199999999999,736825405440,12.177343898697302,23.275279227249687,0.020292703267762432
142,63,216.0,2362.0,29.1,12855832576,1638.0,5023.0,4940.0,8501.0,673.0,125191.0,2105.0,9235.0,549.0,30642.0,4252.0,1262.0,1744.0,195754.0,0.0194,0.0267,0.00704,0.0692,0.00374,0.0428,0.00216,0.036,0.0133,0.0179,0.0161,0.0032,0.00383,0.0218,0.0,0.0205,0.0203,0.0201,0.0197,0.0189,58.0,60.0,59.0,66.0,53.0,12832915456.0,12830908416.0,12826681344.0,12826918912.0,12827410432.0,61.2,0.02048,12834651340.8,0.0194,0.01552,0.03488,0.57722,749681238016,12.184619156311001,23.27706344235034,0.021565777914560547
144,48,283.5416666666667,2367.0,29.2,12859973632,1732.0,5023.0,4940.0,8501.0,673.0,130283.0,2079.0,9611.0,549.0,31983.0,4252.0,1262.0,1744.0,202630.0,0.0194,0.0267,0.00728,0.0692,0.00386,0.0428,0.00214,0.0365,0.0133,0.0179,0.0162,0.0032,0.00383,0.0219,0.0,0.0218,0.0205,0.0203,0.0201,0.0197,63.0,58.0,60.0,59.0,66.0,12855832576.0,12832915456.0,12830908416.0,12826681344.0,12826918912.0,57.6,0.02092,12841262284.8,0.0194,0.01588,0.03541999999999999,0.59912,762541211648,12.219141869950588,23.27738550544274,0.021663639636026324
146,63,217.0,2387.0,28.2,12869177344,1732.0,5290.0,5544.0,8501.0,673.0,138386.0,2052.0,9744.0,549.0,31983.0,4252.0,1262.0,1821.0,211788.0,0.0199,0.0277,0.00728,0.0692,0.00396,0.0428,0.00211,0.0375,0.0142,0.0179,0.0168,0.00326,0.00396,0.0222,0.0,0.0219,0.0218,0.0205,0.0203,0.0201,48.0,63.0,58.0,60.0,59.0,12859973632.0,12855832576.0,12832915456.0,12830908416.0,12826681344.0,58.4,0.02134,12849761484.8,0.0195,0.016099999999999996,0.036059999999999995,0.62132,775410388992,12.263345775012255,23.278100936154033,0.02195716735204214
148,57,158.01754385964912,2366.0,28.2,12867682304,1732.0,5290.0,5544.0,8501.0,690.0,138386.0,2026.0,9876.0,557.0,31983.0,4463.0,1457.0,1821.0,212326.0,0.0207,0.0277,0.00728,0.0692,0.00396,0.0428,0.00209,0.0381,0.0142,0.0183,0.0168,0.00326,0.00396,0.0224,0.0,0.0222,0.0219,0.0218,0.0205,0.0203,63.0,48.0,63.0,58.0,60.0,12869177344.0,12859973632.0,12855832576.0,12832915456.0,12830908416.0,57.8,0.02176,12857116262.4,0.01976,0.01632,0.036699999999999997,0.64372,788278071296,12.265882818125807,23.277984757255595,0.022152804641133304
150,50,147.76,2357.0,28.7,12871323648,1868.0,5290.0,5544.0,8501.0,690.0,138386.0,1999.0,10009.0,577.0,34045.0,4463.0,1457.0,1958.0,214786.0,0.0207,0.0268,0.00728,0.0734,0.00396,0.0428,0.00209,0.0387,0.0142,0.0189,0.0168,0.00326,0.00396,0.0227,0.0,0.0224,0.0222,0.0219,0.0218,0.0205,57.0,63.0,48.0,63.0,58.0,12867682304.0,12869177344.0,12859973632.0,12855832576.0,12832915456.0,56.2,0.0222,12864797900.8,0.02002,0.01654,0.03736,0.66642,801149394944,12.277402118370082,23.27826770089614,0.022446188829830054
152,55,278.03636363636366,2352.0,28.8,12876673024,1868.0,5626.0,5544.0,8501.0,706.0,138386.0,1972.0,10141.0,577.0,34045.0,4761.0,1457.0,1958.0,215542.0,0.0207,0.0311,0.00728,0.0734,0.00396,0.0428,0.00206,0.0392,0.0151,0.0189,0.0163,0.00326,0.00396,0.0232,0.0,0.0227,0.0224,0.0222,0.0219,0.0218,50.0,57.0,63.0,48.0,63.0,12871323648.0,12867682304.0,12869177344.0,12859973632.0,12855832576.0,54.6,0.02248,12868965990.4,0.02028,0.016579999999999998,0.038,0.68962,814026067968,12.280915704584164,23.27868321874358,0.02293497128249588
154,67,163.2537313432836,2346.0,29.2,12876947456,1868.0,5626.0,5544.0,8501.0,706.0,138386.0,1946.0,10274.0,577.0,34045.0,4761.0,1457.0,1958.0,215648.0,0.0207,0.0311,0.00786,0.0734,0.00396,0.0454,0.00204,0.0398,0.0151,0.0189,0.0186,0.00315,0.00396,0.0237,0.0,0.0232,0.0227,0.0224,0.0222,0.0219,55.0,50.0,57.0,63.0,48.0,12876673024.0,12871323648.0,12867682304.0,12869177344.0,12859973632.0,58.4,0.02284,12872360755.2,0.020539999999999996,0.01706,0.03866000000000001,0.71332,826903015424,12.281407364921717,23.27870453085387,0.023423514943588058
156,55,410.7636363636363,2351.0,29.2,12878827520,1868.0,5626.0,5544.0,9323.0,706.0,146874.0,1990.0,10406.0,611.0,35706.0,4761.0,1457.0,1958.0,226829.0,0.0207,0.0311,0.00786,0.0734,0.00396,0.0454,0.00201,0.0403,0.0151,0.0208,0.0186,0.00339,0.00396,0.0239,0.0,0.0237,0.0232,0.0227,0.0224,0.0222,67.0,55.0,50.0,57.0,63.0,12876947456.0,12876673024.0,12871323648.0,12867682304.0,12869177344.0,56.8,0.02318,12874290790.4,0.0207,0.017419999999999998,0.03922,0.73722,839781842944,12.331956117220425,23.278850522500786,0.023618865598633996
158,79,218.0,2368.0,28.7,12877422592,1868.0,5626.0,5754.0,9387.0,706.0,146874.0,1962.0,10538.0,611.0,35706.0,4761.0,1457.0,1958.0,227208.0,0.0207,0.0322,0.00786,0.0734,0.00405,0.0438,0.00199,0.0409,0.0163,0.0208,0.0186,0.00339,0.00403,0.024,0.0,0.0239,0.0237,0.0232,0.0227,0.0224,55.0,67.0,55.0,50.0,57.0,12878827520.0,12876947456.0,12876673024.0,12871323648.0,12867682304.0,61.2,0.0235,12876238848.0,0.0207,0.017779999999999997,0.039779999999999996,0.76122,852659265536,12.333625577720628,23.278741428358963,0.023716526617316044
160,65,160.56923076923076,2361.0,28.3,12877238272,1963.0,5626.0,5754.0,9691.0,706.0,146874.0,1935.0,9995.0,611.0,35706.0,4761.0,1457.0,2038.0,227117.0,0.0208,0.0322,0.00821,0.081,0.00421,0.0508,0.00196,0.039,0.0163,0.0208,0.0186,0.00339,0.00457,0.0252,0.0,0.024,0.0239,0.0237,0.0232,0.0227,79.0,55.0,67.0,55.0,50.0,12877422592.0,12878827520.0,12876947456.0,12876673024.0,12871323648.0,64.2,0.024,12877421772.8,0.02072,0.018139999999999996,0.03984,0.78642,865536503808,12.333224985190505,23.27872711483327,0.024887715507778994
162,56,149.33928571428572,2375.0,28.8,12882300928,1963.0,5807.0,5585.0,9691.0,706.0,141853.0,1907.0,9995.0,611.0,35706.0,4761.0,1564.0,2038.0,222188.0,0.0208,0.0322,0.00821,0.081,0.00421,0.0508,0.00193,0.039,0.0163,0.0208,0.019,0.00335,0.00457,0.0252,0.0,0.0252,0.024,0.0239,0.0237,0.0232,65.0,79.0,55.0,67.0,55.0,12877238272.0,12877422592.0,12878827520.0,12876947456.0,12876673024.0,64.4,0.024399999999999998,12878547353.6,0.02074,0.01868,0.039799999999999995,0.81162,878418804736,12.311283650011761,23.27912018522366,0.024887715507778994
164,59,216.0,2596.0,28.8,12893122560,1963.0,6025.0,6334.0,9691.0,712.0,162799.0,1880.0,11445.0,611.0,38524.0,5304.0,1647.0,2038.0,248974.0,0.0219,0.0322,0.00821,0.081,0.00421,0.0508,0.00196,0.0435,0.0163,0.0218,0.0197,0.00337,0.00457,0.0258,0.0,0.0252,0.0252,0.024,0.0239,0.0237,56.0,65.0,79.0,55.0,67.0,12882300928.0,12877238272.0,12877422592.0,12878827520.0,12876947456.0,62.8,0.024820000000000002,12881782374.4,0.02098,0.018899999999999997,0.04054000000000001,0.83742,891311927296,12.42510776879984,23.279959871340942,0.025472795973031023
166,51,139.54901960784315,2804.0,28.8,12892119040,1900.0,6025.0,6334.0,9691.0,768.0,162799.0,1852.0,11584.0,619.0,38524.0,5304.0,1647.0,2181.0,249229.0,0.0219,0.0322,0.00821,0.0841,0.00421,0.0508,0.00193,0.044,0.0163,0.0218,0.0197,0.00348,0.00457,0.0261,0.0,0.0258,0.0252,0.0252,0.024,0.0239,59.0,56.0,65.0,79.0,55.0,12893122560.0,12882300928.0,12877238272.0,12877422592.0,12878827520.0,62.0,0.025260000000000005,12884440678.4,0.02122,0.019119999999999998,0.04128,0.8635200000000001,904204046336,12.42613144388246,23.2798820345678,0.025765207886026414
168,66,275.07575757575756,2789.0,28.2,12900761600,1887.0,6487.0,6518.0,9691.0,768.0,162799.0,1825.0,11723.0,624.0,38524.0,5304.0,1647.0,2181.0,249977.0,0.0219,0.0319,0.00865,0.0841,0.00421,0.0508,0.0019,0.0446,0.0172,0.0218,0.0197,0.00348,0.00457,0.0262,0.0,0.0261,0.0258,0.0252,0.0252,0.024,51.0,59.0,56.0,65.0,79.0,12892119040.0,12893122560.0,12882300928.0,12877238272.0,12877422592.0,59.4,0.0257,12889108480.0,0.02146,0.01934,0.042019999999999995,0.8897200000000001,917104807936,12.429128192972156,23.280552185408524,0.02586265952572737
170,52,138.75,2776.0,29.0,12910903296,2119.0,6487.0,6731.0,9691.0,768.0,162799.0,1748.0,11861.0,645.0,40045.0,5304.0,1647.0,2181.0,252026.0,0.0219,0.035,0.00865,0.0841,0.00423,0.0541,0.00187,0.0452,0.0182,0.0218,0.0214,0.00348,0.00457,0.027,0.0,0.0262,0.0261,0.0258,0.0252,0.0252,66.0,51.0,59.0,56.0,65.0,12900761600.0,12892119040.0,12893122560.0,12882300928.0,12877238272.0,56.8,0.02606,12895841484.8,0.021679999999999998,0.0199,0.04326,0.9167200000000001,930015711232,12.437291503611318,23.281338008141148,0.02664193094642118
172,65,152.2,2787.0,29.0,12920344576,2119.0,6487.0,6731.0,9388.0,768.0,162799.0,1748.0,12000.0,624.0,40045.0,5304.0,1647.0,2288.0,251947.0,0.0218,0.0362,0.00865,0.0841,0.00438,0.0541,0.00185,0.0457,0.0182,0.0211,0.0214,0.0036,0.00512,0.0272,0.0,0.027,0.0262,0.0261,0.0258,0.0252,52.0,66.0,51.0,59.0,56.0,12910903296.0,12900761600.0,12892119040.0,12893122560.0,12882300928.0,58.6,0.02646,12903450214.4,0.02188,0.02038,0.0446,0.9439200000000001,942936055808,12.436977995994285,23.282069004991666,0.026836653953559674
174,63,477.1746031746032,2818.0,29.0,12922552320,2119.0,6487.0,6731.0,10532.0,768.0,172880.0,1842.0,12138.0,694.0,40045.0,5304.0,1737.0,2288.0,263565.0,0.0218,0.0362,0.00902,0.0841,0.00458,0.0541,0.00182,0.0463,0.0182,0.021,0.0214,0.0036,0.00512,0.0273,0.0,0.0272,0.027,0.0262,0.0261,0.0258,65.0,52.0,66.0,51.0,59.0,12920344576.0,12910903296.0,12900761600.0,12892119040.0,12893122560.0,59.4,0.02676,12909336166.4,0.021859999999999997,0.02072,0.04516,0.9712200000000001,955858608128,12.482059089983384,23.282239863855832,0.026934001240080944
176,47,307.1914893617021,2873.0,28.5,12920745984,2212.0,6487.0,7062.0,11029.0,768.0,172880.0,1813.0,12277.0,694.0,40045.0,5508.0,1737.0,2288.0,264798.0,0.0218,0.0362,0.00902,0.09,0.00458,0.0541,0.00179,0.0469,0.0182,0.024,0.0214,0.0036,0.00512,0.028,0.0,0.0273,0.0272,0.027,0.0262,0.0261,63.0,65.0,52.0,66.0,51.0,12922552320.0,12920344576.0,12910903296.0,12900761600.0,12892119040.0,58.6,0.027139999999999997,12915061555.2,0.021840000000000002,0.021060000000000002,0.04574,0.9992200000000001,968779354112,12.486726326602815,23.282100072411136,0.027615167032973367
178,65,546.4615384615385,2870.0,28.8,12915687424,2212.0,6487.0,7062.0,11029.0,768.0,172880.0,1783.0,12416.0,694.0,40045.0,5508.0,1737.0,2288.0,264908.0,0.0218,0.0362,0.00902,0.0954,0.00458,0.0593,0.00177,0.0482,0.0182,0.0248,0.0214,0.0036,0.00512,0.0291,0.0,0.028,0.0273,0.0272,0.027,0.0262,47.0,63.0,65.0,52.0,66.0,12920745984.0,12922552320.0,12920344576.0,12910903296.0,12900761600.0,58.4,0.02772,12918046720.0,0.02182,0.0214,0.04646,1.0283200000000001,981695041536,12.487141649767958,23.2817084889457,0.028684633859908954
180,48,134.3125,2851.0,28.5,12922945536,2212.0,6487.0,7062.0,11029.0,768.0,172880.0,1754.0,11862.0,694.0,42664.0,5335.0,1818.0,2407.0,266972.0,0.0224,0.0362,0.00902,0.0954,0.00458,0.0593,0.00178,0.0488,0.0182,0.0248,0.0221,0.0036,0.00512,0.0293,0.0,0.0291,0.028,0.0273,0.0272,0.027,65.0,47.0,63.0,65.0,52.0,12915687424.0,12920745984.0,12922552320.0,12920344576.0,12910903296.0,57.6,0.02818,12920455168.0,0.021920000000000002,0.021539999999999997,0.04718,1.0576200000000002,994617987072,12.494902808673546,23.28227029205669,0.02887895955037667
182,22,223.0,2820.0,28.2,12921040896,2317.0,6706.0,7062.0,11029.0,760.0,184498.0,1725.0,11862.0,694.0,45405.0,5840.0,1818.0,2407.0,282122.0,0.023,0.0377,0.00902,0.0954,0.00458,0.0593,0.00175,0.0494,0.0182,0.0248,0.0221,0.00368,0.00512,0.0295,0.0,0.0293,0.0291,0.028,0.0273,0.0272,48.0,65.0,47.0,63.0,65.0,12922945536.0,12915687424.0,12920745984.0,12922552320.0,12920344576.0,49.0,0.02864,12920594432.0,0.02216,0.021679999999999998,0.04792,1.0871200000000003,1007539027968,12.55009842503844,23.28212289683898,0.029073247485707086
184,83,488.66265060240966,2810.0,29.1,12916793344,2317.0,6730.0,7062.0,11029.0,755.0,184498.0,1696.0,13138.0,694.0,45405.0,5840.0,1818.0,2407.0,283388.0,0.023,0.0377,0.00983,0.0954,0.00458,0.0593,0.00172,0.0499,0.019,0.0248,0.0221,0.00368,0.00541,0.0297,0.0,0.0295,0.0293,0.0291,0.028,0.0273,22.0,48.0,65.0,47.0,63.0,12921040896.0,12922945536.0,12915687424.0,12920745984.0,12922552320.0,53.0,0.02912,12919442636.8,0.0224,0.02182,0.048639999999999996,1.1168200000000004,1020455821312,12.554575791088807,23.281794111384404,0.029267497680568088
186,53,143.7924528301887,3156.0,29.1,12913840128,2317.0,7317.0,7358.0,11029.0,816.0,184498.0,1667.0,13280.0,724.0,45405.0,6071.0,1818.0,2407.0,284706.0,0.023,0.0377,0.0104,0.0954,0.00458,0.0593,0.0017,0.0505,0.0206,0.0248,0.0221,0.00368,0.00541,0.0299,0.0,0.0297,0.0295,0.0293,0.0291,0.028,83.0,22.0,48.0,65.0,47.0,12916793344.0,12921040896.0,12922945536.0,12915687424.0,12920745984.0,54.2,0.0295,12918061465.6,0.02264,0.02196,0.04936,1.1467200000000004,1033369661440,12.559215860248727,23.28156545140858,0.02946171014961901
188,65,87.67692307692307,3460.0,29.1,12914507776,2404.0,7317.0,7358.0,11372.0,816.0,184498.0,1615.0,13421.0,724.0,45405.0,6071.0,1818.0,2536.0,285354.0,0.0234,0.0398,0.0104,0.0954,0.00475,0.0634,0.00167,0.0511,0.0206,0.0255,0.0213,0.00357,0.00573,0.0306,0.0,0.0299,0.0297,0.0295,0.0293,0.0291,53.0,83.0,22.0,48.0,65.0,12913840128.0,12916793344.0,12921040896.0,12922945536.0,12915687424.0,54.2,0.0298,12917825536.0,0.02296,0.021939999999999998,0.04994,1.1773200000000004,1046284169216,12.561489298152324,23.281617150263077,0.030141156911986842
190,55,141.6727272727273,3470.0,29.1,12913025024,2404.0,7317.0,7358.0,11872.0,816.0,191825.0,1586.0,13563.0,745.0,45405.0,6071.0,1890.0,2536.0,293388.0,0.0234,0.0398,0.0104,0.0954,0.00459,0.0634,0.00169,0.052,0.0206,0.027,0.0246,0.00355,0.00573,0.031,0.0,0.0306,0.0299,0.0297,0.0295,0.0293,65.0,53.0,83.0,22.0,48.0,12914507776.0,12913840128.0,12916793344.0,12921040896.0,12922945536.0,55.6,0.03014,12915841433.6,0.02316,0.02244,0.05058,1.2083200000000003,1059197194240,12.589254652508986,23.281502330778537,0.030529205034822874
192,55,392.6545454545454,3463.0,28.4,12918988800,2459.0,7317.0,7757.0,11872.0,818.0,197063.0,1558.0,13705.0,745.0,45405.0,6071.0,1890.0,2536.0,299196.0,0.0234,0.0398,0.0104,0.0954,0.00495,0.0664,0.00166,0.0526,0.0206,0.0279,0.0246,0.00379,0.00573,0.0314,0.0,0.031,0.0306,0.0299,0.0297,0.0295,55.0,65.0,53.0,83.0,22.0,12913025024.0,12914507776.0,12913840128.0,12916793344.0,12921040896.0,62.2,0.030520000000000002,12915431014.4,0.02324,0.022940000000000002,0.05122,1.2397200000000004,1072116183040,12.608857498294224,23.28196406606144,0.030917102634721517
194,57,143.6315789473684,3489.0,27.9,12928094208,2459.0,7317.0,7757.0,11872.0,845.0,197063.0,1529.0,13847.0,745.0,45405.0,6071.0,1969.0,2636.0,299515.0,0.0234,0.0398,0.0108,0.0974,0.00495,0.0664,0.00163,0.0532,0.0206,0.0279,0.0246,0.00379,0.00573,0.0317,0.0,0.0314,0.031,0.0306,0.0299,0.0297,55.0,55.0,65.0,53.0,83.0,12918988800.0,12913025024.0,12914507776.0,12913840128.0,12916793344.0,57.0,0.030919999999999996,12917691187.2,0.02332,0.02344,0.05188,1.2714200000000004,1085044277248,12.609923117481335,23.282668625904662,0.031207927124193163
196,66,152.86363636363637,3540.0,27.9,12930142208,2459.0,7317.0,7757.0,11872.0,845.0,197063.0,1500.0,13989.0,745.0,43971.0,6071.0,1969.0,2636.0,298195.0,0.0239,0.0386,0.0108,0.107,0.00495,0.0664,0.00161,0.0538,0.0215,0.0279,0.0246,0.00389,0.00573,0.0326,0.0,0.0317,0.0314,0.031,0.0306,0.0299,57.0,55.0,55.0,65.0,53.0,12928094208.0,12918988800.0,12913025024.0,12914507776.0,12913840128.0,59.6,0.03146,12920951603.2,0.0235,0.02394,0.052539999999999996,1.3040200000000004,1097974419456,12.605506267406579,23.282827028045567,0.03207989346341168
198,51,224.0,3568.0,28.5,12929114112,2459.0,7317.0,8214.0,11872.0,845.0,197063.0,1471.0,14131.0,745.0,47625.0,6170.0,1969.0,2636.0,302517.0,0.024,0.0383,0.0108,0.107,0.00495,0.0664,0.00158,0.0544,0.0215,0.0279,0.0246,0.00389,0.00573,0.0326,0.0,0.0326,0.0317,0.0314,0.031,0.0306,66.0,57.0,55.0,55.0,65.0,12930142208.0,12928094208.0,12918988800.0,12913025024.0,12914507776.0,56.8,0.03186,12923872870.4,0.023620000000000002,0.0246,0.053200000000000004,1.3366200000000004,1110903533568,12.619896058814964,23.28274751330719,0.03207989346341168
200,50,126.76,3532.0,29.3,12932894720,2567.0,7584.0,8214.0,11872.0,821.0,197063.0,1517.0,13564.0,775.0,49937.0,6666.0,1969.0,2636.0,305185.0,0.0249,0.0405,0.0108,0.107,0.00495,0.0664,0.00157,0.055,0.0215,0.0279,0.0246,0.00389,0.00599,0.0329,0.0,0.0326,0.0326,0.0317,0.0314,0.031,51.0,66.0,57.0,55.0,55.0,12929114112.0,12930142208.0,12928094208.0,12918988800.0,12913025024.0,55.8,0.03224,12927846809.6,0.02392,0.0246,0.0538,1.3695200000000003,1123836428288,12.628676705780673,23.283039881007717,0.032370380030450716
202,65,147.2,3780.0,29.3,12930981888,2567.0,7923.0,8214.0,12338.0,815.0,204007.0,1487.0,14662.0,775.0,49937.0,6666.0,2026.0,2636.0,314053.0,0.0252,0.0405,0.0111,0.107,0.00495,0.0664,0.00154,0.0556,0.0209,0.0279,0.0261,0.00389,0.00599,0.0331,0.0,0.0329,0.0326,0.0326,0.0317,0.0314,50.0,51.0,66.0,57.0,55.0,12932894720.0,12929114112.0,12930142208.0,12928094208.0,12918988800.0,57.8,0.03258,12930245427.2,0.024280000000000003,0.0249,0.05439999999999999,1.4026200000000002,1136767410176,12.65732022462676,23.28289196567141,0.03256399087326267
204,68,148.5441176470588,3798.0,29.3,12936318976,2567.0,7923.0,8214.0,11917.0,866.0,211545.0,1457.0,14807.0,775.0,49937.0,6666.0,2026.0,2743.0,321443.0,0.0252,0.0419,0.0111,0.107,0.00517,0.0664,0.00151,0.0561,0.0226,0.0291,0.0261,0.00393,0.00599,0.0336,0.0,0.0331,0.0329,0.0326,0.0326,0.0317,65.0,50.0,51.0,66.0,57.0,12930981888.0,12932894720.0,12929114112.0,12930142208.0,12928094208.0,60.0,0.03296,12931890380.8,0.024640000000000002,0.0252,0.054979999999999994,1.4362200000000003,1149703729152,12.680578623973327,23.28330461700317,0.03304785404620035
206,54,127.5,3801.0,28.7,12939460608,2567.0,7923.0,8214.0,13029.0,866.0,211545.0,1427.0,14951.0,808.0,49937.0,6666.0,2099.0,2743.0,322774.0,0.0252,0.0419,0.0111,0.107,0.00517,0.0711,0.00148,0.054,0.0226,0.0291,0.0253,0.00393,0.00617,0.0337,0.0,0.0336,0.0331,0.0329,0.0326,0.0326,68.0,65.0,50.0,51.0,66.0,12936318976.0,12930981888.0,12932894720.0,12929114112.0,12930142208.0,57.6,0.03318,12933754060.8,0.0249,0.02534,0.05502,1.4699200000000003,1162643189760,12.684710765042919,23.283547441147274,0.033144598592302024
208,51,120.0,3810.0,28.2,12940709888,2567.0,7923.0,7955.0,13029.0,866.0,220272.0,1397.0,15095.0,808.0,49937.0,6666.0,2099.0,2743.0,331356.0,0.0252,0.0419,0.0111,0.107,0.00517,0.0739,0.00145,0.0576,0.0235,0.0305,0.0273,0.00393,0.00638,0.0346,0.0,0.0337,0.0336,0.0331,0.0329,0.0326,54.0,68.0,65.0,50.0,51.0,12939460608.0,12936318976.0,12930981888.0,12932894720.0,12929114112.0,57.6,0.03358,12936073216.0,0.025140000000000003,0.025880000000000004,0.05566,1.5045200000000003,1175583899648,12.71095162299113,23.283643984560776,0.03401487858727765
210,62,219.0,4125.0,28.5,12939190272,2475.0,7923.0,8619.0,13029.0,895.0,220272.0,1366.0,15240.0,808.0,49937.0,6666.0,2099.0,2743.0,332071.0,0.0252,0.0419,0.0111,0.118,0.00517,0.0739,0.00143,0.0582,0.0235,0.0305,0.0273,0.00393,0.00638,0.0356,0.0,0.0346,0.0337,0.0336,0.0331,0.0329,51.0,54.0,68.0,65.0,50.0,12940709888.0,12939460608.0,12936318976.0,12930981888.0,12932894720.0,60.0,0.03412,12937332326.4,0.0252,0.02642,0.056299999999999996,1.5401200000000004,1188523089920,12.713107091856156,23.283526548558918,0.03498096889524552
212,43,461.09302325581393,4128.0,28.5,12935397376,2751.0,7923.0,8619.0,13029.0,895.0,220272.0,1417.0,15384.0,843.0,49937.0,6823.0,2099.0,2853.0,332844.0,0.0252,0.043,0.0121,0.118,0.00517,0.0739,0.0014,0.0588,0.0235,0.0305,0.0273,0.00402,0.00663,0.0358,0.0,0.0356,0.0346,0.0337,0.0336,0.0331,62.0,51.0,54.0,68.0,65.0,12939190272.0,12940709888.0,12939460608.0,12936318976.0,12930981888.0,55.6,0.03466,12938215424.0,0.0252,0.02666,0.056940000000000004,1.5759200000000004,1201458487296,12.715432195134438,23.283233373179396,0.035174075007654036
214,75,150.6,4153.0,28.5,12937879552,2851.0,8397.0,8988.0,13695.0,905.0,220272.0,1385.0,15528.0,843.0,54854.0,7027.0,2099.0,2853.0,339696.0,0.0252,0.043,0.0122,0.118,0.00517,0.0739,0.00137,0.0594,0.0242,0.0305,0.0273,0.00402,0.00663,0.0359,0.0,0.0358,0.0356,0.0346,0.0337,0.0336,43.0,62.0,51.0,54.0,68.0,12935397376.0,12939190272.0,12940709888.0,12939460608.0,12936318976.0,57.0,0.03512,12938527539.2,0.0252,0.0269,0.057600000000000005,1.6118200000000005,1214396366848,12.735809322787924,23.283425244971617,0.03527061408191929
216,58,220.0,4106.0,29.2,12939264000,2851.0,8665.0,8988.0,13695.0,905.0,220272.0,1353.0,15673.0,843.0,54854.0,7278.0,2216.0,2923.0,340516.0,0.0259,0.0446,0.0126,0.118,0.00538,0.0739,0.00138,0.06,0.0242,0.0305,0.0273,0.00402,0.00663,0.0362,0.0,0.0359,0.0358,0.0356,0.0346,0.0337,75.0,43.0,62.0,51.0,54.0,12937879552.0,12935397376.0,12939190272.0,12940709888.0,12939460608.0,57.8,0.03562,12938488217.6,0.02534,0.0273,0.058800000000000005,1.6480200000000005,1227335630848,12.738220329903974,23.28353224658085,0.03556017539855087
218,56,220.0,4103.0,29.2,12935876608,2851.0,8665.0,8988.0,13695.0,905.0,220272.0,1321.0,15118.0,843.0,54854.0,7278.0,2150.0,2944.0,339883.0,0.0252,0.0446,0.0126,0.118,0.00556,0.0739,0.00135,0.0607,0.0242,0.0305,0.0273,0.00402,0.00663,0.0362,0.0,0.0362,0.0359,0.0358,0.0356,0.0346,58.0,75.0,43.0,62.0,51.0,12939264000.0,12937879552.0,12935397376.0,12939190272.0,12940709888.0,58.8,0.03594,12937521561.6,0.02534,0.0273,0.059419999999999994,1.6842200000000005,1240271507456,12.736359661907823,23.283270420601205,0.03556017539855087
220,49,108.91836734693878,4129.0,27.9,12937109504,2851.0,8665.0,8988.0,13695.0,905.0,220272.0,1289.0,16233.0,843.0,54854.0,7278.0,2300.0,3039.0,341212.0,0.0272,0.0446,0.0126,0.118,0.00556,0.0739,0.00132,0.0613,0.0249,0.0296,0.029,0.00389,0.00663,0.0365,0.0,0.0362,0.0362,0.0359,0.0358,0.0356,56.0,58.0,75.0,43.0,62.0,12935876608.0,12939264000.0,12937879552.0,12935397376.0,12939190272.0,56.2,0.03612,12937105408.0,0.025740000000000002,0.027639999999999998,0.06004,1.7207200000000005,1253208616960,12.740262194694477,23.28336572432807,0.03584965289369722
222,52,219.0,4181.0,27.9,12940902400,2851.0,8665.0,8988.0,13695.0,929.0,236481.0,1257.0,16380.0,872.0,54854.0,7278.0,2300.0,3109.0,357658.0,0.0272,0.046,0.0126,0.118,0.00556,0.0739,0.00129,0.0619,0.0256,0.0339,0.029,0.0041,0.0068,0.0372,0.0,0.0365,0.0362,0.0362,0.0359,0.0358,49.0,56.0,58.0,75.0,43.0,12937109504.0,12935876608.0,12939264000.0,12937879552.0,12935397376.0,58.0,0.0364,12938206412.8,0.026139999999999997,0.027980000000000005,0.060660000000000006,1.7579200000000004,1266149519360,12.787335297486656,23.283658860913754,0.036524774682372266
224,74,143.74324324324326,4182.0,28.7,12941357056,2913.0,8665.0,9303.0,13221.0,929.0,236481.0,1289.0,16527.0,872.0,54854.0,7278.0,2300.0,3109.0,357741.0,0.0272,0.046,0.0126,0.118,0.00556,0.0713,0.00126,0.0625,0.0256,0.0339,0.03,0.0041,0.00696,0.0371,0.0,0.0372,0.0365,0.0362,0.0362,0.0359,52.0,49.0,56.0,58.0,75.0,12940902400.0,12937109504.0,12935876608.0,12939264000.0,12937879552.0,57.8,0.036640000000000006,12938901913.6,0.026539999999999998,0.02852,0.06128,1.7950200000000003,1279090876416,12.787567335184038,23.28369399354974,0.03642835661355149
226,47,98.51063829787236,4138.0,28.7,12933984256,2913.0,8665.0,9551.0,14228.0,951.0,236481.0,1256.0,16674.0,872.0,54854.0,7278.0,2300.0,3109.0,359132.0,0.0272,0.0484,0.0129,0.114,0.00556,0.0801,0.00123,0.0631,0.0256,0.0339,0.03,0.0041,0.00721,0.0378,0.0,0.0371,0.0372,0.0365,0.0362,0.0362,74.0,52.0,49.0,56.0,58.0,12941357056.0,12940902400.0,12937109504.0,12935876608.0,12939264000.0,55.6,0.03696000000000001,12937845964.8,0.026799999999999997,0.029060000000000002,0.0619,1.8328200000000003,1292024860672,12.791448072399644,23.283124122790543,0.03710308795150221
228,67,217.0,4119.0,28.7,12932857856,2913.0,8665.0,9889.0,15047.0,951.0,236481.0,1223.0,16820.0,888.0,57828.0,7538.0,2300.0,3109.0,363652.0,0.0272,0.0484,0.0129,0.128,0.00556,0.0832,0.00126,0.0637,0.0264,0.0339,0.03,0.0042,0.00721,0.0393,0.0,0.0378,0.0371,0.0372,0.0365,0.0362,47.0,74.0,52.0,49.0,56.0,12933984256.0,12941357056.0,12940902400.0,12937109504.0,12935876608.0,57.8,0.03758,12937242214.4,0.0272,0.029599999999999998,0.0625,1.8721200000000002,1304957718528,12.803955395239296,23.28303703059771,0.03854740961223893
230,57,116.29824561403508,4159.0,29.3,12932882432,2988.0,9304.0,9889.0,15047.0,951.0,236481.0,1189.0,16967.0,894.0,57828.0,7538.0,2300.0,3109.0,364485.0,0.0272,0.0484,0.0129,0.128,0.00556,0.0832,0.00123,0.0648,0.0264,0.0339,0.03,0.0042,0.00721,0.0394,0.0,0.0393,0.0378,0.0371,0.0372,0.0365,67.0,47.0,74.0,52.0,49.0,12932857856.0,12933984256.0,12941357056.0,12940902400.0,12937109504.0,59.4,0.03816,12936396800.0,0.0272,0.0298,0.06319999999999999,1.9115200000000003,1317890600960,12.806243420914065,23.28303893087195,0.038643623592204426
232,49,570.4285714285714,4137.0,29.3,12925333504,3086.0,9304.0,9889.0,15047.0,951.0,248345.0,1156.0,17246.0,924.0,59624.0,7820.0,2453.0,3109.0,378952.0,0.0272,0.0484,0.0136,0.128,0.00571,0.0832,0.0012,0.0654,0.0264,0.0339,0.03,0.00425,0.00721,0.0395,0.0,0.0394,0.0393,0.0378,0.0371,0.0372,57.0,67.0,47.0,74.0,52.0,12932882432.0,12932857856.0,12933984256.0,12941357056.0,12940902400.0,58.8,0.03862,12933283020.8,0.0272,0.03,0.0639,1.9510200000000004,1330815934464,12.845167465820529,23.282455060102787,0.03873982831593056
234,77,371.3636363636364,4097.0,29.3,12920672256,3086.0,9304.0,9889.0,15047.0,972.0,253718.0,1153.0,17394.0,947.0,59624.0,7820.0,2453.0,3109.0,384515.0,0.0272,0.0496,0.0136,0.128,0.00578,0.0832,0.00117,0.066,0.0264,0.0339,0.0308,0.00425,0.00721,0.0397,0.0,0.0395,0.0394,0.0393,0.0378,0.0371,49.0,57.0,67.0,47.0,74.0,12925333504.0,12932882432.0,12932857856.0,12933984256.0,12941357056.0,59.4,0.039139999999999994,12929146060.8,0.0272,0.03016,0.0646,1.9907200000000005,1343736606720,12.859740679545805,23.282094366222776,0.038932210001787475
236,69,221.0,4155.0,28.0,12927098880,3086.0,9304.0,10209.0,15047.0,984.0,253718.0,1119.0,17542.0,947.0,59624.0,7820.0,2453.0,3197.0,385050.0,0.0275,0.0496,0.0136,0.128,0.00596,0.0832,0.00114,0.0666,0.0264,0.0339,0.0319,0.00425,0.00721,0.0399,0.0,0.0397,0.0395,0.0394,0.0393,0.0378,77.0,49.0,57.0,67.0,47.0,12920672256.0,12925333504.0,12932882432.0,12932857856.0,12933984256.0,63.8,0.03956,12927768985.6,0.027259999999999996,0.03054,0.0653,2.0306200000000003,1356663705600,12.86113107202934,23.282591633402845,0.03912455468405003
238,50,101.3,4154.0,27.6,12916248576,3141.0,9304.0,10209.0,15336.0,984.0,253718.0,1084.0,17690.0,947.0,59624.0,7820.0,2453.0,3109.0,385420.0,0.0279,0.0496,0.0136,0.132,0.00596,0.085,0.00111,0.0671,0.0277,0.0364,0.0319,0.00425,0.00745,0.0408,0.0,0.0399,0.0397,0.0395,0.0394,0.0393,69.0,77.0,49.0,57.0,67.0,12927098880.0,12920672256.0,12925333504.0,12932882432.0,12932857856.0,60.4,0.03985999999999999,12924447129.6,0.0274,0.030920000000000003,0.06598000000000001,2.0714200000000003,1369579954176,12.8620915223207,23.281751935321537,0.03998964821615847
240,60,220.0,4210.0,28.0,12916445184,3141.0,9304.0,10209.0,15336.0,984.0,253718.0,1050.0,17838.0,947.0,59624.0,7820.0,2453.0,3426.0,385850.0,0.0279,0.0496,0.014,0.137,0.00596,0.085,0.000913,0.0677,0.0277,0.0364,0.0319,0.00425,0.00745,0.0413,0.0,0.0408,0.0399,0.0397,0.0395,0.0394,50.0,69.0,77.0,49.0,57.0,12916248576.0,12927098880.0,12920672256.0,12925333504.0,12932882432.0,61.0,0.04024,12921159680.0,0.02754,0.0313,0.06656,2.1127200000000004,1382496399360,12.863206563563095,23.281767156962903,0.04046993255371322
242,71,220.0,4123.0,28.8,12917170176,3141.0,9304.0,10209.0,15336.0,984.0,253718.0,1015.0,17986.0,947.0,59624.0,8008.0,2453.0,3426.0,386152.0,0.0279,0.0513,0.014,0.137,0.00596,0.085,0.000913,0.0683,0.0288,0.0364,0.0319,0.00433,0.00771,0.0416,0.0,0.0413,0.0408,0.0399,0.0397,0.0395,60.0,50.0,69.0,77.0,49.0,12916445184.0,12916248576.0,12927098880.0,12920672256.0,12925333504.0,65.4,0.04066,12919527014.4,0.02768,0.03168,0.06714,2.1543200000000002,1395413569536,12.863988942968914,23.28182328476306,0.04075799247216774
244,55,220.0,4101.0,29.2,12916330496,3141.0,10135.0,10495.0,16131.0,1017.0,253718.0,981.0,18134.0,947.0,63549.0,8342.0,2520.0,3426.0,392538.0,0.0279,0.0513,0.014,0.14,0.00596,0.085,0.00104,0.0689,0.0288,0.0364,0.0319,0.00433,0.00771,0.042,0.0,0.0416,0.0413,0.0408,0.0399,0.0397,71.0,60.0,50.0,69.0,77.0,12917170176.0,12916445184.0,12916248576.0,12927098880.0,12920672256.0,61.0,0.041120000000000004,12918658662.4,0.02782,0.0319,0.06772,2.19632,1408329900032,12.880391174325743,23.281758277700266,0.04114194333117518
246,54,104.72222222222224,4116.0,29.2,12917510144,3141.0,10135.0,10568.0,16131.0,1017.0,265585.0,947.0,18536.0,947.0,65159.0,8342.0,2596.0,3426.0,406531.0,0.0279,0.0513,0.0149,0.14,0.00609,0.0878,0.00101,0.0702,0.0288,0.0364,0.0319,0.00433,0.00771,0.0424,0.0,0.042,0.0416,0.0413,0.0408,0.0399,55.0,71.0,60.0,50.0,69.0,12916330496.0,12917170176.0,12916445184.0,12916248576.0,12927098880.0,58.0,0.041620000000000004,12916740915.2,0.0279,0.0319,0.06844000000000001,2.2387200000000003,1421247410176,12.915417925658891,23.281849603493992,0.04152574682849831
248,55,104.8181818181818,4126.0,29.2,12915171328,3291.0,10135.0,10934.0,16381.0,1017.0,265585.0,912.0,18686.0,995.0,65159.0,8342.0,2665.0,3426.0,407528.0,0.0291,0.0513,0.0149,0.14,0.00609,0.0909,0.000976,0.0708,0.0288,0.0379,0.0344,0.00442,0.00771,0.0431,0.0,0.0424,0.042,0.0416,0.0413,0.0408,54.0,55.0,71.0,60.0,50.0,12917510144.0,12916330496.0,12917170176.0,12916445184.0,12916248576.0,59.0,0.04208,12916525465.6,0.028140000000000005,0.0324,0.06917999999999999,2.28182,1434162581504,12.917867374775073,23.281668529298596,0.04219704869978835
250,53,456.9811320754717,4130.0,29.2,12915093504,3291.0,10135.0,10934.0,16381.0,1017.0,265585.0,933.0,18836.0,1014.0,65159.0,8342.0,2665.0,3426.0,407719.0,0.0291,0.0526,0.0149,0.14,0.00609,0.0926,0.000944,0.0714,0.0296,0.0379,0.0344,0.00442,0.00771,0.0435,0.0,0.0431,0.0424,0.042,0.0416,0.0413,55.0,54.0,55.0,71.0,60.0,12915171328.0,12917510144.0,12916330496.0,12917170176.0,12916445184.0,57.6,0.04252,12916255129.6,0.02838,0.0329,0.06992000000000001,2.32532,1447077675008,12.918335943282349,23.28166250349898,0.04258044753511839
252,76,220.0,4139.0,29.2,12926218240,3359.0,10135.0,11216.0,16381.0,1035.0,273339.0,897.0,18986.0,1014.0,65159.0,8342.0,2665.0,3426.0,415955.0,0.0296,0.0543,0.0149,0.14,0.00632,0.0926,0.000912,0.072,0.0298,0.0379,0.0344,0.00442,0.00813,0.0438,0.0,0.0435,0.0431,0.0424,0.042,0.0416,53.0,55.0,54.0,55.0,71.0,12915093504.0,12915171328.0,12917510144.0,12916330496.0,12917170176.0,58.6,0.04296,12918064742.4,0.028720000000000002,0.0334,0.07065999999999999,2.36912,1460003893248,12.938334764418672,23.28252350752204,0.042867900227175806
254,56,220.0,4149.0,27.6,12934647808,3359.0,10135.0,11216.0,16381.0,1035.0,273339.0,860.0,19136.0,1014.0,65159.0,8342.0,2665.0,3426.0,416068.0,0.0296,0.0543,0.0149,0.143,0.00632,0.0926,0.000879,0.0726,0.0312,0.0389,0.0344,0.00453,0.00835,0.0443,0.0,0.0438,0.0435,0.0431,0.0424,0.042,76.0,53.0,55.0,54.0,55.0,12926218240.0,12915093504.0,12915171328.0,12917510144.0,12916330496.0,58.8,0.04342,12921728204.8,0.029060000000000002,0.0339,0.07139999999999999,2.41342,1472938541056,12.938606390873874,23.283175424459568,0.04334680450336586
256,62,220.0,4144.0,28.1,12937560064,3359.0,10135.0,11216.0,16381.0,1035.0,273339.0,824.0,19286.0,1014.0,65159.0,8992.0,2665.0,3614.0,417020.0,0.0296,0.0543,0.0144,0.143,0.00632,0.0926,0.000847,0.0732,0.0312,0.0389,0.0344,0.00453,0.00835,0.0443,0.0,0.0443,0.0438,0.0435,0.0431,0.0424,56.0,76.0,53.0,55.0,54.0,12934647808.0,12926218240.0,12915093504.0,12915171328.0,12917510144.0,60.4,0.0438,12925738188.8,0.029400000000000003,0.0344,0.072,2.4577199999999997,1485876101120,12.940891859225161,23.283400550666535,0.04334680450336586
258,60,110.21666666666668,4138.0,28.5,12905123840,3359.0,10135.0,11216.0,17021.0,1076.0,273339.0,787.0,19597.0,1014.0,65159.0,8992.0,2665.0,3738.0,418099.0,0.0296,0.0543,0.0156,0.15,0.00632,0.0926,0.000815,0.0738,0.0312,0.0389,0.0344,0.00453,0.00835,0.0451,0.0,0.0443,0.0443,0.0438,0.0435,0.0431,62.0,56.0,76.0,53.0,55.0,12937560064.0,12934647808.0,12926218240.0,12915093504.0,12915171328.0,61.4,0.0442,12923728691.2,0.029500000000000005,0.0344,0.0726,2.50282,1498781224960,12.943475917344657,23.280890266428944,0.04411257461832096
260,76,219.0,4182.0,29.0,12904660992,3359.0,10094.0,11216.0,17021.0,1076.0,285645.0,751.0,19748.0,1014.0,65159.0,8992.0,2802.0,3738.0,430614.0,0.0311,0.0543,0.0156,0.15,0.00632,0.0926,0.000785,0.0719,0.0312,0.0408,0.0344,0.00453,0.00835,0.0452,0.0,0.0451,0.0443,0.0443,0.0438,0.0435,60.0,62.0,56.0,76.0,53.0,12905123840.0,12937560064.0,12934647808.0,12926218240.0,12915093504.0,66.0,0.044539999999999996,12921642188.8,0.029900000000000003,0.0344,0.0727,2.5480199999999997,1511685885952,12.972969698419465,23.280854400341486,0.044208254664320365
262,58,103.1206896551724,4217.0,29.0,12881866752,3466.0,10748.0,11216.0,17021.0,1076.0,285645.0,715.0,19899.0,1014.0,70765.0,8992.0,2802.0,3738.0,437095.0,0.0311,0.0575,0.0156,0.15,0.00647,0.0944,0.000753,0.0756,0.0312,0.0408,0.0344,0.00453,0.00835,0.0459,0.0,0.0452,0.0451,0.0443,0.0443,0.0438,76.0,60.0,62.0,56.0,76.0,12904660992.0,12905123840.0,12937560064.0,12934647808.0,12926218240.0,62.4,0.04496,12912771891.2,0.030199999999999998,0.0344,0.07342,2.59392,1524567752704,12.987908129585557,23.279086481359798,0.04487775877808546
264,52,87.75,4173.0,29.0,12856098816,3581.0,11102.0,11752.0,17348.0,1076.0,285645.0,473.0,20051.0,1008.0,70765.0,8992.0,2802.0,3738.0,438332.0,0.0311,0.0575,0.0161,0.15,0.00647,0.0977,0.000721,0.0762,0.0312,0.0414,0.0362,0.00453,0.00835,0.0465,0.0,0.0459,0.0452,0.0451,0.0443,0.0443,58.0,76.0,60.0,62.0,56.0,12881866752.0,12904660992.0,12905123840.0,12937560064.0,12934647808.0,61.6,0.0454,12897062092.8,0.0305,0.03476,0.07414,2.6404199999999998,1537423851520,12.99073417446933,23.27708415180199,0.04545126290391737
266,61,217.0,4135.0,28.9,12856651776,3625.0,11102.0,11752.0,17348.0,1076.0,291000.0,614.0,20202.0,1095.0,70765.0,8992.0,2802.0,3738.0,444109.0,0.0311,0.0575,0.0166,0.15,0.00675,0.0977,0.000689,0.0768,0.0312,0.0414,0.0372,0.00458,0.00835,0.0467,0.0,0.0465,0.0459,0.0452,0.0451,0.0443,52.0,58.0,76.0,60.0,62.0,12856098816.0,12881866752.0,12904660992.0,12905123840.0,12937560064.0,61.4,0.04588,12880880435.2,0.0308,0.035320000000000004,0.07486,2.6871199999999997,1550280503296,13.003827558477704,23.277127162369688,0.04564235787870107
268,54,89.44444444444444,4118.0,28.2,12856246272,3625.0,11102.0,12047.0,17348.0,1040.0,291000.0,578.0,20353.0,1095.0,70765.0,8992.0,2802.0,3738.0,444483.0,0.0301,0.0575,0.0166,0.152,0.00675,0.0977,0.000657,0.0774,0.0303,0.0414,0.0372,0.00468,0.00893,0.0468,0.0,0.0467,0.0465,0.0459,0.0452,0.0451,61.0,52.0,58.0,76.0,60.0,12856651776.0,12856098816.0,12881866752.0,12904660992.0,12905123840.0,60.2,0.04622,12871104921.6,0.0309,0.035879999999999995,0.07558000000000001,2.73392,1563136749568,13.00466933778768,23.27709562146759,0.04573789167385374
270,68,216.0,4164.0,28.2,12852764672,3625.0,11102.0,12047.0,18328.0,1091.0,291000.0,542.0,20504.0,1095.0,70765.0,8992.0,2802.0,3738.0,445630.0,0.0299,0.0575,0.0166,0.152,0.00675,0.0977,0.000625,0.078,0.0317,0.0414,0.0372,0.00468,0.00893,0.0469,0.0,0.0468,0.0467,0.0465,0.0459,0.0452,54.0,61.0,52.0,58.0,76.0,12856246272.0,12856651776.0,12856098816.0,12881866752.0,12904660992.0,58.6,0.046560000000000004,12860725657.6,0.03066,0.03644,0.07680000000000001,2.78082,1575989514240,13.00724653429568,23.27682477479608,0.04583341634317221
272,64,106.3125,4170.0,28.2,12855840768,3625.0,11246.0,12047.0,18328.0,1091.0,300099.0,506.0,20656.0,1095.0,70765.0,9154.0,2924.0,3738.0,455273.0,0.0304,0.0575,0.0171,0.152,0.00675,0.0977,0.00066,0.0786,0.0341,0.0414,0.0372,0.00468,0.00893,0.0473,0.0,0.0469,0.0468,0.0467,0.0465,0.0459,68.0,54.0,61.0,52.0,58.0,12852764672.0,12856246272.0,12856651776.0,12856098816.0,12881866752.0,59.8,0.04684000000000001,12855520460.8,0.03052,0.03699999999999999,0.0774,2.8281199999999997,1588845355008,13.028654714486951,23.277064079570632,0.04621542379696299
274,50,215.0,4187.0,28.2,12826243072,3625.0,11246.0,12047.0,18328.0,1140.0,311446.0,470.0,21032.0,1095.0,70765.0,9091.0,2924.0,3706.0,466914.0,0.0317,0.0575,0.0171,0.158,0.00675,0.103,0.000625,0.0792,0.0341,0.0432,0.0372,0.00468,0.00893,0.0485,0.0,0.0473,0.0469,0.0468,0.0467,0.0465,64.0,68.0,54.0,61.0,52.0,12855840768.0,12852764672.0,12856246272.0,12856651776.0,12856098816.0,59.4,0.04724,12849549312.0,0.03064,0.0372,0.078,2.87662,1601671598080,13.05390250723672,23.274759149076225,0.04736057135983759
276,58,92.10344827586206,4128.0,28.9,12830040064,3660.0,11246.0,12047.0,18328.0,1140.0,311446.0,434.0,21185.0,1095.0,70765.0,9651.0,2986.0,4020.0,468002.0,0.0317,0.0606,0.0171,0.163,0.00675,0.103,0.000591,0.0803,0.0341,0.0439,0.0372,0.00468,0.00893,0.0493,0.0,0.0485,0.0473,0.0469,0.0468,0.0467,50.0,64.0,68.0,54.0,61.0,12826243072.0,12855840768.0,12852764672.0,12856246272.0,12856651776.0,58.8,0.047760000000000004,12844226969.6,0.03076,0.0372,0.0787,2.92592,1614501638144,13.056229985135648,23.275055138328238,0.04812327518172827
278,58,214.0,4189.0,28.8,12832804864,3660.0,11246.0,12489.0,18328.0,1140.0,311446.0,398.0,21337.0,1095.0,68535.0,9651.0,2986.0,4020.0,466332.0,0.0317,0.0625,0.0171,0.163,0.00652,0.0996,0.000556,0.0809,0.0341,0.0439,0.0392,0.0048,0.00908,0.0494,0.0,0.0493,0.0485,0.0473,0.0469,0.0468,58.0,50.0,64.0,68.0,54.0,12830040064.0,12826243072.0,12855840768.0,12852764672.0,12856246272.0,59.6,0.04828,12839538688.0,0.031079999999999997,0.0376,0.0794,2.97532,1627334443008,13.05265525018297,23.275270609373496,0.04821857227047433
280,53,214.0,4185.0,29.3,12837269504,3831.0,11699.0,12489.0,17741.0,1137.0,311446.0,363.0,21490.0,1095.0,76917.0,9651.0,2986.0,4020.0,474865.0,0.0317,0.0625,0.0171,0.163,0.00682,0.105,0.000522,0.0815,0.0341,0.0439,0.0392,0.0048,0.00908,0.05,0.0,0.0494,0.0493,0.0485,0.0473,0.0469,58.0,58.0,50.0,64.0,68.0,12832804864.0,12830040064.0,12826243072.0,12855840768.0,12852764672.0,56.6,0.0489,12836439654.4,0.031439999999999996,0.03799999999999999,0.08009999999999999,3.02532,1640171712512,13.070787937954446,23.275618457220034,0.04879016416943201
282,71,316.9577464788732,4164.0,28.5,12846243840,3831.0,11699.0,12489.0,18711.0,1137.0,301724.0,,21643.0,1125.0,76917.0,9651.0,2986.0,4020.0,465933.0,0.0317,0.0625,0.0176,0.163,0.00712,0.105,0.000488,0.0822,0.0341,0.0439,0.0392,0.0048,0.00942,0.0501,0.0,0.05,0.0494,0.0493,0.0485,0.0473,53.0,58.0,58.0,50.0,64.0,12837269504.0,12832804864.0,12830040064.0,12826243072.0,12855840768.0,58.0,0.04946,12834520268.8,0.0317,0.038400000000000004,0.08082,3.07542,1653017956352,13.051799272175892,23.276317297463915,0.04888539772981063
284,54,78.62962962962963,4164.0,28.5,12846653440,3831.0,11699.0,12103.0,18711.0,1137.0,315427.0,,21796.0,1125.0,76917.0,9651.0,3158.0,4020.0,479575.0,0.0317,0.0625,0.0177,0.158,0.00712,0.105,0.000453,0.0828,0.0365,0.0439,0.0399,0.0048,0.00942,0.05,0.0,0.0501,0.05,0.0494,0.0493,0.0485,71.0,53.0,58.0,58.0,50.0,12846243840.0,12837269504.0,12832804864.0,12830040064.0,12826243072.0,58.8,0.049760000000000006,12838602342.4,0.0317,0.038939999999999995,0.08154,3.1254199999999996,1665864609792,13.08065765918195,23.276349181762175,0.04879016416943201
286,62,214.0,4154.0,28.5,12845125632,3831.0,11699.0,12511.0,19667.0,1137.0,315427.0,,21949.0,1125.0,76917.0,9651.0,3158.0,4020.0,481092.0,0.0312,0.0625,0.0183,0.157,0.00712,0.105,,0.0834,0.0365,0.0456,0.0399,0.0048,0.00942,0.0501,0.0,0.05,0.0501,0.05,0.0494,0.0493,54.0,71.0,53.0,58.0,58.0,12846653440.0,12846243840.0,12837269504.0,12832804864.0,12830040064.0,59.6,0.04992,12841619456.0,0.031599999999999996,0.03948,0.08216,3.1755199999999997,1678709735424,13.083815877592086,23.276230248153304,0.04888539772981063
288,70,214.0,4128.0,29.1,12847345664,3831.0,11345.0,13095.0,19667.0,1137.0,315427.0,,22102.0,1125.0,76917.0,9958.0,3158.0,4029.0,481790.0,0.0324,0.0637,0.0183,0.166,0.00712,0.105,,0.084,0.0365,0.0461,0.0399,0.0048,0.00942,0.0511,0.0,0.0501,0.05,0.0501,0.05,0.0494,62.0,54.0,71.0,53.0,58.0,12845125632.0,12846653440.0,12846243840.0,12837269504.0,12832804864.0,62.0,0.05025999999999999,12844527616.0,0.03174,0.03962,0.08277999999999999,3.2266199999999996,1691557081088,13.085265689038248,23.276403063915538,0.04983723484717165
290,60,88.06666666666666,4154.0,29.1,12850143232,3871.0,11834.0,13095.0,19667.0,1137.0,315427.0,,22255.0,1125.0,76917.0,10280.0,3172.0,4029.0,482807.0,0.0324,0.0637,0.0184,0.166,0.00712,0.11,,0.0846,0.0365,0.0461,0.0399,0.00482,0.00942,0.0516,,0.0511,0.0501,0.05,0.0501,0.05,70.0,62.0,54.0,71.0,53.0,12847345664.0,12845125632.0,12846653440.0,12846243840.0,12837269504.0,63.4,0.05058,12847102361.6,0.03188,0.039760000000000004,0.0834,3.2782199999999997,1704407224320,13.087374338076517,23.276620794762483,0.050312813873589095
292,55,213.0,4168.0,29.1,12842229760,3871.0,12374.0,13095.0,19667.0,1153.0,331536.0,,22625.0,1178.0,76917.0,10345.0,3172.0,4146.0,500079.0,0.0324,0.0637,0.0184,0.175,0.00712,0.11,,0.0822,0.0365,0.0461,0.0399,0.00498,0.00942,0.0521,,0.0516,0.0511,0.0501,0.05,0.0501,60.0,70.0,62.0,54.0,71.0,12850143232.0,12847345664.0,12845125632.0,12846653440.0,12846243840.0,60.2,0.050980000000000004,12846299545.6,0.03202,0.0399,0.0834,3.3303199999999995,1717249454080,13.122523364605694,23.27600477753028,0.05078816683210506
294,62,213.0,4206.0,28.6,12841938944,4029.0,12374.0,13095.0,19667.0,1195.0,331536.0,,22780.0,1178.0,76917.0,10345.0,3172.0,4277.0,500565.0,0.0324,0.0668,0.0184,0.175,0.00709,0.112,,0.0865,0.0365,0.0461,0.0423,0.00501,0.00989,0.0531,,0.0521,0.0516,0.0511,0.0501,0.05,55.0,60.0,70.0,62.0,54.0,12842229760.0,12850143232.0,12847345664.0,12845125632.0,12846653440.0,61.8,0.0516,12845356646.4,0.03216,0.04038,0.08413999999999999,3.3834199999999996,1730091393024,13.123494737175443,23.27598213198521,0.05173819540441444
296,65,93.95384615384616,4219.0,28.1,12834283520,4029.0,12374.0,13095.0,19793.0,1194.0,331536.0,,22934.0,1178.0,77620.0,10345.0,3172.0,4277.0,501547.0,0.0324,0.0668,0.0184,0.175,0.00709,0.112,,0.0871,0.0365,0.048,0.0423,0.00501,0.00989,0.0533,,0.0531,0.0521,0.0516,0.0511,0.0501,62.0,55.0,60.0,70.0,62.0,12841938944.0,12842229760.0,12850143232.0,12847345664.0,12845125632.0,62.4,0.052239999999999995,12843188224.0,0.0324,0.040859999999999994,0.08488,3.4367199999999998,1742925676544,13.12545459466536,23.275385827428572,0.051928092860359196
298,69,212.0,4190.0,28.1,12833529856,4029.0,12374.0,13122.0,19793.0,1194.0,333737.0,,23089.0,1183.0,81911.0,10345.0,3172.0,4277.0,508226.0,0.0324,0.0668,0.0184,0.175,0.00728,0.112,,0.0877,0.0365,0.048,0.0423,0.00501,0.00989,0.0535,,0.0533,0.0531,0.0521,0.0516,0.0511,65.0,62.0,55.0,60.0,70.0,12834283520.0,12841938944.0,12842229760.0,12850143232.0,12847345664.0,62.2,0.05272,12840425062.4,0.0324,0.04134,0.08562,3.49022,1755759206400,13.138683477146413,23.275327102987255,0.05211795426210667
300,41,212.0,4151.0,28.7,12828278784,4029.0,12374.0,13122.0,20399.0,1194.0,333737.0,,23285.0,1183.0,81911.0,10345.0,3291.0,4277.0,509147.0,0.0335,0.0668,0.0185,0.175,0.00728,0.112,,0.0883,0.0368,0.048,0.0423,0.00501,0.00989,0.0537,,0.0535,0.0533,0.0531,0.0521,0.0516,69.0,65.0,62.0,55.0,60.0,12833529856.0,12834283520.0,12841938944.0,12842229760.0,12850143232.0,58.4,0.05314,12836052172.8,0.03262,0.041819999999999996,0.08635999999999999,3.54392,1768587485184,13.140494019476609,23.27491785107937,0.05230777962334486
302,40,606.4,4148.0,28.7,12612382720,4029.0,12374.0,13706.0,21177.0,1194.0,333737.0,,23449.0,1183.0,81911.0,10416.0,3291.0,4284.0,510751.0,0.0335,0.0668,0.0193,0.175,0.00728,0.112,,0.089,0.0382,0.048,0.0423,0.00501,0.00989,0.0539,,0.0537,0.0535,0.0533,0.0531,0.0521,41.0,69.0,65.0,62.0,55.0,12828278784.0,12833529856.0,12834283520.0,12841938944.0,12842229760.0,55.4,0.053500000000000006,12790082764.8,0.03284,0.0423,0.08771999999999999,3.59782,1781199867904,13.143639428482285,23.257944923950596,0.05249756895775399
304,79,314.8481012658228,4128.0,28.7,12387741696,4029.0,12749.0,13706.0,21177.0,1194.0,333737.0,,23613.0,1183.0,81911.0,10416.0,3291.0,4284.0,511289.0,0.0323,0.0648,0.0193,0.175,0.00728,0.119,,0.0896,0.0382,0.0466,0.0423,0.00501,0.00989,0.0541,,0.0539,0.0537,0.0535,0.0533,0.0531,40.0,41.0,69.0,65.0,62.0,12612382720.0,12828278784.0,12833529856.0,12834283520.0,12841938944.0,58.8,0.053700000000000005,12699243315.2,0.03282,0.0423,0.08834,3.65192,1793587609600,13.144692222887391,23.239973247774433,0.052687322279006465
306,55,69.14545454545454,4165.0,28.1,12401840128,4268.0,12430.0,13706.0,21177.0,1194.0,351864.0,,23820.0,1183.0,81911.0,11003.0,3184.0,4284.0,530025.0,0.0341,0.067,0.0193,0.175,0.00728,0.12,,0.0902,0.0382,0.0485,0.0423,0.00501,0.0103,0.0548,,0.0541,0.0539,0.0537,0.0535,0.0533,79.0,40.0,41.0,69.0,65.0,12387741696.0,12612382720.0,12828278784.0,12833529856.0,12834283520.0,56.8,0.054000000000000006,12612754636.8,0.03316,0.0423,0.08896,3.7067200000000002,1805989449728,13.180681340928842,23.24111069604758,0.05335117549699457
308,52,214.0,4205.0,28.7,12403036160,4268.0,13278.0,13706.0,21177.0,1194.0,351864.0,,23984.0,1221.0,82108.0,11003.0,3303.0,4284.0,531391.0,0.0341,0.0695,0.0193,0.183,0.00728,0.12,,0.0908,0.0382,0.0512,0.0423,0.00518,0.0103,0.0559,,0.0548,0.0541,0.0539,0.0537,0.0535,55.0,79.0,40.0,41.0,69.0,12401840128.0,12387741696.0,12612382720.0,12828278784.0,12833529856.0,53.4,0.054479999999999994,12526655897.6,0.0335,0.0423,0.08958,3.76262,1818392485888,13.183255257621703,23.241207131279666,0.054393483830331636
310,58,73.79310344827586,4212.0,28.7,12409860096,4268.0,13278.0,13706.0,21228.0,1238.0,353516.0,,24148.0,1221.0,82108.0,11003.0,3303.0,4448.0,533466.0,0.0355,0.0695,0.0193,0.183,0.0072,0.12,,0.0885,0.0382,0.0512,0.0439,0.00518,0.01,0.0559,,0.0559,0.0548,0.0541,0.0539,0.0537,52.0,55.0,79.0,40.0,41.0,12403036160.0,12401840128.0,12387741696.0,12612382720.0,12828278784.0,56.8,0.054920000000000004,12442972160.0,0.0339,0.04262,0.08962,3.81852,1830802345984,13.1871524921407,23.241757162690842,0.054393483830331636
312,57,213.0,4206.0,14.0,12405497856,4268.0,13278.0,13706.0,21228.0,1200.0,353516.0,,24312.0,1221.0,82108.0,11003.0,3479.0,4448.0,533768.0,0.0355,0.0695,0.0193,0.183,0.00771,0.12,,0.0885,0.0398,0.0512,0.0457,0.00518,0.0104,0.0562,,0.0559,0.0559,0.0548,0.0541,0.0539,58.0,52.0,55.0,79.0,40.0,12409860096.0,12403036160.0,12401840128.0,12387741696.0,12612382720.0,60.2,0.05538,12401595187.2,0.034300000000000004,0.04329999999999999,0.08952,3.87472,1843207843840,13.187718440081103,23.241405586860015,0.05467756129069573
314,49,44.87755102040816,4189.0,14.0,12407316480,4268.0,13278.0,13796.0,21228.0,1228.0,353516.0,,24476.0,1183.0,85927.0,11003.0,3479.0,4448.0,537831.0,0.0355,0.0695,0.0199,0.183,0.00771,0.12,,0.0917,0.0398,0.0512,0.0457,0.00518,0.0104,0.0566,,0.0562,0.0559,0.0559,0.0548,0.0541,57.0,58.0,52.0,55.0,79.0,12405497856.0,12409860096.0,12403036160.0,12401840128.0,12387741696.0,54.2,0.05588,12405510144.0,0.03493999999999999,0.04398,0.08993999999999999,3.93132,1855615160320,13.195301522720232,23.24155217434328,0.0550562057480784
316,69,212.0,4136.0,14.0,12406599680,4286.0,13278.0,13702.0,21228.0,1228.0,353516.0,,24616.0,1175.0,85927.0,11003.0,3479.0,4448.0,537886.0,0.0355,0.0695,0.0194,0.183,0.00771,0.12,,0.0917,0.0398,0.0512,0.0457,0.00518,0.0104,0.0566,,0.0566,0.0562,0.0559,0.0559,0.0548,49.0,57.0,58.0,52.0,55.0,12407316480.0,12405497856.0,12409860096.0,12403036160.0,12401840128.0,57.0,0.05624,12406462054.4,0.035219999999999994,0.04466,0.09024000000000001,3.98792,1868021760000,13.195403779908304,23.241494400310717,0.0550562057480784
318,60,72.55,4139.0,14.0,12411281408,4286.0,13278.0,14265.0,21228.0,1228.0,353516.0,,24853.0,1273.0,85927.0,11003.0,3479.0,4456.0,538793.0,0.0355,0.0695,0.0207,0.183,0.00771,0.12,,0.0917,0.0386,0.0512,0.0457,0.00518,0.0104,0.0566,,0.0566,0.0566,0.0562,0.0559,0.0559,69.0,49.0,57.0,58.0,52.0,12406599680.0,12407316480.0,12405497856.0,12409860096.0,12403036160.0,58.6,0.05638,12408111104.0,0.0355,0.04534,0.09042,4.04452,1880433041408,13.19708858759888,23.24187168699676,0.0550562057480784
320,60,211.0,4128.0,0.0,12402323456,4286.0,13296.0,14265.0,22168.0,1228.0,366930.0,,25023.0,1273.0,85927.0,10999.0,3479.0,4601.0,553476.0,0.0349,0.071,0.0207,0.195,0.00771,0.12,,0.0917,0.0396,0.0512,0.0457,0.0053,0.011,0.0578,,0.0566,0.0566,0.0566,0.0562,0.0559,60.0,69.0,49.0,57.0,58.0,12411281408.0,12406599680.0,12407316480.0,12405497856.0,12409860096.0,59.0,0.05676,12406603776.0,0.03538,0.0457,0.09106,4.102320000000001,1892835364864,13.223975476518577,23.24114966756931,0.05619127964974249
322,1,211.0,3879.0,0.0,12398260224,4464.0,13296.0,14265.0,22168.0,1228.0,366930.0,,25194.0,1273.0,85927.0,11274.0,3486.0,4601.0,554108.0,0.0366,0.0715,0.0207,0.195,0.00771,0.122,,0.0917,0.0396,0.0495,0.0457,0.0053,0.011,0.058,,0.0578,0.0566,0.0566,0.0566,0.0562,60.0,60.0,69.0,49.0,57.0,12402323456.0,12411281408.0,12406599680.0,12407316480.0,12405497856.0,47.8,0.05711999999999999,12405156249.6,0.0356,0.0457,0.0917,4.1603200000000005,1905233625088,13.225116697279027,23.24082199527833,0.05638033343610764
