Timestamp,Requests je Sekunde,Durchschnittliche Antwortzeitintervalle,checkout_i_o_read,checkout_i_o_write,checkout_memory,network_outgoing_pod_adservice,network_outgoing_pod_cartservice,network_outgoing_pod_checkoutservice,network_outgoing_pod_currencyservice,network_outgoing_pod_emailservice,network_outgoing_pod_frontend,network_outgoing_pod_loadgenerator,network_outgoing_pod_paymentservice,network_outgoing_pod_productcatalogservice,network_outgoing_pod_recommendationservice,network_outgoing_pod_redis,network_outgoing_pod_shippingservice,network_outgoing_system,cpu_pod_adservice,cpu_pod_cartservice,cpu_pod_checkoutservice,cpu_pod_currencyservice,cpu_pod_emailservice,cpu_pod_frontend,cpu_pod_loadgenerator,cpu_pod_paymentservice,cpu_pod_productcatalogservice,cpu_pod_recommendationservice,cpu_pod_redis,cpu_pod_shippingservice,cpu_system,"checkout_pod_restart_{container=""main"", instance=""kube","checkout_pod_restart_{container=""redis"", instance=""kube","checkout_pod_restart_{container=""server"", instance=""kube","checkout_pod_restart_{container=""server"", instance=""kube.2","checkout_pod_restart_{container=""server"", instance=""kube.3","checkout_pod_restart_{container=""server"", instance=""kube.4","checkout_pod_restart_{container=""server"", instance=""kube.5","checkout_pod_restart_{container=""server"", instance=""kube.6","checkout_pod_restart_{container=""server"", instance=""kube.7","checkout_pod_restart_{container=""server"", instance=""kube.8","checkout_pod_restart_{container=""server"", instance=""kube.9"
30,3,109.0,212710,0.0,13620383744,52.6,110.0,104.0,105.0,252.0,113,4666.0,35.1,103.0,86.4,47.8,53.6,7563,0.0214,0.00165,0.000169,0.000409,0.00112,0.000377,0.00375,0.00268,0.000167,0.00327,0.00178,0.000204,0.00529,0.0,0.0,0,0.0,0,0.0,0,0.0,0,0.0,0
32,2,29.0,194530,0.0,13622751232,53.9,109.0,103.0,104.0,250.0,116,4821.0,36.0,102.0,88.5,47.4,54.9,7763,0.0197,0.00163,0.000167,0.000405,0.00111,0.00043,0.00372,0.00275,0.000166,0.00335,0.00176,0.000209,0.00522,0.0,0.0,0,0.0,0,0.0,0,0.0,0,0.0,0
34,2,38.5,200140,0.0,13628026880,55.1,108.0,102.0,104.0,248.0,119,4785.0,36.8,101.0,90.6,46.9,56.3,7732,0.0182,0.00162,0.000166,0.000401,0.0011,0.000439,0.0037,0.00282,0.000164,0.00343,0.00175,0.000214,0.00511,0.0,0.0,0,0.0,0,0.0,0,0.0,0,0.0,0
36,3,36.0,201188,0.0,13625077760,56.3,107.0,101.0,103.0,246.0,121,4748.0,37.6,99.8,112.0,46.5,57.6,7800,0.0187,0.0016,0.000155,0.00039,0.00109,0.000449,0.00367,0.00289,0.000166,0.00351,0.00166,0.000218,0.00519,0.0,0.0,0,0.0,0,0.0,0,0.0,0,0.0,0
38,6,51.666666666666664,206025,0.0,13625892864,51.7,105.0,100.0,102.0,241.0,124,4712.0,46.5,98.9,115.0,46.0,73.6,7788,0.0191,0.00159,0.000155,0.000386,0.00108,0.000458,0.00364,0.00296,0.000164,0.00359,0.00172,0.000223,0.0053,0.0,0.0,0,0.0,0,0.0,0,0.0,0,0.0,0
40,3,36.0,215638,0.0,13625839616,53.4,104.0,100.0,101.0,238.0,127,4675.0,47.5,98.0,117.0,43.3,75.3,7778,0.0195,0.00158,0.000161,0.000383,0.00107,0.000467,0.00361,0.00317,0.000162,0.00367,0.0017,0.000227,0.00543,0.0,0.0,0,0.0,0,0.0,0,0.0,0,0.0,0
42,3,59.333333333333336,224086,0.0,13627781120,54.5,103.0,99.4,99.8,236.0,130,4639.0,48.6,92.0,120.0,45.1,76.9,7750,0.0199,0.00156,0.000159,0.000379,0.00101,0.000477,0.00359,0.00325,0.000161,0.00354,0.00169,0.000207,0.00538,0.0,0.0,0,0.0,0,0.0,0,0.0,0,0.0,0
44,6,85.66666666666667,206647,0.0,13634994176,55.6,102.0,98.4,98.8,234.0,859,4602.0,49.6,96.1,122.0,44.6,78.5,8510,0.0203,0.00155,0.000157,0.000376,0.00101,0.000486,0.00356,0.00332,0.000159,0.00361,0.00167,0.000349,0.00562,0.0,0.0,0,0.0,0,0.0,0,0.0,0,0.0,0
46,6,48.666666666666664,214809,0.0,13640421376,56.7,101.0,97.4,97.9,232.0,876,4566.0,50.6,95.1,125.0,44.2,80.2,8494,0.0186,0.00153,0.000156,0.000372,0.00104,0.000907,0.00353,0.0034,0.000158,0.00368,0.00165,0.000355,0.00558,0.0,0.0,0,0.0,0,0.0,0,0.0,0,0.0,0
48,6,51.333333333333336,219390,0.0,13643915264,57.8,100.0,96.5,97.0,230.0,894,4529.0,51.6,94.2,127.0,43.8,81.8,9164,0.019,0.00156,0.000154,0.000369,0.00103,0.000924,0.00353,0.00347,0.000161,0.00376,0.00164,0.000362,0.00568,0.0,0.0,0,0.0,0,0.0,0,0.0,0,0.0,0
50,10,72.0,220787,0.0,13645279232,59.0,99.4,95.5,97.0,229.0,912,4469.0,52.6,93.3,130.0,43.3,83.5,9095,0.0193,0.00154,0.000153,0.000371,0.00102,0.000941,0.0035,0.00355,0.00016,0.00383,0.00162,0.000369,0.00592,0.0,0.0,0,0.0,0,0.0,0,0.0,0,0.0,0
52,7,76.28571428571429,224744,0.0,13646499840,60.1,98.5,94.5,96.1,227.0,929,4433.0,53.7,92.4,120.0,42.9,145.0,9364,0.0197,0.00153,0.000151,0.000368,0.00101,0.000959,0.00347,0.00362,0.000158,0.00391,0.0016,0.000376,0.00599,0.0,0.0,0,0.0,0,0.0,0,0.0,0,0.0,0
54,10,48.6,228577,0.0,13647826944,61.2,97.4,88.8,95.1,225.0,947,4396.0,50.0,91.5,249.0,42.4,148.0,9477,0.0201,0.00151,0.00015,0.000364,0.001,0.000976,0.00344,0.00444,0.000156,0.00394,0.00159,0.000559,0.0061,0.0,0.0,0,0.0,0,0.0,0,0.0,0,0.0,0
56,13,66.15384615384616,233076,0.0,13652541440,71.9,96.4,92.4,94.2,223.0,2397,4360.0,50.0,90.5,254.0,42.0,151.0,11081,0.0204,0.0015,0.00015,0.000361,0.000992,0.000993,0.00342,0.00453,0.000155,0.00401,0.00157,0.000568,0.00624,0.0,0.0,0,0.0,0,0.0,0,0.0,0,0.0,0
58,11,61.0,237712,0.0,13654548480,73.2,95.5,91.4,93.2,221.0,2441,4324.0,97.6,89.6,258.0,40.5,153.0,11200,0.0192,0.00148,0.000149,0.000357,0.000982,0.00101,0.00339,0.00462,0.000153,0.00408,0.00156,0.000578,0.0062,0.0,0.0,0,0.0,0,0.0,0,0.0,0,0.0,0
60,12,69.58333333333333,213278,0.0,13656920064,74.5,94.5,90.4,92.3,219.0,2485,4287.0,99.4,88.7,263.0,42.1,156.0,11245,0.0195,0.00147,0.000147,0.000353,0.000972,0.00213,0.00336,0.00471,0.00015,0.00416,0.00154,0.000588,0.00665,0.0,0.0,0,0.0,0,0.0,0,0.0,0,0.0,0
62,9,62.0,217201,0.0,13661982720,75.8,93.6,89.5,94.3,216.0,2529,4251.0,101.0,90.3,268.0,41.7,231.0,11480,0.0199,0.00149,0.000146,0.00035,0.000967,0.00216,0.00333,0.0048,0.000148,0.00423,0.00152,0.000598,0.00707,0.0,0.0,0,0.0,0,0.0,0,0.0,0,0.0,0
64,14,134.0,218483,0.0,13664264192,77.1,92.7,88.5,93.4,214.0,2573,4263.0,103.0,89.4,272.0,41.2,235.0,12091,0.0202,0.00147,0.000144,0.000346,0.000958,0.0022,0.00331,0.00489,0.000147,0.0043,0.00151,0.000608,0.00717,0.0,0.0,0,0.0,0,0.0,0,0.0,0,0.0,0
66,15,79.4,221824,0.0,13661655040,78.4,91.7,87.5,92.4,216.0,2617,4226.0,105.0,88.4,277.0,40.8,240.0,13326,0.0206,0.00146,0.000136,0.000355,0.000948,0.00223,0.00328,0.00498,0.000145,0.00438,0.00149,0.000618,0.00728,0.0,0.0,0,0.0,0,0.0,0,0.0,0,0.0,0
68,10,55.9,225489,0.0,13657927680,87.6,90.8,86.5,91.4,214.0,2661,4190.0,106.0,87.5,282.0,40.3,244.0,13880,0.0197,0.00144,0.000142,0.000351,0.000938,0.00227,0.00325,0.00682,0.000144,0.00445,0.00147,0.00101,0.00746,0.0,0.0,0,0.0,0,0.0,0,0.0,0,0.0,0
70,20,104.2,228725,0.0,13653557248,89.0,93.5,85.5,90.4,211.0,2705,4153.0,108.0,86.6,286.0,39.9,248.0,13967,0.0201,0.00143,0.00014,0.000347,0.000928,0.0033,0.00322,0.00694,0.000142,0.00452,0.00146,0.00102,0.00759,0.0,0.0,0,0.0,0,0.0,0,0.0,0,0.0,0
72,17,62.94117647058823,231052,0.0,13657837568,90.4,92.6,79.3,89.4,209.0,5969,4116.0,110.0,85.6,474.0,39.4,252.0,17439,0.0204,0.00141,0.000138,0.000344,0.00092,0.00336,0.0032,0.00707,0.000141,0.00491,0.00144,0.00104,0.00799,0.0,0.0,0,0.0,0,0.0,0,0.0,0,0.0,0
74,15,113.6,234891,0.0,13659734016,91.8,91.6,83.1,88.5,207.0,6064,4111.0,103.0,84.7,482.0,39.5,256.0,17824,0.0207,0.0014,0.000137,0.00034,0.00091,0.00341,0.00317,0.00719,0.000121,0.00498,0.00142,0.00106,0.00819,0.0,0.0,0,0.0,0,0.0,0,0.0,0,0.0,0
76,15,76.0,238730,0.0,13663899648,93.3,90.6,82.1,87.5,205.0,6160,4074.0,192.0,78.6,489.0,39.1,260.0,19001,0.021,0.00133,0.000135,0.000336,0.0009,0.00346,0.00307,0.00731,0.000127,0.00506,0.00141,0.00107,0.00829,0.0,0.0,0,0.0,0,0.0,0,0.0,0,0.0,0
78,13,58.23076923076923,214780,0.0,13663731712,94.7,89.6,81.2,80.2,203.0,6255,4037.0,195.0,82.0,497.0,38.6,244.0,19138,0.0213,0.0014,0.000134,0.000332,0.000891,0.00351,0.00316,0.00743,0.000125,0.00514,0.00139,0.00109,0.00841,0.0,0.0,0,0.0,0,0.0,0,0.0,0,0.0,0
80,30,135.9,216381,0.0,13663977472,96.1,88.7,80.2,83.7,201.0,6351,4000.0,197.0,81.1,505.0,38.2,244.0,20177,0.0217,0.00138,0.000132,0.00032,0.000881,0.00357,0.00313,0.00755,0.000124,0.00522,0.00138,0.0011,0.00862,0.0,0.0,0,0.0,0,0.0,0,0.0,0,0.0,0
82,17,98.3529411764706,217880,0.0,13665738752,119.0,87.7,79.2,82.7,198.0,6446,3963.0,200.0,80.1,512.0,37.7,456.0,20898,0.022,0.00137,0.000131,0.000334,0.000871,0.00362,0.0031,0.00712,0.000123,0.00562,0.00137,0.00112,0.00873,0.0,0.0,0,0.0,0,0.0,0,0.0,0,0.0,0
84,31,122.87096774193547,221159,0.0,13667856384,121.0,86.7,78.2,81.8,192.0,6542,3926.0,203.0,79.2,520.0,37.2,463.0,21080,0.0208,0.00135,0.000135,0.000331,0.000861,0.00367,0.00308,0.0103,0.000121,0.00571,0.00135,0.00114,0.00902,0.0,0.0,0,0.0,0,0.0,0,0.0,0,0.0,0
86,21,118.42857142857144,223787,0.0,13672226816,122.0,83.1,77.2,80.8,190.0,6637,3889.0,206.0,78.3,528.0,35.5,470.0,21296,0.0215,0.00134,0.000133,0.000327,0.000853,0.00348,0.00305,0.0105,0.00012,0.00579,0.00133,0.00115,0.00958,0.0,0.0,0,0.0,0,0.0,0,0.0,0,0.0,0
88,25,89.0,226374,0.0,13679185920,124.0,82.2,76.3,79.8,187.0,12101,3852.0,260.0,77.3,759.0,35.1,477.0,27089,0.0218,0.00132,0.000132,0.000323,0.000843,0.00613,0.00302,0.0107,0.000118,0.00587,0.00132,0.0018,0.0101,0.0,0.0,0,0.0,0,0.0,0,0.0,0,0.0,0
90,30,101.83333333333331,229674,0.0,13679869952,126.0,81.3,75.5,78.9,185.0,12273,3840.0,263.0,76.4,770.0,34.6,484.0,28955,0.0222,0.00131,0.00013,0.000319,0.000834,0.00621,0.00299,0.0108,0.000117,0.00596,0.0013,0.00183,0.0103,0.0,0.0,0,0.0,0,0.0,0,0.0,0,0.0,0
92,25,106.4,232974,0.0,13680517120,128.0,80.3,74.5,77.9,183.0,12444,3803.0,267.0,75.4,781.0,34.2,490.0,29221,0.0225,0.00129,0.000128,0.000315,0.000824,0.0063,0.00296,0.011,0.000115,0.00604,0.00128,0.00185,0.0104,0.0,0.0,0,0.0,0,0.0,0,0.0,0,0.0,0
94,25,212.8,215372,0.0,13684314112,129.0,79.4,73.5,77.0,182.0,12616,3766.0,271.0,76.9,791.0,33.7,497.0,31499,0.0228,0.00128,0.000127,0.000311,0.000814,0.00638,0.00295,0.0112,0.000119,0.00612,0.00126,0.00188,0.0105,0.0,0.0,0,0.0,0,0.0,0,0.0,0,0.0,0
96,21,271.7142857142857,217937,0.0,13693399040,131.0,78.4,72.5,74.0,180.0,12788,3729.0,274.0,75.9,802.0,33.3,504.0,32255,0.0231,0.00129,0.000125,0.000308,0.000812,0.00647,0.00293,0.0113,0.000117,0.00717,0.00125,0.0019,0.0109,0.0,0.0,0,0.0,0,0.0,0,0.0,0,0.0,0
98,24,146.0,219667,0.0,13695287296,133.0,77.5,71.5,73.1,178.0,12959,3692.0,278.0,75.0,813.0,32.8,474.0,32531,0.0234,0.00128,0.000107,0.000299,0.000802,0.00656,0.0029,0.0115,0.000116,0.00727,0.00123,0.00193,0.011,0.0,0.0,0,0.0,0,0.0,0,0.0,0,0.0,0
100,26,205.30769230769232,222264,0.0,13705375744,125.0,79.1,70.5,72.2,176.0,13131,3655.0,282.0,74.0,824.0,32.4,819.0,33150,0.023,0.00126,0.000105,0.000296,0.000792,0.00664,0.00287,0.0108,0.000115,0.00737,0.00121,0.00195,0.0116,0.0,0.0,0,0.0,0,0.0,0,0.0,0,0.0,0
102,32,297.9375,222894,0.0,13720850432,163.0,78.1,67.8,71.2,174.0,13303,3616.0,286.0,73.0,835.0,32.0,829.0,33613,0.0233,0.00125,0.000104,0.000292,0.000783,0.00635,0.00284,0.0159,0.000113,0.00746,0.0012,0.00198,0.0122,0.0,0.0,0,0.0,0,0.0,0,0.0,0,0.0,0
104,18,154.88888888888889,225892,0.0,13722951680,165.0,77.1,66.9,70.3,171.0,19258,3579.0,272.0,72.1,1161.0,31.5,840.0,40050,0.0236,0.00123,0.000102,0.000288,0.000773,0.00942,0.00281,0.0161,0.000112,0.00756,0.00118,0.00271,0.0128,0.0,0.0,0,0.0,0,0.0,0,0.0,0,0.0,0
106,32,106.625,228835,0.0,13719154688,167.0,76.2,65.9,69.4,169.0,19503,3542.0,272.0,71.1,1176.0,31.1,851.0,40201,0.0239,0.00122,0.000101,0.000284,0.000763,0.00954,0.00278,0.0163,0.00011,0.00765,0.00116,0.00274,0.013,0.0,0.0,0,0.0,0,0.0,0,0.0,0,0.0,0
108,33,274.54545454545456,214531,0.0,13718700032,169.0,75.2,65.0,68.4,167.0,19748,3505.0,420.0,70.1,1190.0,30.7,862.0,44075,0.0242,0.0012,9.8e-05,0.000281,0.000706,0.00966,0.00276,0.0165,0.000107,0.00775,0.00105,0.00277,0.0131,0.0,0.0,0,0.0,0,0.0,0,0.0,0,0.0,0
110,29,199.24137931034485,216862,0.0,13716582400,171.0,74.2,64.0,67.5,158.0,19994,3468.0,425.0,69.1,1205.0,30.2,873.0,44942,0.0239,0.00119,0.000104,0.000278,0.000748,0.00978,0.0026,0.0168,0.000106,0.00785,0.00112,0.00281,0.0132,0.0,0.0,0,0.0,0,0.0,0,0.0,0,0.0,0
112,26,135.0,218302,0.0,13716774912,174.0,73.2,63.0,67.7,167.0,20239,3431.0,431.0,64.8,1220.0,29.8,884.0,45925,0.0242,0.00117,0.000102,0.000278,0.000738,0.0099,0.00271,0.017,0.000104,0.00794,0.00111,0.00284,0.0137,0.0,0.0,0,0.0,0,0.0,0,0.0,0,0.0,0
114,31,135.0,220454,0.0,13725507584,176.0,72.3,62.1,66.7,165.0,20484,3396.0,436.0,63.8,1235.0,30.4,895.0,46385,0.0245,0.0012,0.000101,0.000291,0.000728,0.01,0.00268,0.0195,0.000103,0.00894,0.00109,0.00288,0.0143,0.0,0.0,0,0.0,0,0.0,0,0.0,0,0.0,0
116,27,243.74074074074073,221323,0.0,13725646848,178.0,69.4,61.1,65.8,163.0,20730,3359.0,441.0,62.9,1250.0,29.9,905.0,46904,0.0248,0.00119,9.91e-05,0.000287,0.000718,0.0123,0.00265,0.0197,0.000101,0.00904,0.00107,0.00344,0.0147,0.0,0.0,0,0.0,0,0.0,0,0.0,0,0.0,0
118,39,218.28205128205127,223984,0.0,13727498240,170.0,68.5,62.2,64.8,160.0,20975,3321.0,446.0,62.0,1265.0,29.5,1179.0,47616,0.0251,0.00117,9.76e-05,0.000283,0.000708,0.0124,0.00263,0.0199,9.99e-05,0.00915,0.00106,0.00348,0.0151,0.0,0.0,0,0.0,0,0.0,0,0.0,0,0.0,0
120,30,116.23333333333332,226423,0.0,13731573760,221.0,67.5,61.2,63.9,158.0,21220,3284.0,532.0,61.1,1210.0,29.0,1193.0,49826,0.0254,0.00116,9.61e-05,0.000279,0.000698,0.0126,0.0026,0.0202,9.84e-05,0.00926,0.00104,0.00352,0.0153,0.0,0.0,0,0.0,0,0.0,0,0.0,0,0.0,0
122,27,142.0,227927,0.0,13736636416,224.0,66.6,60.2,62.9,156.0,20150,3247.0,539.0,60.4,1598.0,28.5,1207.0,49897,0.0257,0.00114,9.46e-05,0.000275,0.000688,0.0127,0.00257,0.0204,9.7e-05,0.00937,0.00102,0.00356,0.0155,0.0,0.0,0,0.0,0,0.0,0,0.0,0,0.0,0
124,36,142.0,220550,0.0,13740072960,226.0,65.6,59.2,62.0,154.0,29177,3071.0,545.0,59.4,1617.0,28.1,1220.0,59340,0.026,0.00113,9.31e-05,0.000271,0.000678,0.0129,0.00254,0.0207,9.63e-05,0.00947,0.00101,0.0036,0.0156,0.0,0.0,0,0.0,0,0.0,0,0.0,0,0.0,0
126,33,114.75757575757576,212934,0.0,13744492544,229.0,64.7,58.2,62.8,152.0,29506,3226.0,551.0,58.5,1635.0,27.8,1234.0,61425,0.0249,0.00111,9.13e-05,0.000267,0.000668,0.013,0.00251,0.0209,9.48e-05,0.00958,0.000985,0.00364,0.0161,0.0,0.0,0,0.0,0,0.0,0,0.0,0,0.0,0
128,36,218.91666666666663,215235,0.0,13746929664,231.0,63.8,57.2,61.8,146.0,29836,3188.0,557.0,57.6,1654.0,27.3,1248.0,62597,0.0249,0.00109,8.98e-05,0.000256,0.000658,0.0131,0.00238,0.0242,9.34e-05,0.00969,0.000968,0.0042,0.0167,0.0,0.0,0,0.0,0,0.0,0,0.0,0,0.0,0
130,39,518.6153846153846,217634,0.0,13751709696,234.0,63.8,56.3,60.9,144.0,30166,3150.0,563.0,56.7,1672.0,26.8,1471.0,63421,0.0257,0.00115,8.83e-05,0.000253,0.000647,0.0133,0.0025,0.0245,9.19e-05,0.00929,0.000951,0.00424,0.0169,0.0,0.0,0,0.0,0,0.0,0,0.0,0,0.0,0
132,43,206.30232558139537,219066,0.0,13759328256,236.0,67.4,55.3,59.9,142.0,30495,3113.0,569.0,55.7,1892.0,26.4,1487.0,64189,0.0259,0.00113,8.68e-05,0.000249,0.000637,0.0127,0.00247,0.0248,9.04e-05,0.011,0.000935,0.00429,0.0175,0.0,0.0,0,0.0,0,0.0,0,0.0,0,0.0,0
134,35,100.88571428571429,220272,0.0,13770039296,267.0,66.3,54.6,58.9,139.0,30825,3075.0,665.0,49.3,1913.0,25.9,1503.0,64901,0.0262,0.00111,8.53e-05,0.000245,0.000627,0.017,0.00244,0.025,8.89e-05,0.0111,0.000918,0.00434,0.0181,0.0,0.0,0,0.0,0,0.0,0,0.0,0,0.0,0
136,33,126.12121212121212,221782,0.0,13777022976,270.0,65.3,53.6,57.9,137.0,31155,3037.0,672.0,53.0,1933.0,25.4,1520.0,68486,0.0265,0.0011,8.38e-05,0.000241,0.000617,0.0172,0.00241,0.0253,8.75e-05,0.0113,0.000902,0.00438,0.0185,0.0,0.0,0,0.0,0,0.0,0,0.0,0,0.0,0
138,33,124.12121212121212,222481,0.0,13775134720,272.0,64.2,52.6,53.3,135.0,31485,2999.0,679.0,52.1,1954.0,24.0,1536.0,69619,0.0268,0.00108,8.23e-05,0.000237,0.000607,0.0173,0.00238,0.0256,8.6e-05,0.0114,0.000798,0.00443,0.0188,0.0,0.0,0,0.0,0,0.0,0,0.0,0,0.0,0
140,35,91.11428571428571,224853,0.0,13784510464,275.0,63.2,51.6,52.4,133.0,39192,2962.0,686.0,51.2,1974.0,23.5,1552.0,77634,0.0271,0.00106,8.08e-05,0.000243,0.000558,0.0175,0.00235,0.0259,8.45e-05,0.0115,0.000859,0.00448,0.019,0.0,0.0,0,0.0,0,0.0,0,0.0,0,0.0,0
142,47,155.0,211928,0.0,13793206272,278.0,62.2,50.6,51.5,131.0,39598,2924.0,693.0,50.3,2206.0,23.1,1569.0,78550,0.0273,0.00105,8.69e-05,0.000239,0.000598,0.0177,0.00232,0.0249,8.78e-05,0.0116,0.000843,0.0053,0.0193,0.0,0.0,0,0.0,0,0.0,0,0.0,0,0.0,0
144,39,91.46153846153848,214063,0.0,13796110336,281.0,61.1,46.6,50.6,129.0,40005,2897.0,701.0,49.4,2229.0,22.7,1832.0,80954,0.0268,0.00103,8.52e-05,0.000235,0.000588,0.0179,0.0023,0.0249,8.63e-05,0.0117,0.000826,0.00535,0.0194,0.0,0.0,0,0.0,0,0.0,0,0.0,0,0.0,0
146,33,191.54545454545453,215644,0.0,13798621184,284.0,57.2,45.6,49.7,131.0,40411,2859.0,708.0,48.5,2252.0,22.2,1851.0,81705,0.027,0.00105,8.36e-05,0.000231,0.000578,0.0203,0.0023,0.0308,8.47e-05,0.0132,0.00081,0.00541,0.0205,0.0,0.0,0,0.0,0,0.0,0,0.0,0,0.0,0
148,49,234.87755102040816,217826,0.0,13799931904,312.0,56.2,44.7,48.8,128.0,40817,2821.0,715.0,47.6,2275.0,21.8,1869.0,83699,0.0273,0.00103,8.19e-05,0.000227,0.000567,0.0205,0.00227,0.0312,8.32e-05,0.0133,0.000794,0.00546,0.0207,0.0,0.0,0,0.0,0,0.0,0,0.0,0,0.0,0
150,47,98.7872340425532,219780,0.0,13799964672,315.0,55.2,43.8,47.8,126.0,41223,2783.0,843.0,46.7,2297.0,21.3,1888.0,84583,0.0276,0.00102,8.03e-05,0.000222,0.000557,0.0207,0.00224,0.0315,8.16e-05,0.0134,0.000777,0.00552,0.021,0.0,0.0,0,0.0,0,0.0,0,0.0,0,0.0,0
152,47,124.8936170212766,212381,0.0,13799038976,319.0,54.2,42.8,49.5,124.0,41629,2745.0,851.0,45.9,2320.0,20.9,1907.0,84850,0.0278,0.000998,7.86e-05,0.000223,0.000547,0.0209,0.00221,0.0318,8.01e-05,0.0136,0.000761,0.00557,0.021,0.0,0.0,0,0.0,0,0.0,0,0.0,0,0.0,0
154,41,154.0,212890,0.0,13794361344,322.0,53.2,41.9,48.6,122.0,42036,2708.0,859.0,45.0,2343.0,20.2,1926.0,88773,0.0281,0.00098,7.7e-05,0.000219,0.000537,0.0211,0.00218,0.0321,7.85e-05,0.0137,0.000744,0.00563,0.0221,0.0,0.0,0,0.0,0,0.0,0,0.0,0,0.0,0
156,42,118.33333333333331,214983,0.0,13795958784,325.0,52.3,41.0,47.6,120.0,42442,2670.0,867.0,44.0,2366.0,19.8,1945.0,89528,0.0284,0.000963,7.54e-05,0.000215,0.000526,0.0213,0.00215,0.0325,7.8e-05,0.0138,0.00073,0.00644,0.0224,0.0,0.0,0,0.0,0,0.0,0,0.0,0,0.0,0
158,55,181.23636363636365,216445,0.0,13798297600,359.0,53.2,41.2,46.6,104.0,52308,2675.0,876.0,43.1,2763.0,19.3,1963.0,101014,0.0282,0.00101,7.22e-05,0.000211,0.000509,0.024,0.00212,0.0328,7.65e-05,0.0139,0.000713,0.0065,0.0229,0.0,0.0,0,0.0,0,0.0,0,0.0,0,0.0,0
160,46,327.80434782608694,218256,0.0,13798338560,363.0,52.1,40.3,45.7,114.0,52804,2637.0,884.0,42.2,2790.0,18.9,2283.0,103621,0.0285,0.000995,7.06e-05,0.000206,0.000499,0.0242,0.00209,0.0331,7.49e-05,0.0155,0.000697,0.00656,0.0232,0.0,0.0,0,0.0,0,0.0,0,0.0,0,0.0,0
162,51,126.6470588235294,219724,0.0,13800787968,366.0,51.1,39.3,44.7,112.0,53300,2598.0,892.0,41.3,2816.0,18.5,2305.0,104605,0.0288,0.000977,6.9e-05,0.000202,0.000489,0.0244,0.00196,0.0375,7.33e-05,0.0156,0.000681,0.00662,0.0238,0.0,0.0,0,0.0,0,0.0,0,0.0,0,0.0,0
164,48,87.25,220409,0.0,13809627136,369.0,50.1,38.3,43.7,110.0,53796,2560.0,1003.0,40.7,2842.0,18.0,2326.0,106086,0.029,0.000958,6.73e-05,0.000198,0.000479,0.0246,0.00196,0.0378,7.17e-05,0.0158,0.000664,0.00669,0.0241,0.0,0.0,0,0.0,0,0.0,0,0.0,0,0.0,0
166,51,121.70588235294116,211033,0.0,13809651712,373.0,49.1,37.4,37.0,108.0,54292,2521.0,1013.0,39.8,2869.0,17.6,2348.0,107789,0.0293,0.000939,6.57e-05,0.000191,0.000469,0.0249,0.00206,0.0382,7.02e-05,0.0159,0.000559,0.00675,0.0249,0.0,0.0,0,0.0,0,0.0,0,0.0,0,0.0,0
168,49,155.0,212289,0.0,13815615488,376.0,48.1,36.4,41.1,106.0,54788,2483.0,1022.0,38.9,3174.0,18.4,2369.0,109098,0.0295,0.00092,6.41e-05,0.000187,0.000458,0.0275,0.00203,0.0386,6.86e-05,0.016,0.000625,0.00681,0.0252,0.0,0.0,0,0.0,0,0.0,0,0.0,0,0.0,0
170,64,125.90625,214240,0.0,13817311232,400.0,43.4,28.5,40.1,103.0,55283,2320.0,1031.0,38.0,3203.0,17.9,2391.0,113215,0.0298,0.000902,6.25e-05,0.000183,0.000448,0.0277,0.002,0.0389,6.7e-05,0.0162,0.000609,0.00768,0.0255,0.0,0.0,0,0.0,0,0.0,0,0.0,0,0.0,0
172,57,120.33333333333331,216186,0.0,13824319488,404.0,43.4,31.9,39.2,101.0,55779,2484.0,1040.0,37.1,3232.0,17.5,2413.0,114930,0.0301,0.000966,6.55e-05,0.000179,0.000446,0.028,0.00197,0.0393,7.32e-05,0.0163,0.000593,0.00775,0.026,0.0,0.0,0,0.0,0,0.0,0,0.0,0,0.0,0
174,60,153.0,217895,0.0,13824835584,408.0,47.0,31.0,38.2,99.0,56275,2445.0,1050.0,30.7,3261.0,17.0,2434.0,115886,0.0291,0.000946,6.38e-05,0.000174,0.000435,0.0282,0.00194,0.0397,7.15e-05,0.0181,0.000577,0.00782,0.0261,0.0,0.0,0,0.0,0,0.0,0,0.0,0,0.0,0
176,53,421.37735849056605,219845,0.0,13824020480,411.0,45.9,30.2,37.2,96.8,67004,2405.0,1059.0,34.7,3290.0,16.5,2354.0,127096,0.0302,0.000926,6.21e-05,0.00017,0.000425,0.0285,0.00191,0.04,6.97e-05,0.0183,0.00056,0.00789,0.0269,0.0,0.0,0,0.0,0,0.0,0,0.0,0,0.0,0
178,53,120.66037735849056,210243,0.0,13827133440,415.0,44.8,29.3,36.3,96.8,67589,2365.0,1068.0,33.8,3318.0,16.1,2354.0,127736,0.0304,0.000905,6.03e-05,0.000166,0.000415,0.0287,0.00188,0.0449,6.8e-05,0.0184,0.000544,0.00796,0.0277,0.0,0.0,0,0.0,0,0.0,0,0.0,0,0.0,0
180,54,396.6666666666667,211893,0.0,13834379264,418.0,43.8,28.4,35.3,94.5,68174,2326.0,1230.0,32.9,3747.0,16.1,3000.0,133686,0.0307,0.000885,5.86e-05,0.000182,0.000405,0.029,0.00175,0.0453,6.62e-05,0.0186,0.000528,0.00803,0.0279,0.0,0.0,0,0.0,0,0.0,0,0.0,0,0.0,0
182,50,252.56,213742,0.0,13840998400,460.0,42.7,27.5,34.4,92.3,68760,2286.0,1240.0,32.0,3779.0,15.7,3026.0,137121,0.0309,0.000864,5.69e-05,0.000177,0.000394,0.0292,0.00185,0.0457,6.44e-05,0.0188,0.000511,0.00878,0.028,0.0,0.0,0,0.0,0,0.0,0,0.0,0,0.0,0
184,56,567.8928571428571,215137,0.0,13841768448,464.0,41.6,26.6,33.4,90.1,69345,2246.0,1251.0,31.1,3812.0,15.2,3052.0,138179,0.0312,0.000844,4.7e-05,0.000173,0.000379,0.0282,0.00182,0.0461,6.27e-05,0.0189,0.000491,0.00886,0.028,0.0,0.0,0,0.0,0,0.0,0,0.0,0,0.0,0
186,75,146.06666666666666,216886,0.0,13855944704,467.0,40.6,25.7,33.9,87.8,69930,2207.0,1262.0,30.2,3844.0,14.7,3078.0,139310,0.0315,0.00088,4.7e-05,0.000168,0.000369,0.0282,0.00179,0.0465,6.09e-05,0.0191,0.000475,0.00893,0.029,0.0,0.0,0,0.0,0,0.0,0,0.0,0,0.0,0
188,56,133.57142857142858,218737,0.0,13864382464,471.0,42.5,22.5,32.9,85.6,70515,2167.0,1272.0,29.3,3876.0,14.2,3104.0,141070,0.0317,0.000858,5.4e-05,0.000163,0.000359,0.0349,0.00176,0.0469,5.56e-05,0.0192,0.000458,0.00901,0.03,0.0,0.0,0,0.0,0,0.0,0,0.0,0,0.0,0
190,58,133.0344827586207,220499,0.0,13864767488,475.0,41.4,26.4,31.9,83.4,71100,2170.0,1283.0,28.4,3909.0,13.7,3130.0,142755,0.032,0.000836,5.22e-05,0.000159,0.000349,0.0352,0.00172,0.0498,5.56e-05,0.0194,0.000442,0.00908,0.0305,0.0,0.0,0,0.0,0,0.0,0,0.0,0,0.0,0
192,49,123.3265306122449,222187,0.0,13861097472,509.0,40.2,25.5,31.0,81.1,82623,2130.0,1380.0,27.5,3941.0,13.2,3156.0,154917,0.0311,0.000814,5.03e-05,0.000154,0.000339,0.0355,0.00169,0.0503,6.28e-05,0.0187,0.000426,0.00983,0.0305,0.0,0.0,0,0.0,0,0.0,0,0.0,0,0.0,0
194,64,133.203125,211427,0.0,13869346816,513.0,39.1,24.5,30.0,66.1,83297,2089.0,1391.0,31.4,3973.0,12.7,3182.0,156241,0.0317,0.000792,4.85e-05,0.000181,0.000329,0.0357,0.00166,0.0507,6.08e-05,0.0219,0.00041,0.00991,0.0309,0.0,0.0,0,0.0,0,0.0,0,0.0,0,0.0,0
196,63,172.0,213037,0.0,13870665728,517.0,37.9,23.5,29.0,74.2,83972,2049.0,1402.0,30.3,3848.0,9.27,3568.0,159918,0.032,0.00077,4.67e-05,0.000176,0.000319,0.036,0.00168,0.0511,5.88e-05,0.0221,0.000393,0.00999,0.0319,0.0,0.0,0,0.0,0,0.0,0,0.0,0,0.0,0
198,70,133.71428571428572,214746,0.0,13874552832,521.0,36.8,22.5,26.8,72.0,84646,2009.0,1414.0,29.3,3848.0,8.9,3597.0,164859,0.0323,0.000748,4.49e-05,0.00017,0.000303,0.0363,0.00165,0.0516,5.68e-05,0.0223,0.000377,0.0101,0.0325,0.0,0.0,0,0.0,0,0.0,0,0.0,0,0.0,0
200,86,171.0,216355,0.0,13872791552,525.0,37.7,21.5,25.9,69.8,85321,1968.0,1425.0,28.2,4707.0,8.53,3626.0,166939,0.0325,0.000726,4.3e-05,0.000164,0.000293,0.0366,0.00162,0.052,5.47e-05,0.0225,0.000267,0.0102,0.0327,0.0,0.0,0,0.0,0,0.0,0,0.0,0,0.0,0
202,56,171.0,218091,0.0,13875490816,529.0,36.5,20.5,25.0,67.7,85995,1928.0,1546.0,27.2,4744.0,8.16,3655.0,169033,0.0328,0.000794,4.12e-05,0.000158,0.000283,0.0369,0.00159,0.0524,5.27e-05,0.0226,0.000267,0.0102,0.0329,0.0,0.0,0,0.0,0,0.0,0,0.0,0,0.0,0
204,58,121.34482758620688,218744,0.0,13881470976,533.0,35.3,19.5,24.0,65.5,86670,1984.0,1558.0,26.1,4781.0,7.79,3684.0,170693,0.0328,0.000769,2.91e-05,0.000152,0.000273,0.0418,0.00156,0.0528,5.07e-05,0.0228,0.000319,0.0103,0.0337,0.0,0.0,0,0.0,0,0.0,0,0.0,0,0.0,0
206,77,131.5974025974026,220399,0.0,13886529536,537.0,34.1,18.8,23.1,63.3,87344,1941.0,1571.0,25.1,4819.0,7.42,3713.0,171498,0.033,0.000744,2.77e-05,0.000147,0.000263,0.0422,0.00152,0.0511,4.87e-05,0.023,0.000303,0.0104,0.0338,0.0,0.0,0,0.0,0,0.0,0,0.0,0,0.0,0
208,69,125.14492753623188,211178,0.0,13878755328,607.0,32.9,17.8,22.1,61.1,99513,1899.0,1583.0,24.0,4856.0,7.06,3742.0,188155,0.0333,0.000719,2.64e-05,0.000131,0.000253,0.0425,0.00149,0.0587,4.35e-05,0.0252,0.000287,0.0117,0.0353,0.0,0.0,0,0.0,0,0.0,0,0.0,0,0.0,0
210,60,168.0,212032,0.0,13884264448,611.0,31.7,16.9,21.2,59.0,100276,1856.0,1595.0,23.0,4893.0,6.69,3771.0,189538,0.0335,0.000694,2.5e-05,0.000154,0.000244,0.0428,0.00136,0.0592,4.16e-05,0.0254,0.00027,0.0117,0.0359,0.0,0.0,0,0.0,0,0.0,0,0.0,0,0.0,0
212,68,121.61764705882354,213069,0.0,13887209472,616.0,35.3,15.9,20.2,56.1,101039,1813.0,1607.0,20.9,5368.0,3.73,3799.0,193091,0.0338,0.00067,2.37e-05,0.000148,0.000234,0.0431,0.00136,0.0596,3.98e-05,0.0256,0.000254,0.0118,0.0361,0.0,0.0,0,0.0,0,0.0,0,0.0,0,0.0,0
214,69,167.0,214699,0.0,13888118784,621.0,33.9,15.0,14.4,53.9,101801,1771.0,1619.0,19.9,5409.0,3.73,4319.0,195955,0.034,0.000645,1.55e-05,0.000141,0.000224,0.0435,0.00145,0.0601,3.79e-05,0.0258,0.000238,0.0119,0.0366,0.0,0.0,0,0.0,0,0.0,0,0.0,0,0.0,0
216,67,216.1044776119403,216206,0.0,13879328768,625.0,32.5,14.1,13.7,51.8,102564,1728.0,1631.0,18.9,5450.0,3.73,4352.0,197618,0.0343,0.00062,1.55e-05,0.000134,0.000156,0.0438,0.00142,0.0606,3.6e-05,0.026,0.000224,0.012,0.037,0.0,0.0,0,0.0,0,0.0,0,0.0,0,0.0,0
218,66,168.0,217810,0.0,13881462784,679.0,31.2,,13.0,49.7,103326,1686.0,1793.0,17.9,5490.0,4.57,4384.0,199507,0.0345,0.000744,1.97e-05,0.000128,0.000156,0.0441,0.00139,0.061,3.41e-05,0.0262,0.000207,0.0121,0.0381,0.0,0.0,0,0.0,0,0.0,0,0.0,0,0.0,0
220,74,168.0,218053,0.0,13891936256,684.0,29.8,,12.3,47.5,104089,1643.0,1806.0,16.9,5531.0,4.23,4417.0,200859,0.0336,0.000714,1.83e-05,0.000121,0.000195,0.0488,0.00135,0.0615,3.22e-05,0.0264,0.000191,0.0122,0.0386,0.0,0.0,0,0.0,0,0.0,0,0.0,0,0.0,0
222,68,168.0,219584,0.0,13906280448,689.0,34.7,,11.6,45.4,104852,1432.0,1820.0,15.9,5572.0,3.88,4449.0,203349,0.036,0.000683,1.69e-05,0.000114,0.000185,0.0492,0.00132,0.0653,3.33e-05,0.0266,0.000175,0.0133,0.0396,0.0,0.0,0,0.0,0,0.0,0,0.0,0,0.0,0
224,56,104.53571428571428,214576,0.0,13907296256,694.0,33.0,,10.9,43.3,118273,1432.0,1833.0,15.0,5613.0,3.54,4482.0,216214,0.0363,0.000652,1.55e-05,0.000157,0.000174,0.0496,0.00129,0.0658,3.13e-05,0.0293,0.000158,0.0134,0.0401,0.0,0.0,0,0.0,0,0.0,0,0.0,0,0.0,0
226,80,575.825,210805,0.0,13903360000,699.0,31.4,,10.2,40.5,119127,1602.0,1846.0,14.0,5653.0,3.2,4515.0,223562,0.0365,0.000621,1.41e-05,0.000148,0.000164,0.0499,0.00129,0.0662,2.92e-05,0.0295,0.000142,0.0135,0.0404,0.0,0.0,0,0.0,0,0.0,0,0.0,0,0.0,0
228,85,569.7764705882353,212336,0.0,13899173888,704.0,29.8,,9.5,38.4,119981,1556.0,1859.0,,6182.0,2.86,4547.0,226160,0.0368,0.00059,1.27e-05,0.000139,0.000154,0.0503,0.00126,0.0667,2.72e-05,0.0297,,0.0136,0.0412,0.0,0.0,0,0.0,0,0.0,0,0.0,0,0.0,0
230,36,289.30555555555554,213867,0.0,13900288000,756.0,28.1,,,36.3,120835,1511.0,1873.0,,6226.0,,4961.0,230051,0.037,0.000862,,0.000129,0.000144,0.0506,0.00122,0.0672,2.51e-05,0.0299,,0.0137,0.0419,0.0,0.0,0,0.0,0,0.0,0,0.0,0,0.0,0
232,87,274.32183908045977,215393,0.0,13886611456,761.0,26.5,,,34.3,121690,1466.0,1886.0,,6270.0,,4997.0,233067,0.0373,0.000816,,0.00012,0.000134,0.051,0.00119,0.0677,2.3e-05,0.0301,,0.0138,0.0423,0.0,0.0,0,0.0,0,0.0,0,0.0,0,0.0,0
234,84,188.0,216312,0.0,13885145088,767.0,24.8,,,32.2,130566,1421.0,1899.0,,6314.0,,5032.0,242653,0.0376,0.000771,,0.00011,0.000124,0.0546,0.00115,0.07,,0.0303,,0.0145,0.043,0.0,0.0,0,0.0,0,0.0,0,0.0,0,0.0,0
236,70,130.9142857142857,217225,0.0,13881344000,772.0,23.2,,,30.1,131476,1375.0,2041.0,,6358.0,,5067.0,244427,0.0378,0.000725,,,,0.0549,0.00118,0.0705,,0.0306,,0.0146,0.0433,0.0,0.0,0,0.0,0,0.0,0,0.0,0,0.0,0
238,65,124.52307692307691,218383,0.0,13878575104,777.0,,,,28.0,132386,1330.0,2055.0,,6811.0,,5103.0,246386,0.0381,0.000679,,,,0.0553,0.00114,0.071,,0.0308,,0.0147,0.0438,0.0,0.0,0,0.0,0,0.0,0,0.0,0,0.0,0
240,71,127.80281690140843,219186,0.0,13842698240,818.0,,,,26.0,133296,1285.0,2069.0,,6858.0,,5138.0,248073,0.0384,0.000633,,,,0.0557,0.00111,0.0716,,0.031,,0.0148,0.0441,0.0,0.0,0,0.0,0,0.0,0,0.0,0,0.0,0
242,88,137.04545454545453,219052,0.0,13811494912,824.0,,,,,134206,1123.0,2084.0,,6905.0,,5505.0,248456,0.0386,,,,,0.0561,0.00107,0.0721,,0.03,,0.0149,0.0442,0.0,0.0,0,0.0,0,0.0,0,0.0,0,0.0,0
244,76,184.0,218483,0.0,13805215744,830.0,,,,,135116,1082.0,2098.0,,6952.0,,5542.0,249545,0.0389,,,,,0.0565,0.00104,0.0726,,0.034,,0.015,0.0444,0.0,,0,0.0,0,,0,0.0,0,0.0,0
246,76,126.47368421052632,213425,0.0,13808590848,836.0,,,,,144630,1040.0,2112.0,,6999.0,,5580.0,267291,0.0268,,,,,0.0568,0.001,0.0731,,0.0342,,0.0151,0.0453,0.0,,0,0.0,0,,0,0.0,0,0.0,0
248,75,123.70666666666666,212918,0.0,13802000384,842.0,,,,,145691,999.0,2266.0,,7046.0,,5618.0,271342,0.0274,,,,,0.0556,0.000872,0.0736,,0.0344,,0.0163,0.0455,0.0,,0,0.0,0,,0,0.0,0,0.0,0
250,64,182.0,194133,0.0,13742231552,847.0,,,,,146718,958.0,2283.0,,7111.0,,5666.0,275865,0.0274,,,,,0.0556,0.00084,0.0716,,0.0328,,0.0164,0.0455,0.0,,0,0.0,0,,0,0.0,0,0.0,0
252,92,232.0326086956522,193804,68.3,13708201984,853.0,,,,,147745,917.0,2299.0,,7634.0,,5706.0,278225,0.0274,,,,,0.0634,0.000807,0.0787,,0.0328,,0.0165,0.0471,0.0,,0,0.0,0,,0,0.0,0,0.0,0
254,86,510.13953488372096,193590,68.8,13657260032,859.0,,,,,148772,876.0,2315.0,,7686.0,,6088.0,280458,0.0274,,,,,0.0639,0.000775,0.0793,,0.0328,,0.0166,0.0474,0.0,,0,0.0,0,,0,,0,0.0,0
256,69,120.04347826086956,193592,69.2,13588488192,837.0,,,,,149799,834.0,2331.0,,7739.0,,6131.0,282324,0.0274,,,,,0.0643,0.000743,0.0798,,0.0328,,0.0167,0.0478,0.0,,0,0.0,0,,0,,0,0.0,0
258,81,188.0,30972,69.7,13591621632,834.0,,,,,150826,793.0,2347.0,,7792.0,,6173.0,284683,0.0274,,,,,0.0647,0.000711,0.0804,,0.0328,,0.0168,0.048,0.0,,0,,0,,0,,0,,0
260,96,239.40625,30721,139.0,13505622016,946.0,,,,,151852,546.0,2465.0,,7845.0,,6215.0,286530,0.0272,,,,,0.0653,0.000514,0.0809,,0.0365,,0.0178,0.0489,0.0,,0,,0,,0,,0,,0
262,76,123.0657894736842,30747,140.0,13485522944,946.0,,,,,152879,673.0,2482.0,,7898.0,,6258.0,289160,0.0286,,,,,0.0657,0.000614,0.0811,,0.0368,,0.0179,0.0494,0.0,,0,,0,,0,,0,,0
264,92,132.5326086956522,30848,141.0,13482299392,967.0,,,,,168045,633.0,2499.0,,7948.0,,6300.0,312547,0.0286,,,,,0.0662,0.000583,0.0811,,0.038,,0.018,0.0499,0.0,,0,,0,,0,,0,,0
266,84,187.0,31144,139.0,13440516096,974.0,,,,,169312,593.0,2516.0,,8023.0,,6342.0,315088,0.0286,,,,,0.0666,0.000552,0.0811,,0.038,,0.018,0.0505,0.0,,0,,0,,0,,0,,0
268,80,384.5125,30958,139.0,13454413824,980.0,,,,,170513,553.0,2537.0,,8681.0,,6800.0,318295,0.0286,,,,,0.0715,0.000521,0.0784,,0.038,,0.0183,0.051,0.0,,0,,0,,0,,0,,0
270,78,395.5769230769231,31194,140.0,13462458368,985.0,,,,,171714,513.0,2555.0,,8740.0,,6848.0,320497,0.0286,,,,,0.072,0.00049,0.0805,,0.038,,0.0191,0.0516,0.0,,0,,0,,0,,0,,0
272,86,698.2093023255813,31045,142.0,13481705472,1038.0,,,,,172915,473.0,2662.0,,8800.0,,6895.0,323415,0.0282,,,,,0.0724,0.000459,0.0871,,0.0397,,0.0193,0.0521,0.0,,0,,0,,0,,0,,0
274,88,201.0,30891,143.0,13487030272,1038.0,,,,,174116,433.0,2680.0,,8859.0,,6943.0,326055,0.0282,,,,,0.073,0.000446,0.0871,,0.0397,,0.0194,0.0521,0.0,,0,,0,,0,,0,,0
276,64,637.171875,30855,139.0,13392629760,1060.0,,,,,185291,,2699.0,,8919.0,,6990.0,337987,0.0282,,,,,0.0735,0.000414,0.0871,,0.0397,,0.0195,0.053,0.0,,0,,0,,0,,0,,0
278,116,255.1293103448276,30102,140.0,13396848640,1068.0,,,,,186561,,2717.0,,9271.0,,7038.0,341736,0.0302,,,,,0.074,0.000382,0.0871,,0.0397,,0.0197,0.0537,0.0,,0,,0,,0,,0,,0
280,79,207.0,30483,141.0,13394190336,1075.0,,,,,187830,,2735.0,,9334.0,,7085.0,349775,0.0302,,,,,0.0745,0.000351,0.0898,,0.0413,,0.0198,0.0544,0.0,,0,,0,,0,,0,,0
282,84,137.21428571428572,30474,138.0,13376892928,1081.0,,,,,189100,,2754.0,,9398.0,,7348.0,352395,0.0302,,,,,0.075,0.000319,0.0904,,0.0413,,0.0199,0.0553,0.0,,0,,0,,0,,0,,0
284,81,132.62962962962962,30096,139.0,13256736768,1081.0,,,,,190370,,2845.0,,9461.0,,7402.0,354880,0.0298,,,,,0.0789,0.000287,0.0923,,0.0413,,0.02,0.0561,0.0,,0,,0,,0,,0,,0
286,93,140.09677419354838,28294,140.0,13230456832,1081.0,,,,,191880,,2873.0,,9523.0,,7454.0,357517,0.0298,,,,,0.0795,,0.093,,0.0434,,0.0207,0.0566,0.0,,0,,0,,0,,0,,0
288,78,125.6153846153846,28551,138.0,13202952192,1048.0,,,,,193195,,2893.0,,9606.0,,7506.0,360476,0.0298,,,,,0.08,,0.0935,,0.0434,,0.021,0.0569,0.0,,0,,0,,0,,0,,0
290,85,203.0,28677,139.0,13195636736,1171.0,,,,,194511,,2913.0,,9673.0,,7558.0,367227,0.0298,,,,,0.0806,,0.0935,,0.0434,,0.0211,0.0572,0.0,,0,,0,,0,,0,,0
292,86,129.91860465116278,28785,138.0,13188497408,1179.0,,,,,195827,,2933.0,,9739.0,,7609.0,369762,0.0298,,,,,0.0811,,0.0935,,0.0447,,0.0213,0.0577,0.0,,0,,0,,0,,0,,0
294,86,202.0,28742,139.0,13126770688,1201.0,,,,,190191,,2953.0,,9480.0,,7661.0,364471,0.0308,,,,,0.0817,,0.0935,,0.0464,,0.0214,0.0583,0.0,,0,,0,,0,,0,,0
296,97,135.31958762886595,27686,139.0,13126361088,1209.0,,,,,212327,,2973.0,,10536.0,,7713.0,388683,0.0308,,,,,0.0822,,0.0962,,0.0464,,0.0216,0.0591,0.0,,0,,0,,0,,0,,0
298,95,131.9157894736842,27397,141.0,13065785344,1217.0,,,,,213825,,2992.0,,10608.0,,8174.0,393583,0.0308,,,,,0.0863,,0.0969,,0.0483,,0.0217,0.06,,,0,,0,,0,,0,,0
300,73,200.0,27397,142.0,13066510336,1220.0,,,,,215323,,3150.0,,10679.0,,8244.0,396775,0.0324,,,,,0.0865,,0.097,,0.0483,,0.0229,0.0608,,,0,,0,,0,,0,,0
302,93,127.64516129032258,27237,142.0,13066084352,1220.0,,,,,216821,,3189.0,,10764.0,,8301.0,400891,0.0324,,,,,0.0875,,0.0937,,0.0483,,0.023,0.0611,,,0,,0,,0,,0,,0
304,81,114.92592592592592,27407,144.0,13065494528,1220.0,,,,,218319,,3211.0,,10840.0,,8358.0,406488,0.0324,,,,,0.0881,,0.1,,0.0483,,0.0231,0.062,,,0,,0,,0,,0,,0
306,105,263.85714285714283,27124,137.0,13071466496,1181.0,,,,,219817,,3233.0,,10915.0,,8414.0,410906,0.0324,,,,,0.0887,,0.103,,0.0483,,0.0231,0.0624,,,0,,0,,0,,0,,0
308,82,199.0,26996,138.0,13069697024,1290.0,,,,,221315,,3255.0,,10991.0,,8471.0,414123,0.0319,,,,,0.0893,,0.103,,0.0483,,0.0235,0.0625,,,0,,0,,0,,0,,0
310,92,121.94565217391305,26872,139.0,13060853760,1337.0,,,,,233252,,3277.0,,11516.0,,8784.0,428115,0.0319,,,,,0.0899,,0.104,,0.05,,0.0237,0.0629,,,0,,0,,0,,0,,0
312,89,117.34831460674155,26974,140.0,13061750784,1338.0,,,,,234820,,3381.0,,11594.0,,8883.0,431100,0.0319,,,,,0.0904,,0.105,,0.0515,,0.0245,0.0633,,,0,,0,,0,,0,,0
314,82,197.0,24637,141.0,13063974912,1338.0,,,,,236597,,3381.0,,11673.0,,8944.0,433482,0.0319,,,,,0.0951,,0.106,,0.0532,,0.0246,0.0654,,,0,,0,,0,,0,,0
316,90,197.0,24912,142.0,13062340608,1338.0,,,,,238239,,3429.0,,11751.0,,9006.0,439575,0.0325,,,,,0.0958,,0.108,,0.0532,,0.0248,0.0665,,,0,,0,,0,,0,,0
318,90,114.33333333333331,25171,140.0,13057318912,1338.0,,,,,239880,,3453.0,,11794.0,,9067.0,443109,0.0336,,,,,0.0965,,0.108,,0.0532,,0.025,0.0669,,,0,,0,,0,,0,,0
320,93,196.0,24748,141.0,13055139840,1338.0,,,,,241521,,3476.0,,12234.0,,9129.0,446502,0.0336,,,,,0.0971,,0.108,,0.0532,,0.0251,0.0666,,,0,,0,,0,,0,,0
322,98,118.13265306122447,21363,138.0,13079064576,1436.0,,,,,243162,,3500.0,,12319.0,,9191.0,445574,0.0348,,,,,0.0978,,0.108,,0.0532,,0.0251,0.0668,,,0,,0,,0,,0,,0
324,93,195.0,20055,139.0,13082152960,1464.0,,,,,254417,,3523.0,,12404.0,,9561.0,466981,0.0348,,,,,0.0985,,0.111,,0.0551,,0.0261,0.0684,,,0,,0,,0,,0,,0
326,90,108.17777777777778,20008,140.0,13082050560,1473.0,,,,,256262,,3525.0,,12489.0,,9639.0,471509,0.0348,,,,,0.0991,,0.111,,0.0551,,0.0263,0.069,,,0,,0,,0,,0,,0
328,78,194.0,19590,141.0,13085790208,1483.0,,,,,258064,,3689.0,,12574.0,,9705.0,475302,0.0348,,,,,0.103,,0.114,,0.0551,,0.0265,0.07,,,0,,0,,0,,0,,0
330,97,194.0,16333,142.0,13084585984,1484.0,,,,,259866,,3714.0,,12659.0,,9771.0,479659,0.0348,,,,,0.103,,0.115,,0.0574,,0.0267,0.0707,,,0,,0,,0,,0,,0
332,96,278.21875,12557,139.0,13079097344,1484.0,,,,,261668,,3739.0,,12744.0,,9837.0,483999,0.0348,,,,,0.104,,0.115,,0.0574,,0.0268,0.0713,,,0,,0,,0,,0,,0
334,88,102.125,9383,140.0,13067894784,1519.0,,,,,263470,,3760.0,,12751.0,,9903.0,487111,0.0363,,,,,0.105,,0.115,,0.0574,,0.027,0.0716,,,0,,0,,0,,0,,0
336,93,194.0,9383,141.0,13067702272,1519.0,,,,,273063,,3760.0,,13399.0,,9914.0,498912,0.0363,,,,,0.106,,0.115,,0.0587,,0.0272,0.0722,,,0,,0,,0,,0,,0
338,92,103.15217391304348,9371,140.0,13067345920,1519.0,,,,,274919,,3820.0,,13492.0,,10056.0,502458,0.0363,,,,,0.106,,0.115,,0.0587,,0.0266,0.0726,,,0,,0,,0,,0,,0
340,97,193.0,9210,139.0,13069041664,1578.0,,,,,276774,,3846.0,,13585.0,,10125.0,506643,0.0363,,,,,0.109,,0.12,,0.0587,,0.0283,0.0735,,,0,,0,,0,,0,,0
342,99,193.0,9210,137.0,13071302656,1584.0,,,,,278253,,3875.0,,13679.0,,10534.0,513757,0.0363,,,,,0.11,,0.12,,0.0607,,0.0283,0.0735,,,0,,0,,0,,0,,0
344,91,98.0,7967,138.0,13073723392,1584.0,,,,,280759,,3780.0,,13772.0,,10605.0,517734,0.0363,,,,,0.11,,0.12,,0.0607,,0.0288,0.0745,,,0,,0,,0,,0,,0
346,84,192.0,6785,139.0,13073104896,1625.0,,,,,282682,,3780.0,,14159.0,,10676.0,519289,0.0372,,,,,0.111,,0.12,,0.062,,0.029,0.0752,,,0,,0,,0,,0,,0
348,89,192.0,6785,140.0,13074989056,1625.0,,,,,291340,,4052.0,,14254.0,,10695.0,533307,0.0361,,,,,0.112,,0.12,,0.062,,0.0291,0.0753,,,0,,0,,0,,0,,0
350,96,99.14583333333331,6627,141.0,13077196800,1625.0,,,,,293309,,4075.0,,14289.0,,10695.0,535610,0.0368,,,,,0.113,,0.12,,0.062,,0.0291,0.0755,,,0,,0,,0,,0,,0
352,82,191.0,6627,142.0,13073186816,1625.0,,,,,295277,,4075.0,,14289.0,,10901.0,542262,0.0368,,,,,0.114,,0.12,,0.062,,0.0291,0.0763,,,0,,0,,0,,0,,0
354,107,191.0,6482,208.0,13077630976,1625.0,,,,,295310,,4075.0,,14428.0,,11149.0,543878,0.0368,,,,,0.117,,0.125,,0.0628,,0.0289,0.0775,,,0,,0,,0,,0,,0
356,88,191.0,6468,209.0,13085597696,1677.0,,,,,299611,,4075.0,,14528.0,,11181.0,552328,0.0368,,,,,0.117,,0.125,,0.0648,,0.0289,0.0778,,,0,,0,,0,,0,,0
358,89,295.2696629213483,6293,211.0,13092225024,1677.0,,,,,301670,,4149.0,,15009.0,,11181.0,555630,0.0375,,,,,0.117,,0.125,,0.0648,,0.0309,0.0783,,,0,,0,,0,,0,,0
360,35,192.0,6040,276.0,13096177664,1722.0,,,,,303728,,4178.0,,15110.0,,11181.0,561134,0.0375,,,,,0.119,,0.125,,0.0648,,0.031,0.0789,,,0,,0,,0,,0,,0
