i_o_read,i_o_write,memory,network_outgoing_pod-pod-1,network_outgoing_pod-pod-2,network_outgoing_pod-pod-3,network_outgoing_pod-pod-4,network_outgoing_pod-pod-5,network_outgoing_pod-pod-6,network_outgoing_pod-pod-7,network_outgoing_pod-pod-8,network_outgoing_pod-pod-9,network_outgoing_pod-pod-10,network_outgoing_pod-pod-11,network_outgoing_pod-pod-12,network_outgoing_pod-pod-13,network_outgoing_pod-pod-14,network_outgoing_pod-pod-15,network_outgoing_pod-pod-16,network_outgoing_pod-pod-17,network_outgoing_pod-pod-18,network_outgoing_pod-pod-19,network_outgoing_pod-pod-20,network_outgoing_pod-pod-21,network_outgoing_pod-pod-22,network_outgoing_pod-pod-23,network_outgoing_pod-pod-24,network_outgoing_system,cpu_pod-pod-1,cpu_pod-pod-2,cpu_pod-pod-3,cpu_pod-pod-4,cpu_pod-pod-5,cpu_pod-pod-6,cpu_pod-pod-7,cpu_pod-pod-8,cpu_pod-pod-9,cpu_pod-pod-10,cpu_pod-pod-11,cpu_pod-pod-12,cpu_pod-pod-13,cpu_pod-pod-14,cpu_pod-pod-15,cpu_pod-pod-16,cpu_pod-pod-17,cpu_pod-pod-18,cpu_pod-pod-19,cpu_pod-pod-20,cpu_pod-pod-21,cpu_pod-pod-22,cpu_pod-pod-23,cpu_pod-pod-24,cpu_system,pod-restart-count-pod-1,pod-restart-count-pod-2,pod-restart-count-pod-3,pod-restart-count-pod-4,pod-restart-count-pod-5,pod-restart-count-pod-6,pod-restart-count-pod-7,pod-restart-count-pod-8,pod-restart-count-pod-9,pod-restart-count-pod-10,pod-restart-count-pod-11,pod-restart-count-pod-12,pod-restart-count-pod-13,pod-restart-count-pod-14,pod-restart-count-pod-15,pod-restart-count-pod-16,pod-restart-count-pod-17,pod-restart-count-pod-18,pod-restart-count-pod-19,pod-restart-count-pod-20,pod-restart-count-pod-21,pod-restart-count-pod-22,pod-restart-count-pod-23,pod-restart-count-pod-24
212710,0.0,13620383744,52.6,104.0,110.0,42.8,104.0,55.5,105.0,49.4,252.0,73.7,113,747.0,4666.0,176,35.1,120.0,103.0,44.5,86.4,225.0,47.8,39.7,53.6,157.0,7563,0.0214,0.00203,0.00165,0.00765,0.000169,0.000201,0.000409,0.00424,0.00112,0.00343,0.000377,0.000189,0.00375,0.00564,0.00268,0.000447,0.000167,0.000194,0.00327,0.00145,0.00178,0.000734,0.000204,0.000279,0.00529,0.0,0,0.0,0,0,0.0,0.0,0,0.0,0,0.0,0,0.0,0,0,0.0,0,0.0,0.0,0,0,0.0,0,0.0
194530,0.0,13622751232,53.9,103.0,109.0,42.8,103.0,56.9,104.0,50.5,250.0,75.5,116,740.0,4821.0,186,36.0,119.0,102.0,74.5,88.5,234.0,47.4,40.6,54.9,155.0,7763,0.0197,0.00202,0.00163,0.00783,0.000167,0.000205,0.000405,0.00434,0.00111,0.00352,0.00043,0.000187,0.00372,0.006,0.00275,0.000444,0.000166,0.000199,0.00335,0.00145,0.00176,0.000751,0.000209,0.000276,0.00522,0.0,0,0.0,0,0,0.0,0.0,0,0.0,0,0.0,0,0.0,0,0,0.0,0,0.0,0.0,0,0,0.0,0,0.0
200140,0.0,13628026880,55.1,102.0,108.0,42.8,102.0,58.2,104.0,51.7,248.0,77.2,119,733.0,4785.0,196,36.8,118.0,101.0,76.3,90.6,231.0,46.9,39.7,56.3,154.0,7732,0.0182,0.002,0.00162,0.00801,0.000166,0.000209,0.000401,0.00444,0.0011,0.0029,0.000439,0.000193,0.0037,0.00636,0.00282,0.00044,0.000164,0.000203,0.00343,0.00144,0.00175,0.000768,0.000214,0.000274,0.00511,0.0,0,0.0,0,0,0.0,0.0,0,0.0,0,0.0,0,0.0,0,0,0.0,0,0.0,0.0,0,0,0.0,0,0.0
201188,0.0,13625077760,56.3,101.0,107.0,68.2,101.0,59.5,103.0,52.9,246.0,79.0,121,727.0,4748.0,259,37.6,117.0,99.8,78.0,112.0,229.0,46.5,40.6,57.6,153.0,7800,0.0187,0.00198,0.0016,0.0082,0.000155,0.000214,0.00039,0.00447,0.00109,0.00298,0.000449,0.000191,0.00367,0.00672,0.00289,0.000436,0.000166,0.000207,0.00351,0.00143,0.00166,0.000776,0.000218,0.000271,0.00519,0.0,0,0.0,0,0,0.0,0.0,0,0.0,0,0.0,0,0.0,0,0,0.0,0,0.0,0.0,0,0,0.0,0,0.0
206025,0.0,13625892864,51.7,100.0,105.0,69.7,100.0,60.8,102.0,54.1,241.0,80.7,124,720.0,4712.0,271,46.5,116.0,98.9,79.8,115.0,227.0,46.0,41.5,73.6,152.0,7788,0.0191,0.00197,0.00159,0.00838,0.000155,0.000218,0.000386,0.00457,0.00108,0.00305,0.000458,0.000189,0.00364,0.00708,0.00296,0.000432,0.000164,0.000212,0.00359,0.00141,0.00172,0.000793,0.000223,0.000269,0.0053,0.0,0,0.0,0,0,0.0,0.0,0,0.0,0,0.0,0,0.0,0,0,0.0,0,0.0,0.0,0,0,0.0,0,0.0
215638,0.0,13625839616,53.4,99.6,104.0,71.2,100.0,62.1,101.0,55.2,238.0,97.2,127,714.0,4675.0,284,47.5,115.0,98.0,81.6,117.0,225.0,43.3,42.5,75.3,150.0,7778,0.0195,0.00195,0.00158,0.00856,0.000161,0.000222,0.000383,0.00467,0.00107,0.00312,0.000467,0.000188,0.00361,0.00744,0.00317,0.000416,0.000162,0.000434,0.00367,0.0014,0.0017,0.000809,0.000227,0.000266,0.00543,0.0,0,0.0,0,0,0.0,0.0,0,0.0,0,0.0,0,0.0,0,0,0.0,0,0.0,0.0,0,0,0.0,0,0.0
224086,0.0,13627781120,54.5,98.8,103.0,72.7,99.4,63.4,99.8,56.4,236.0,99.3,130,707.0,4639.0,296,48.6,114.0,92.0,83.3,120.0,223.0,45.1,43.4,76.9,149.0,7750,0.0199,0.00184,0.00156,0.00874,0.000159,0.000489,0.000379,0.00476,0.00101,0.00319,0.000477,0.000186,0.00359,0.00607,0.00325,0.000412,0.000161,0.000443,0.00354,0.00139,0.00169,0.000826,0.000207,0.000257,0.00538,0.0,0,0.0,0,0,0.0,0.0,0,0.0,0,0.0,0,0.0,0,0,0.0,0,0.0,0.0,0,0,0.0,0,0.0
206647,0.0,13634994176,55.6,102.0,102.0,74.2,98.4,64.7,98.8,107.0,234.0,101.0,859,701.0,4602.0,309,49.6,113.0,96.1,85.1,122.0,220.0,44.6,44.3,78.5,147.0,8510,0.0203,0.00183,0.00155,0.0114,0.000157,0.000498,0.000376,0.00486,0.00101,0.00327,0.000486,0.000185,0.00356,0.00558,0.00332,0.000409,0.000159,0.000452,0.00361,0.00138,0.00167,0.000842,0.000349,0.000257,0.00562,0.0,0,0.0,0,0,0.0,0.0,0,0.0,0,0.0,0,0.0,0,0,0.0,0,0.0,0.0,0,0,0.0,0,0.0
214809,0.0,13640421376,56.7,101.0,101.0,75.7,97.4,58.8,97.9,109.0,232.0,103.0,876,694.0,4566.0,321,50.6,112.0,95.1,86.9,125.0,218.0,44.2,45.2,80.2,146.0,8494,0.0186,0.00182,0.00153,0.0116,0.000156,0.000508,0.000372,0.00496,0.00104,0.00334,0.000907,0.000183,0.00353,0.00583,0.0034,0.000405,0.000158,0.000461,0.00368,0.00137,0.00165,0.000859,0.000355,0.000266,0.00558,0.0,0,0.0,0,0,0.0,0.0,0,0.0,0,0.0,0,0.0,0,0,0.0,0,0.0,0.0,0,0,0.0,0,0.0
219390,0.0,13643915264,57.8,101.0,100.0,146.0,96.5,324.0,97.0,111.0,230.0,106.0,894,687.0,4529.0,333,51.6,111.0,94.2,426.0,127.0,215.0,43.8,55.6,81.8,145.0,9164,0.019,0.0018,0.00156,0.0118,0.000154,0.000517,0.000369,0.00506,0.00103,0.00341,0.000924,0.000181,0.00353,0.00607,0.00347,0.000401,0.000161,0.00047,0.00376,0.00135,0.00164,0.000875,0.000362,0.000264,0.00568,0.0,0,0.0,0,0,0.0,0.0,0,0.0,0,0.0,0,0.0,0,0,0.0,0,0.0,0.0,0,0,0.0,0,0.0
220787,0.0,13645279232,59.0,99.7,99.4,149.0,95.5,331.0,97.0,113.0,229.0,108.0,912,681.0,4469.0,293,52.6,110.0,93.3,434.0,130.0,213.0,43.3,56.8,83.5,143.0,9095,0.0193,0.00179,0.00154,0.0121,0.000153,0.000527,0.000371,0.00696,0.00102,0.00348,0.000941,0.000178,0.0035,0.00632,0.00355,0.000397,0.00016,0.000479,0.00383,0.00134,0.00162,0.000907,0.000369,0.000261,0.00592,0.0,0,0.0,0,0,0.0,0.0,0,0.0,0,0.0,0,0.0,0,0,0.0,0,0.0,0.0,0,0,0.0,0,0.0
224744,0.0,13646499840,60.1,98.9,98.5,152.0,94.5,337.0,96.1,116.0,227.0,110.0,929,674.0,4433.0,523,53.7,109.0,92.4,443.0,120.0,211.0,42.9,57.9,145.0,142.0,9364,0.0197,0.00177,0.00153,0.0123,0.000151,0.000536,0.000368,0.00709,0.00101,0.00318,0.000959,0.000176,0.00347,0.00656,0.00362,0.000397,0.000158,0.000488,0.00391,0.00133,0.0016,0.000923,0.000376,0.000258,0.00599,0.0,0,0.0,0,0,0.0,0.0,0,0.0,0,0.0,0,0.0,0,0,0.0,0,0.0,0.0,0,0,0.0,0,0.0
228577,0.0,13647826944,61.2,96.7,97.4,155.0,88.8,344.0,95.1,118.0,225.0,102.0,947,667.0,4396.0,541,50.0,102.0,91.5,451.0,249.0,208.0,42.4,59.0,148.0,142.0,9477,0.0201,0.00176,0.00151,0.0125,0.00015,0.000545,0.000364,0.00722,0.001,0.00326,0.000976,0.000175,0.00344,0.00609,0.00444,0.000393,0.000156,0.000497,0.00394,0.00132,0.00159,0.00094,0.000559,0.000256,0.0061,0.0,0,0.0,0,0,0.0,0.0,0,0.0,0,0.0,0,0.0,0,0,0.0,0,0.0,0.0,0,0,0.0,0,0.0
233076,0.0,13652541440,71.9,99.7,96.4,157.0,92.4,350.0,94.2,238.0,223.0,152.0,2397,629.0,4360.0,559,50.0,107.0,90.5,460.0,254.0,206.0,42.0,60.1,151.0,141.0,11081,0.0204,0.00174,0.0015,0.0128,0.00015,0.000555,0.000361,0.00736,0.000992,0.00333,0.000993,0.000173,0.00342,0.00631,0.00453,0.00039,0.000155,0.00104,0.00401,0.0013,0.00157,0.000957,0.000568,0.000253,0.00624,0.0,0,0.0,0,0,0.0,0.0,0,0.0,0,0.0,0,0.0,0,0,0.0,0,0.0,0.0,0,0,0.0,0,0.0
237712,0.0,13654548480,73.2,98.9,95.5,160.0,91.4,356.0,93.2,242.0,221.0,155.0,2441,653.0,4324.0,577,97.6,106.0,89.6,468.0,258.0,204.0,40.5,61.2,153.0,139.0,11200,0.0192,0.00173,0.00148,0.013,0.000149,0.000518,0.000357,0.00749,0.000982,0.00339,0.00101,0.000171,0.00339,0.00653,0.00462,0.000386,0.000153,0.00105,0.00408,0.00129,0.00156,0.000974,0.000578,0.00025,0.0062,0.0,0,0.0,0,0,0.0,0.0,0,0.0,0,0.0,0,0.0,0,0,0.0,0,0.0,0.0,0,0,0.0,0,0.0
213278,0.0,13656920064,74.5,98.0,94.5,163.0,90.4,363.0,92.3,247.0,219.0,158.0,2485,646.0,4287.0,595,99.4,105.0,88.7,477.0,263.0,202.0,42.1,62.3,156.0,138.0,11245,0.0195,0.00172,0.00147,0.0156,0.000147,0.00138,0.000353,0.00762,0.000972,0.00346,0.00213,0.00017,0.00336,0.00675,0.00471,0.000382,0.00015,0.00107,0.00416,0.00128,0.00154,0.00099,0.000588,0.00025,0.00665,0.0,0,0.0,0,0,0.0,0.0,0,0.0,0,0.0,0,0.0,0,0,0.0,0,0.0,0.0,0,0,0.0,0,0.0
217201,0.0,13661982720,75.8,97.2,93.6,313.0,89.5,369.0,94.3,251.0,216.0,161.0,2529,640.0,4251.0,613,101.0,104.0,90.3,448.0,268.0,203.0,41.7,63.5,231.0,136.0,11480,0.0199,0.0017,0.00149,0.0159,0.000146,0.0014,0.00035,0.0115,0.000967,0.00352,0.00216,0.000168,0.00333,0.00697,0.0048,0.000378,0.000148,0.00109,0.00423,0.00126,0.00152,0.00101,0.000598,0.000247,0.00707,0.0,0,0.0,0,0,0.0,0.0,0,0.0,0,0.0,0,0.0,0,0,0.0,0,0.0,0.0,0,0,0.0,0,0.0
218483,0.0,13664264192,77.1,96.3,92.7,318.0,88.5,865.0,93.4,255.0,214.0,164.0,2573,633.0,4263.0,631,103.0,103.0,89.4,448.0,272.0,201.0,41.2,98.4,235.0,135.0,12091,0.0202,0.00169,0.00147,0.0162,0.000144,0.00143,0.000346,0.0117,0.000958,0.00359,0.0022,0.00017,0.00331,0.00719,0.00489,0.000366,0.000147,0.00111,0.0043,0.00125,0.00151,0.00105,0.000608,0.000245,0.00717,0.0,0,0.0,0,0,0.0,0.0,0,0.0,0,0.0,0,0.0,0,0,0.0,0,0.0,0.0,0,0,0.0,0,0.0
221824,0.0,13661655040,78.4,95.5,91.7,324.0,87.5,880.0,92.4,260.0,216.0,166.0,2617,626.0,4226.0,649,105.0,102.0,88.4,1632.0,277.0,199.0,40.8,100.0,240.0,133.0,13326,0.0206,0.00167,0.00146,0.0165,0.000136,0.00145,0.000355,0.0119,0.000948,0.00365,0.00223,0.000168,0.00328,0.00741,0.00498,0.000362,0.000145,0.00113,0.00438,0.00124,0.00149,0.00107,0.000618,0.000242,0.00728,0.0,0,0.0,0,0,0.0,0.0,0,0.0,0,0.0,0,0.0,0,0,0.0,0,0.0,0.0,0,0,0.0,0,0.0
225489,0.0,13657927680,87.6,94.6,90.8,329.0,86.5,894.0,91.4,444.0,214.0,169.0,2661,620.0,4190.0,957,106.0,101.0,87.5,1659.0,282.0,197.0,40.3,102.0,244.0,132.0,13880,0.0197,0.00166,0.00144,0.0167,0.000142,0.00147,0.000351,0.0121,0.000938,0.00367,0.00227,0.000167,0.00325,0.00763,0.00682,0.000358,0.000144,0.00115,0.00445,0.00123,0.00147,0.00109,0.00101,0.000239,0.00746,0.0,0,0.0,0,0,0.0,0.0,0,0.0,0,0.0,0,0.0,0,0,0.0,0,0.0,0.0,0,0,0.0,0,0.0
228725,0.0,13653557248,89.0,93.8,93.5,334.0,85.5,909.0,90.4,452.0,211.0,172.0,2705,613.0,4153.0,983,108.0,99.9,86.6,1687.0,286.0,194.0,39.9,104.0,248.0,128.0,13967,0.0201,0.00164,0.00143,0.0169,0.00014,0.0015,0.000347,0.0123,0.000928,0.00373,0.0033,0.000165,0.00322,0.00721,0.00694,0.000355,0.000142,0.00116,0.00452,0.00121,0.00146,0.0011,0.00102,0.000237,0.00759,0.0,0,0.0,0,0,0.0,0.0,0,0.0,0,0.0,0,0.0,0,0,0.0,0,0.0,0.0,0,0,0.0,0,0.0
231052,0.0,13657837568,90.4,94.1,92.6,340.0,79.3,924.0,89.4,459.0,209.0,162.0,5969,607.0,4116.0,1009,110.0,98.9,85.6,1714.0,474.0,192.0,39.4,105.0,252.0,126.0,17439,0.0204,0.00163,0.00141,0.0172,0.000138,0.00152,0.000344,0.0158,0.00092,0.0038,0.00336,0.000163,0.0032,0.00741,0.00707,0.000351,0.000141,0.0011,0.00491,0.00121,0.00144,0.00112,0.00104,0.000235,0.00799,0.0,0,0.0,0,0,0.0,0.0,0,0.0,0,0.0,0,0.0,0,0,0.0,0,0.0,0.0,0,0,0.0,0,0.0
234891,0.0,13659734016,91.8,93.3,91.6,536.0,83.1,938.0,88.5,466.0,207.0,162.0,6064,600.0,4111.0,1035,103.0,99.2,84.7,1742.0,482.0,190.0,39.5,134.0,256.0,125.0,17824,0.0207,0.00161,0.0014,0.0175,0.000137,0.00154,0.00034,0.0161,0.00091,0.00386,0.00341,0.000162,0.00317,0.00761,0.00719,0.000331,0.000121,0.00217,0.00498,0.0012,0.00142,0.00114,0.00106,0.000233,0.00819,0.0,0,0.0,0,0,0.0,0.0,0,0.0,0,0.0,0,0.0,0,0,0.0,0,0.0,0.0,0,0,0.0,0,0.0
238730,0.0,13663899648,93.3,92.4,90.6,544.0,82.1,953.0,87.5,474.0,205.0,246.0,6160,593.0,4074.0,1061,192.0,98.2,78.6,2640.0,489.0,188.0,39.1,137.0,260.0,124.0,19001,0.021,0.0016,0.00133,0.0177,0.000135,0.00156,0.000336,0.0163,0.0009,0.00393,0.00346,0.000163,0.00307,0.00781,0.00731,0.000331,0.000127,0.00221,0.00506,0.00119,0.00141,0.00116,0.00107,0.00023,0.00829,0.0,0,0.0,0,0,0.0,0.0,0,0.0,0,0.0,0,0.0,0,0,0.0,0,0.0,0.0,0,0,0.0,0,0.0
214780,0.0,13663731712,94.7,91.5,89.6,552.0,81.2,968.0,80.2,481.0,203.0,250.0,6255,587.0,4037.0,1087,195.0,97.2,82.0,2681.0,497.0,185.0,38.6,139.0,244.0,122.0,19138,0.0213,0.00158,0.0014,0.018,0.000134,0.00146,0.000332,0.0166,0.000891,0.00399,0.00351,0.000161,0.00316,0.00801,0.00743,0.000345,0.000125,0.00224,0.00514,0.00117,0.00139,0.00117,0.00109,0.000227,0.00841,0.0,0,0.0,0,0,0.0,0.0,0,0.0,0,0.0,0,0.0,0,0,0.0,0,0.0,0.0,0,0,0.0,0,0.0
216381,0.0,13663977472,96.1,90.7,88.7,561.0,80.2,1685.0,83.7,665.0,201.0,254.0,6351,580.0,4000.0,1113,197.0,96.2,81.1,2722.0,505.0,183.0,38.2,141.0,244.0,121.0,20177,0.0217,0.00157,0.00138,0.0183,0.000132,0.00274,0.00032,0.0168,0.000881,0.00406,0.00357,0.000159,0.00313,0.00821,0.00755,0.000341,0.000124,0.00227,0.00522,0.00116,0.00138,0.0011,0.0011,0.000225,0.00862,0.0,0,0.0,0,0,0.0,0.0,0,0.0,0,0.0,0,0.0,0,0,0.0,0,0.0,0.0,0,0,0.0,0,0.0
217880,0.0,13665738752,119.0,89.8,87.7,569.0,79.2,1710.0,82.7,674.0,198.0,258.0,6446,574.0,3963.0,1457,200.0,95.1,80.1,2764.0,512.0,181.0,37.7,143.0,456.0,120.0,20898,0.022,0.00155,0.00137,0.0186,0.000131,0.00278,0.000334,0.0171,0.000871,0.00415,0.00362,0.000157,0.0031,0.00841,0.00712,0.000337,0.000123,0.00231,0.00562,0.00115,0.00137,0.0013,0.00112,0.000222,0.00873,0.0,0,0.0,0,0,0.0,0.0,0,0.0,0,0.0,0,0.0,0,0,0.0,0,0.0,0.0,0,0,0.0,0,0.0
221159,0.0,13667856384,121.0,88.9,86.7,577.0,78.2,1735.0,81.8,684.0,192.0,262.0,6542,569.0,3926.0,1491,203.0,94.1,79.2,2805.0,520.0,179.0,37.2,145.0,463.0,119.0,21080,0.0208,0.00154,0.00135,0.0194,0.000135,0.00282,0.000331,0.0173,0.000861,0.00421,0.00367,0.000156,0.00308,0.00861,0.0103,0.000334,0.000121,0.00234,0.00571,0.00113,0.00135,0.00132,0.00114,0.000219,0.00902,0.0,0,0.0,0,0,0.0,0.0,0,0.0,0,0.0,0,0.0,0,0,0.0,0,0.0,0.0,0,0,0.0,0,0.0
223787,0.0,13672226816,122.0,88.7,83.1,586.0,77.2,1760.0,80.8,694.0,190.0,304.0,6637,562.0,3889.0,1524,206.0,92.1,78.3,2846.0,528.0,177.0,35.5,147.0,470.0,118.0,21296,0.0215,0.00153,0.00134,0.0196,0.000133,0.00286,0.000327,0.0228,0.000853,0.00428,0.00348,0.000154,0.00305,0.00786,0.0105,0.00033,0.00012,0.00327,0.00579,0.00114,0.00133,0.00133,0.00115,0.000203,0.00958,0.0,0,0.0,0,0,0.0,0.0,0,0.0,0,0.0,0,0.0,0,0,0.0,0,0.0,0.0,0,0,0.0,0,0.0
226374,0.0,13679185920,124.0,87.8,82.2,561.0,76.3,1785.0,79.8,704.0,187.0,308.0,12101,556.0,3852.0,1557,260.0,91.1,77.3,2887.0,759.0,175.0,35.1,150.0,477.0,116.0,27089,0.0218,0.00152,0.00132,0.0199,0.000132,0.0029,0.000323,0.0231,0.000843,0.00434,0.00613,0.000152,0.00302,0.00933,0.0107,0.000326,0.000118,0.00332,0.00587,0.00112,0.00132,0.00135,0.0018,0.0002,0.0101,0.0,0,0.0,0,0,0.0,0.0,0,0.0,0,0.0,0,0.0,0,0,0.0,0,0.0,0.0,0,0,0.0,0,0.0
229674,0.0,13679869952,126.0,87.0,81.3,561.0,75.5,1811.0,78.9,714.0,185.0,312.0,12273,549.0,3840.0,1590,263.0,90.1,76.4,4514.0,770.0,172.0,34.6,152.0,484.0,115.0,28955,0.0222,0.0015,0.00131,0.0202,0.00013,0.00383,0.000319,0.0234,0.000834,0.0044,0.00621,0.000151,0.00299,0.00954,0.0108,0.000323,0.000117,0.00337,0.00596,0.00111,0.0013,0.00137,0.00183,0.000198,0.0103,0.0,0,0.0,0,0,0.0,0.0,0,0.0,0,0.0,0,0.0,0,0,0.0,0,0.0,0.0,0,0,0.0,0,0.0
232974,0.0,13680517120,128.0,86.1,80.3,561.0,74.5,1836.0,77.9,724.0,183.0,317.0,12444,543.0,3803.0,1624,267.0,89.1,75.4,4577.0,781.0,170.0,34.2,142.0,490.0,114.0,29221,0.0225,0.00149,0.00129,0.0205,0.000128,0.00388,0.000315,0.0237,0.000824,0.00447,0.0063,0.000154,0.00296,0.00975,0.011,0.000319,0.000115,0.00342,0.00604,0.0011,0.00128,0.00139,0.00185,0.000195,0.0104,0.0,0,0.0,0,0,0.0,0.0,0,0.0,0,0.0,0,0.0,0,0,0.0,0,0.0,0.0,0,0,0.0,0,0.0
215372,0.0,13684314112,129.0,85.2,79.4,1060.0,73.5,2891.0,77.0,1099.0,182.0,321.0,12616,536.0,3766.0,1657,271.0,88.0,76.9,4641.0,791.0,168.0,33.7,248.0,497.0,112.0,31499,0.0228,0.00147,0.00128,0.0208,0.000127,0.00393,0.000311,0.0241,0.000814,0.00453,0.00638,0.000152,0.00295,0.00995,0.0112,0.000322,0.000119,0.00346,0.00612,0.00109,0.00126,0.00141,0.00188,0.000193,0.0105,0.0,0,0.0,0,0,0.0,0.0,0,0.0,0,0.0,0,0.0,0,0,0.0,0,0.0,0.0,0,0,0.0,0,0.0
217937,0.0,13693399040,131.0,84.3,78.4,1074.0,72.5,2930.0,74.0,1113.0,180.0,325.0,12788,529.0,3729.0,2135,274.0,87.0,75.9,4704.0,802.0,167.0,33.3,251.0,504.0,111.0,32255,0.0231,0.00146,0.00129,0.021,0.000125,0.00398,0.000308,0.0244,0.000812,0.0046,0.00647,0.00015,0.00293,0.0102,0.0113,0.000319,0.000117,0.0048,0.00717,0.00107,0.00125,0.00143,0.0019,0.000191,0.0109,0.0,0,0.0,0,0,0.0,0.0,0,0.0,0,0.0,0,0.0,0,0,0.0,0,0.0,0.0,0,0,0.0,0,0.0
219667,0.0,13695287296,133.0,83.5,77.5,1088.0,71.5,2969.0,73.1,1128.0,178.0,330.0,12959,523.0,3692.0,2177,278.0,86.0,75.0,4768.0,813.0,165.0,32.8,255.0,474.0,102.0,32531,0.0234,0.00144,0.00128,0.0213,0.000107,0.00404,0.000299,0.0247,0.000802,0.00466,0.00656,0.000149,0.0029,0.0104,0.0115,0.000315,0.000116,0.00486,0.00727,0.00106,0.00123,0.00136,0.00193,0.000192,0.011,0.0,0,0.0,0,0,0.0,0.0,0,0.0,0,0.0,0,0.0,0,0,0.0,0,0.0,0.0,0,0,0.0,0,0.0
222264,0.0,13705375744,125.0,82.3,79.1,1103.0,70.5,3008.0,72.2,1143.0,176.0,334.0,13131,482.0,3655.0,2219,282.0,85.0,74.0,4831.0,824.0,162.0,32.4,258.0,819.0,102.0,33150,0.023,0.00135,0.00126,0.0221,0.000105,0.00409,0.000296,0.0322,0.000792,0.00437,0.00664,0.000147,0.00287,0.011,0.0108,0.000311,0.000115,0.00493,0.00737,0.00105,0.00121,0.00136,0.00195,0.00019,0.0116,0.0,0,0.0,0,0,0.0,0.0,0,0.0,0,0.0,0,0.0,0,0,0.0,0,0.0,0.0,0,0,0.0,0,0.0
222894,0.0,13720850432,163.0,81.5,78.1,1117.0,67.8,3047.0,71.2,1158.0,174.0,430.0,13303,482.0,3616.0,2261,286.0,84.0,73.0,4895.0,835.0,160.0,32.0,261.0,829.0,107.0,33613,0.0233,0.00141,0.00125,0.0224,0.000104,0.00414,0.000292,0.0326,0.000783,0.00508,0.00635,0.000145,0.00284,0.0112,0.0159,0.000307,0.000113,0.00499,0.00746,0.00103,0.0012,0.00163,0.00198,0.000187,0.0122,0.0,0,0.0,0,0,0.0,0.0,0,0.0,0,0.0,0,0.0,0,0,0.0,0,0.0,0.0,0,0,0.0,0,0.0
225892,0.0,13722951680,165.0,80.6,77.1,1131.0,66.9,3086.0,70.3,1173.0,171.0,436.0,19258,506.0,3579.0,2303,272.0,83.2,72.1,4958.0,1161.0,158.0,31.5,265.0,840.0,106.0,40050,0.0236,0.0014,0.00123,0.0227,0.000102,0.00571,0.000288,0.0331,0.000773,0.00515,0.00942,0.000143,0.00281,0.0114,0.0161,0.000304,0.000112,0.00506,0.00756,0.00102,0.00118,0.00165,0.00271,0.000185,0.0128,0.0,0,0.0,0,0,0.0,0.0,0,0.0,0,0.0,0,0.0,0,0,0.0,0,0.0,0.0,0,0,0.0,0,0.0
228835,0.0,13719154688,167.0,79.7,76.2,1145.0,65.9,3125.0,69.4,1188.0,169.0,441.0,19503,499.0,3542.0,2346,272.0,82.2,71.1,4717.0,1176.0,156.0,31.1,323.0,851.0,105.0,40201,0.0239,0.00138,0.00122,0.023,0.000101,0.00578,0.000284,0.0335,0.000763,0.00522,0.00954,0.000137,0.00278,0.0116,0.0163,0.0003,0.00011,0.00512,0.00765,0.001,0.00116,0.00167,0.00274,0.000182,0.013,0.0,0,0.0,0,0,0.0,0.0,0,0.0,0,0.0,0,0.0,0,0,0.0,0,0.0,0.0,0,0,0.0,0,0.0
214531,0.0,13718700032,169.0,78.9,75.2,1097.0,65.0,3883.0,68.4,1203.0,167.0,447.0,19748,492.0,3505.0,2689,420.0,81.2,70.1,7148.0,1190.0,153.0,30.7,327.0,862.0,103.0,44075,0.0242,0.00137,0.0012,0.0233,9.8e-05,0.00585,0.000281,0.0339,0.000706,0.00529,0.00966,0.000143,0.00276,0.0118,0.0165,0.000289,0.000107,0.00519,0.00775,0.00099,0.00105,0.00169,0.00277,0.00018,0.0131,0.0,0,0.0,0,0,0.0,0.0,0,0.0,0,0.0,0,0.0,0,0,0.0,0,0.0,0.0,0,0,0.0,0,0.0
216862,0.0,13716582400,171.0,78.0,74.2,1097.0,64.0,3931.0,67.5,1660.0,158.0,452.0,19994,486.0,3468.0,2737,425.0,80.2,69.1,7237.0,1205.0,151.0,30.2,331.0,873.0,102.0,44942,0.0239,0.00135,0.00119,0.0236,0.000104,0.00592,0.000278,0.0343,0.000748,0.00536,0.00978,0.000142,0.0026,0.0121,0.0168,0.000285,0.000106,0.00525,0.00785,0.000977,0.00112,0.00171,0.00281,0.000179,0.0132,0.0,0,0.0,0,0,0.0,0.0,0,0.0,0,0.0,0,0.0,0,0,0.0,0,0.0,0.0,0,0,0.0,0,0.0
218302,0.0,13716774912,174.0,77.1,73.2,1639.0,63.0,3979.0,67.7,1680.0,167.0,458.0,20239,479.0,3431.0,2784,431.0,79.2,64.8,7326.0,1220.0,145.0,29.8,335.0,884.0,100.0,45925,0.0242,0.00134,0.00117,0.0239,0.000102,0.006,0.000278,0.0393,0.000738,0.00543,0.0099,0.00014,0.00271,0.0123,0.017,0.000282,0.000104,0.00503,0.00794,0.000964,0.00111,0.00178,0.00284,0.000176,0.0137,0.0,0,0.0,0,0,0.0,0.0,0,0.0,0,0.0,0,0.0,0,0,0.0,0,0.0,0.0,0,0,0.0,0,0.0
220454,0.0,13725507584,176.0,76.2,72.3,1659.0,62.1,4027.0,66.7,1700.0,165.0,463.0,20484,472.0,3396.0,2831,436.0,78.7,63.8,7416.0,1235.0,142.0,30.4,339.0,895.0,98.9,46385,0.0245,0.00132,0.0012,0.0255,0.000101,0.00607,0.000291,0.0398,0.000728,0.0055,0.01,0.000138,0.00268,0.0115,0.0195,0.000278,0.000103,0.00678,0.00894,0.000951,0.00109,0.0018,0.00288,0.000174,0.0143,0.0,0,0.0,0,0,0.0,0.0,0,0.0,0,0.0,0,0.0,0,0,0.0,0,0.0,0.0,0,0,0.0,0,0.0
221323,0.0,13725646848,178.0,75.2,69.4,1678.0,61.1,4075.0,65.8,1721.0,163.0,533.0,20730,466.0,3359.0,2879,441.0,77.7,62.9,7505.0,1250.0,140.0,29.9,343.0,905.0,97.5,46904,0.0248,0.00131,0.00119,0.0259,9.91e-05,0.00614,0.000287,0.0403,0.000718,0.00556,0.0123,0.000136,0.00265,0.0115,0.0197,0.000274,0.000101,0.00686,0.00904,0.000939,0.00107,0.00182,0.00344,0.000171,0.0147,0.0,0,0.0,0,0,0.0,0.0,0,0.0,0,0.0,0,0.0,0,0,0.0,0,0.0,0.0,0,0,0.0,0,0.0
223984,0.0,13727498240,170.0,74.3,68.5,1698.0,62.2,4123.0,64.8,1741.0,160.0,539.0,20975,459.0,3321.0,2926,446.0,76.7,62.0,7594.0,1265.0,138.0,29.5,347.0,1179.0,96.7,47616,0.0251,0.00114,0.00117,0.0262,9.76e-05,0.00733,0.000283,0.0407,0.000708,0.00529,0.0124,0.000134,0.00263,0.0138,0.0199,0.000271,9.99e-05,0.00695,0.00915,0.000926,0.00106,0.00184,0.00348,0.000169,0.0151,0.0,0,0.0,0,0,0.0,0.0,0,0.0,0,0.0,0,0.0,0,0,0.0,0,0.0,0.0,0,0,0.0,0,0.0
226423,0.0,13731573760,221.0,73.5,67.5,1718.0,61.2,4171.0,63.9,1761.0,158.0,545.0,21220,453.0,3284.0,2973,532.0,75.7,61.1,9371.0,1210.0,136.0,29.0,351.0,1193.0,95.3,49826,0.0254,0.00114,0.00116,0.0265,9.61e-05,0.00742,0.000279,0.0412,0.000698,0.00602,0.0126,0.000133,0.0026,0.014,0.0202,0.000267,9.84e-05,0.00703,0.00926,0.000913,0.00104,0.00187,0.00352,0.000166,0.0153,0.0,0,0.0,0,0,0.0,0.0,0,0.0,0,0.0,0,0.0,0,0,0.0,0,0.0,0.0,0,0,0.0,0,0.0
227927,0.0,13736636416,224.0,72.6,66.6,1737.0,60.2,4218.0,62.9,1782.0,156.0,551.0,20150,446.0,3247.0,3472,539.0,74.7,60.4,9480.0,1598.0,134.0,28.5,436.0,1207.0,93.9,49897,0.0257,0.0012,0.00114,0.0268,9.46e-05,0.0075,0.000275,0.0417,0.000688,0.00609,0.0127,0.000134,0.00257,0.0143,0.0204,0.000246,9.7e-05,0.00711,0.00937,0.000897,0.00102,0.00196,0.00356,0.000163,0.0155,0.0,0,0.0,0,0,0.0,0.0,0,0.0,0,0.0,0,0.0,0,0,0.0,0,0.0,0.0,0,0,0.0,0,0.0
220550,0.0,13740072960,226.0,71.7,65.6,2064.0,59.2,4266.0,62.0,1802.0,154.0,558.0,29177,439.0,3071.0,3526,545.0,73.7,59.4,9589.0,1617.0,132.0,28.1,441.0,1220.0,92.5,59340,0.026,0.00119,0.00113,0.0271,9.31e-05,0.00758,0.000271,0.0422,0.000678,0.00617,0.0129,0.000132,0.00254,0.0145,0.0207,0.000246,9.63e-05,0.00719,0.00947,0.000885,0.00101,0.00199,0.0036,0.000161,0.0156,0.0,0,0.0,0,0,0.0,0.0,0,0.0,0,0.0,0,0.0,0,0,0.0,0,0.0,0.0,0,0,0.0,0,0.0
212934,0.0,13744492544,229.0,70.9,64.7,2088.0,58.2,5715.0,62.8,1731.0,152.0,564.0,29506,433.0,3226.0,3581,551.0,72.7,58.5,9698.0,1635.0,129.0,27.8,446.0,1234.0,91.1,61425,0.0249,0.00117,0.00111,0.0274,9.13e-05,0.00767,0.000267,0.0481,0.000668,0.00624,0.013,0.000131,0.00251,0.0147,0.0209,0.000246,9.48e-05,0.00728,0.00958,0.000872,0.000985,0.00201,0.00364,0.000147,0.0161,0.0,0,0.0,0,0,0.0,0.0,0,0.0,0,0.0,0,0.0,0,0,0.0,0,0.0,0.0,0,0,0.0,0,0.0
215235,0.0,13746929664,231.0,70.0,63.8,2111.0,57.2,5779.0,61.8,2343.0,146.0,570.0,29836,426.0,3188.0,3635,557.0,71.6,57.6,9807.0,1654.0,115.0,27.3,451.0,1248.0,91.1,62597,0.0249,0.00116,0.00109,0.0277,8.98e-05,0.00884,0.000256,0.0486,0.000658,0.00631,0.0131,0.000129,0.00238,0.015,0.0242,0.000257,9.34e-05,0.00736,0.00969,0.000859,0.000968,0.00203,0.0042,0.000156,0.0167,0.0,0,0.0,0,0,0.0,0.0,0,0.0,0,0.0,0,0.0,0,0,0.0,0,0.0,0.0,0,0,0.0,0,0.0
217634,0.0,13751709696,234.0,70.8,63.8,2134.0,56.3,5842.0,60.9,2369.0,144.0,577.0,30166,419.0,3150.0,3689,563.0,70.6,56.7,9916.0,1672.0,124.0,26.8,456.0,1471.0,89.7,63421,0.0257,0.00114,0.00115,0.0266,8.83e-05,0.00893,0.000253,0.0492,0.000647,0.00638,0.0133,0.000127,0.0025,0.0152,0.0245,0.000254,9.19e-05,0.00894,0.00929,0.000846,0.000951,0.00205,0.00424,0.000154,0.0169,0.0,0,0.0,0,0,0.0,0.0,0,0.0,0,0.0,0,0.0,0,0,0.0,0,0.0,0.0,0,0,0.0,0,0.0
219066,0.0,13759328256,236.0,69.9,67.4,2157.0,55.3,5905.0,59.9,2395.0,142.0,551.0,30495,402.0,3113.0,3744,569.0,69.6,55.7,10025.0,1892.0,122.0,26.4,461.0,1487.0,88.3,64189,0.0259,0.00113,0.00113,0.0306,8.68e-05,0.00903,0.000249,0.0497,0.000637,0.00646,0.0127,0.000125,0.00247,0.0162,0.0248,0.00025,9.04e-05,0.00904,0.011,0.000833,0.000935,0.00207,0.00429,0.000151,0.0175,0.0,0,0.0,0,0,0.0,0.0,0,0.0,0,0.0,0,0.0,0,0,0.0,0,0.0,0.0,0,0,0.0,0,0.0
220272,0.0,13770039296,267.0,69.0,66.3,2180.0,54.6,5969.0,58.9,2420.0,139.0,551.0,30825,396.0,3075.0,3798,665.0,68.6,49.3,10134.0,1913.0,120.0,25.9,466.0,1503.0,86.8,64901,0.0262,0.00111,0.00111,0.0309,8.53e-05,0.00913,0.000245,0.0502,0.000627,0.00699,0.017,0.000131,0.00244,0.0164,0.025,0.000246,8.89e-05,0.00914,0.0111,0.00082,0.000918,0.0021,0.00434,0.000149,0.0181,0.0,0,0.0,0,0,0.0,0.0,0,0.0,0,0.0,0,0.0,0,0,0.0,0,0.0,0.0,0,0,0.0,0,0.0
221782,0.0,13777022976,270.0,68.1,65.3,2203.0,53.6,6032.0,57.9,2446.0,137.0,718.0,31155,389.0,3037.0,4342,672.0,67.6,53.0,12566.0,1933.0,117.0,25.4,471.0,1520.0,85.4,68486,0.0265,0.0011,0.0011,0.0313,8.38e-05,0.00922,0.000241,0.0545,0.000617,0.00707,0.0172,0.000129,0.00241,0.0167,0.0253,0.000242,8.75e-05,0.00924,0.0113,0.000808,0.000902,0.00212,0.00438,0.000146,0.0185,0.0,0,0.0,0,0,0.0,0.0,0,0.0,0,0.0,0,0.0,0,0,0.0,0,0.0,0.0,0,0,0.0,0,0.0
222481,0.0,13775134720,272.0,67.2,64.2,2629.0,52.6,6096.0,53.3,2472.0,135.0,725.0,31485,383.0,2999.0,4403,679.0,66.6,52.1,12700.0,1954.0,115.0,24.0,570.0,1536.0,84.0,69619,0.0268,0.00111,0.00108,0.0316,8.23e-05,0.0106,0.000237,0.0551,0.000607,0.00714,0.0173,0.000127,0.00238,0.0169,0.0256,0.000239,8.6e-05,0.00934,0.0114,0.000795,0.000798,0.00224,0.00443,0.000143,0.0188,0.0,0,0.0,0,0,0.0,0.0,0,0.0,0,0.0,0,0.0,0,0,0.0,0,0.0,0.0,0,0,0.0,0,0.0
224853,0.0,13784510464,275.0,66.3,63.2,2656.0,51.6,6159.0,52.4,2498.0,133.0,733.0,39192,376.0,2962.0,4465,686.0,65.6,51.2,12833.0,1974.0,113.0,23.5,576.0,1552.0,74.8,77634,0.0271,0.00109,0.00106,0.0319,8.08e-05,0.0107,0.000243,0.0557,0.000558,0.00722,0.0175,0.000125,0.00235,0.0171,0.0259,0.000235,8.45e-05,0.00944,0.0115,0.000777,0.000859,0.00227,0.00448,0.000141,0.019,0.0,0,0.0,0,0,0.0,0.0,0,0.0,0,0.0,0,0.0,0,0,0.0,0,0.0,0.0,0,0,0.0,0,0.0
211928,0.0,13793206272,278.0,65.4,62.2,2684.0,50.6,6223.0,51.5,2524.0,131.0,741.0,39598,342.0,2924.0,4526,693.0,67.7,50.3,12967.0,2206.0,111.0,23.1,582.0,1569.0,80.2,78550,0.0273,0.00108,0.00105,0.0323,8.69e-05,0.0109,0.000239,0.0562,0.000598,0.0073,0.0177,0.000123,0.00232,0.018,0.0249,0.000238,8.78e-05,0.0107,0.0116,0.000764,0.000843,0.00229,0.0053,0.000138,0.0193,0.0,0,0.0,0,0,0.0,0.0,0,0.0,0,0.0,0,0.0,0,0,0.0,0,0.0,0.0,0,0,0.0,0,0.0
214063,0.0,13796110336,281.0,64.5,61.1,2711.0,46.6,7828.0,50.6,2428.0,129.0,748.0,40005,342.0,2897.0,4587,701.0,66.6,49.4,13101.0,2229.0,109.0,22.7,588.0,1832.0,78.8,80954,0.0268,0.00106,0.00103,0.0326,8.52e-05,0.011,0.000235,0.0568,0.000588,0.00738,0.0179,0.000121,0.0023,0.0183,0.0249,0.000234,8.63e-05,0.0108,0.0117,0.000752,0.000826,0.00231,0.00535,0.000139,0.0194,0.0,0,0.0,0,0,0.0,0.0,0,0.0,0,0.0,0,0.0,0,0,0.0,0,0.0,0.0,0,0,0.0,0,0.0
215644,0.0,13798621184,284.0,64.5,57.2,2738.0,45.6,7907.0,49.7,2428.0,131.0,756.0,40411,368.0,2859.0,4648,708.0,65.6,48.5,13234.0,2252.0,107.0,22.2,594.0,1851.0,77.4,81705,0.027,0.00105,0.00105,0.0343,8.36e-05,0.0111,0.000231,0.0574,0.000578,0.00746,0.0203,0.000119,0.0023,0.0185,0.0308,0.00023,8.47e-05,0.0109,0.0132,0.000739,0.00081,0.00234,0.00541,0.000136,0.0205,0.0,0,0.0,0,0,0.0,0.0,0,0.0,0,0.0,0,0.0,0,0,0.0,0,0.0,0.0,0,0,0.0,0,0.0
217826,0.0,13799931904,312.0,63.6,56.2,2766.0,44.7,7986.0,48.8,3185.0,128.0,763.0,40817,361.0,2821.0,5136,715.0,64.5,47.6,13368.0,2275.0,98.3,21.8,675.0,1869.0,76.0,83699,0.0273,0.00104,0.00103,0.0346,8.19e-05,0.0112,0.000227,0.058,0.000567,0.00753,0.0205,8.37e-05,0.00227,0.0188,0.0312,0.000226,8.32e-05,0.011,0.0133,0.000726,0.000794,0.00236,0.00546,0.000134,0.0207,0.0,0,0.0,0,0,0.0,0.0,0,0.0,0,0.0,0,0.0,0,0,0.0,0,0.0,0.0,0,0,0.0,0,0.0
219780,0.0,13799964672,315.0,62.7,55.2,2793.0,43.8,8065.0,47.8,3217.0,126.0,771.0,41223,354.0,2783.0,5203,843.0,63.4,46.7,13501.0,2297.0,106.0,21.3,681.0,1888.0,74.6,84583,0.0276,0.00102,0.00102,0.035,8.03e-05,0.0126,0.000222,0.0585,0.000557,0.00803,0.0207,8.22e-05,0.00224,0.019,0.0315,0.000222,8.16e-05,0.0111,0.0134,0.000714,0.000777,0.00238,0.00552,0.000131,0.021,0.0,0,0.0,0,0,0.0,0.0,0,0.0,0,0.0,0,0.0,0,0,0.0,0,0.0,0.0,0,0,0.0,0,0.0
212381,0.0,13799038976,319.0,61.8,54.2,2820.0,42.8,8144.0,49.5,3249.0,124.0,899.0,41629,348.0,2745.0,5270,851.0,62.4,45.9,13023.0,2320.0,104.0,20.9,688.0,1907.0,73.2,84850,0.0278,0.00101,0.000998,0.0353,7.86e-05,0.0127,0.000223,0.0563,0.000547,0.00811,0.0209,8.08e-05,0.00221,0.0193,0.0318,0.000218,8.01e-05,0.0112,0.0136,0.000701,0.000761,0.00241,0.00557,0.000128,0.021,0.0,0,0.0,0,0,0.0,0.0,0,0.0,0,0.0,0,0.0,0,0,0.0,0,0.0,0.0,0,0,0.0,0,0.0
212890,0.0,13794361344,322.0,60.9,53.2,2715.0,41.9,8223.0,48.6,3280.0,122.0,908.0,42036,341.0,2708.0,5337,859.0,61.3,45.0,16456.0,2343.0,101.0,20.2,695.0,1926.0,71.8,88773,0.0281,0.000997,0.00098,0.0356,7.7e-05,0.0128,0.000219,0.0656,0.000537,0.00819,0.0211,7.94e-05,0.00218,0.0205,0.0321,0.000218,7.85e-05,0.0126,0.0137,0.000695,0.000744,0.00256,0.00563,0.000126,0.0221,0.0,0,0.0,0,0,0.0,0.0,0,0.0,0,0.0,0,0.0,0,0,0.0,0,0.0,0.0,0,0,0.0,0,0.0
214983,0.0,13795958784,325.0,60.0,52.3,2715.0,41.0,8302.0,47.6,3312.0,120.0,917.0,42442,334.0,2670.0,5403,867.0,59.8,44.0,16616.0,2366.0,99.2,19.8,702.0,1945.0,70.3,89528,0.0284,0.000983,0.000963,0.036,7.54e-05,0.0129,0.000215,0.0662,0.000526,0.00827,0.0213,7.8e-05,0.00215,0.0208,0.0325,0.000214,7.8e-05,0.0127,0.0138,0.000682,0.00073,0.00259,0.00644,0.000123,0.0224,0.0,0,0.0,0,0,0.0,0.0,0,0.0,0,0.0,0,0.0,0,0,0.0,0,0.0,0.0,0,0,0.0,0,0.0
216445,0.0,13798297600,359.0,61.2,53.2,3550.0,41.2,8381.0,46.6,3343.0,104.0,926.0,52308,327.0,2675.0,5470,876.0,58.8,43.1,16775.0,2763.0,97.0,19.3,709.0,1963.0,62.8,101014,0.0282,0.000968,0.00101,0.0378,7.22e-05,0.0131,0.000211,0.0668,0.000509,0.00836,0.024,7.66e-05,0.00212,0.021,0.0328,0.00021,7.65e-05,0.0128,0.0139,0.00067,0.000713,0.00261,0.0065,0.00012,0.0229,0.0,0,0.0,0,0,0.0,0.0,0,0.0,0,0.0,0,0.0,0,0,0.0,0,0.0,0.0,0,0,0.0,0,0.0
218256,0.0,13798338560,363.0,60.3,52.1,3583.0,40.3,9865.0,45.7,3375.0,114.0,934.0,52804,321.0,2637.0,5537,884.0,57.7,42.2,16935.0,2790.0,94.8,18.9,715.0,2283.0,68.9,103621,0.0285,0.000953,0.000995,0.0382,7.06e-05,0.0132,0.000206,0.0675,0.000499,0.00844,0.0242,7.52e-05,0.00209,0.0213,0.0331,0.000206,7.49e-05,0.013,0.0155,0.000657,0.000697,0.00264,0.00656,0.000118,0.0232,0.0,0,0.0,0,0,0.0,0.0,0,0.0,0,0.0,0,0.0,0,0,0.0,0,0.0,0.0,0,0,0.0,0,0.0
219724,0.0,13800787968,366.0,59.4,51.1,3617.0,39.3,9957.0,44.7,3407.0,112.0,943.0,53300,304.0,2598.0,5604,892.0,56.7,41.3,17095.0,2816.0,92.5,18.5,819.0,2305.0,67.4,104605,0.0288,0.000939,0.000977,0.0385,6.9e-05,0.0133,0.000202,0.0681,0.000489,0.00898,0.0244,7.79e-05,0.00196,0.0216,0.0375,0.000202,7.33e-05,0.0131,0.0156,0.000644,0.000681,0.00266,0.00662,0.000115,0.0238,0.0,0,0.0,0,0,0.0,0.0,0,0.0,0,0.0,0,0.0,0,0,0.0,0,0.0,0.0,0,0,0.0,0,0.0
220409,0.0,13809627136,369.0,58.4,50.1,3650.0,38.3,10049.0,43.7,3281.0,110.0,952.0,53796,298.0,2560.0,6307,1003.0,55.6,40.7,17254.0,2842.0,90.3,18.0,827.0,2326.0,66.0,106086,0.029,0.000924,0.000958,0.0389,6.73e-05,0.0129,0.000198,0.0687,0.000479,0.00907,0.0246,7.64e-05,0.00196,0.0218,0.0378,0.000191,7.17e-05,0.0145,0.0158,0.000631,0.000664,0.00278,0.00669,0.000113,0.0241,0.0,0,0.0,0,0,0.0,0.0,0,0.0,0,0.0,0,0.0,0,0,0.0,0,0.0,0.0,0,0,0.0,0,0.0
211033,0.0,13809651712,373.0,57.5,49.1,3684.0,37.4,10141.0,37.0,4112.0,108.0,961.0,54292,291.0,2521.0,6381,1013.0,54.6,39.8,17414.0,2869.0,90.1,17.6,835.0,2348.0,64.5,107789,0.0293,0.000909,0.000939,0.0392,6.57e-05,0.0158,0.000191,0.0735,0.000469,0.00915,0.0249,7.49e-05,0.00206,0.0221,0.0382,0.000187,7.02e-05,0.0146,0.0159,0.000618,0.000559,0.0028,0.00675,0.00011,0.0249,0.0,0,0.0,0,0,0.0,0.0,0,0.0,0,0.0,0,0.0,0,0,0.0,0,0.0,0.0,0,0,0.0,0,0.0
212289,0.0,13815615488,376.0,56.6,48.1,3717.0,36.4,10233.0,41.1,4150.0,106.0,1080.0,54788,285.0,2483.0,6456,1022.0,53.5,38.9,17574.0,3174.0,87.8,18.4,842.0,2369.0,63.1,109098,0.0295,0.000895,0.00092,0.0396,6.41e-05,0.0159,0.000187,0.0741,0.000458,0.00924,0.0275,7.34e-05,0.00203,0.0212,0.0386,0.000183,6.86e-05,0.0148,0.016,0.000605,0.000625,0.00283,0.00681,0.000107,0.0252,0.0,0,0.0,0,0,0.0,0.0,0,0.0,0,0.0,0,0.0,0,0,0.0,0,0.0,0.0,0,0,0.0,0,0.0
214240,0.0,13817311232,400.0,55.6,43.4,3750.0,28.5,10325.0,40.1,4187.0,103.0,1090.0,55283,278.0,2320.0,6530,1031.0,52.4,38.0,21048.0,3203.0,85.5,17.9,850.0,2391.0,61.6,113215,0.0298,0.000866,0.000902,0.0399,6.25e-05,0.0161,0.000183,0.0748,0.000448,0.00933,0.0277,7.19e-05,0.002,0.0212,0.0389,0.000179,6.7e-05,0.0149,0.0162,0.000584,0.000609,0.00285,0.00768,0.000105,0.0255,0.0,0,0.0,0,0,0.0,0.0,0,0.0,0,0.0,0,0.0,0,0,0.0,0,0.0,0.0,0,0,0.0,0,0.0
216186,0.0,13824319488,404.0,54.0,43.4,4345.0,31.9,10418.0,39.2,4225.0,101.0,1100.0,55779,272.0,2484.0,6604,1040.0,51.4,37.1,21237.0,3232.0,83.2,17.5,858.0,2413.0,60.2,114930,0.0301,0.000852,0.000966,0.0403,6.55e-05,0.0162,0.000179,0.0755,0.000446,0.00941,0.028,7.04e-05,0.00197,0.025,0.0393,0.000175,7.32e-05,0.015,0.0163,0.000572,0.000593,0.00288,0.00775,0.000102,0.026,0.0,0,0.0,0,0,0.0,0.0,0,0.0,0,0.0,0,0.0,0,0,0.0,0,0.0,0.0,0,0,0.0,0,0.0
217895,0.0,13824835584,408.0,58.5,47.0,4384.0,31.0,10510.0,38.2,4262.0,99.0,1110.0,56275,271.0,2445.0,6679,1050.0,45.5,30.7,21427.0,3261.0,80.9,17.0,865.0,2434.0,58.8,115886,0.0291,0.000837,0.000946,0.0388,6.38e-05,0.0164,0.000174,0.0761,0.000435,0.0095,0.0282,6.89e-05,0.00194,0.0252,0.0397,0.000172,7.15e-05,0.0152,0.0181,0.000559,0.000577,0.0029,0.00782,0.000102,0.0261,0.0,0,0.0,0,0,0.0,0.0,0,0.0,0,0.0,0,0.0,0,0,0.0,0,0.0,0.0,0,0,0.0,0,0.0
219845,0.0,13824020480,411.0,57.5,45.9,4422.0,30.2,10602.0,37.2,4300.0,96.8,1119.0,67004,265.0,2405.0,6753,1059.0,50.0,34.7,21616.0,3290.0,78.6,16.5,994.0,2354.0,54.9,127096,0.0302,0.000823,0.000926,0.0434,6.21e-05,0.0165,0.00017,0.0768,0.000425,0.00959,0.0285,6.64e-05,0.00191,0.0255,0.04,0.000145,6.97e-05,0.0169,0.0183,0.000546,0.00056,0.00293,0.00789,9.92e-05,0.0269,0.0,0,0.0,0,0,0.0,0.0,0,0.0,0,0.0,0,0.0,0,0,0.0,0,0.0,0.0,0,0,0.0,0,0.0
210243,0.0,13827133440,415.0,56.5,44.8,4460.0,29.3,10225.0,36.3,4337.0,96.8,1217.0,67589,258.0,2365.0,6827,1068.0,48.9,33.8,21806.0,3318.0,76.3,16.1,1003.0,2354.0,53.5,127736,0.0304,0.000808,0.000905,0.0438,6.03e-05,0.0187,0.000166,0.0775,0.000415,0.0104,0.0287,6.49e-05,0.00188,0.0258,0.0449,0.000142,6.8e-05,0.017,0.0184,0.000533,0.000544,0.0031,0.00796,9.65e-05,0.0277,0.0,0,0.0,0,0,0.0,0.0,0,0.0,0,0.0,0,0.0,0,0,0.0,0,0.0,0.0,0,0,0.0,0,0.0
211893,0.0,13834379264,418.0,55.5,43.8,4499.0,28.4,12850.0,35.3,4862.0,94.5,1228.0,68174,251.0,2326.0,7614,1230.0,47.9,32.9,21995.0,3747.0,73.0,16.1,1012.0,3000.0,52.1,133686,0.0307,0.000794,0.000885,0.0441,5.86e-05,0.0189,0.000182,0.0782,0.000405,0.0105,0.029,6.34e-05,0.00175,0.0261,0.0453,0.000138,6.62e-05,0.0172,0.0186,0.000521,0.000528,0.00313,0.00803,9.38e-05,0.0279,0.0,0,0.0,0,0,0.0,0.0,0,0.0,0,0.0,0,0.0,0,0,0.0,0,0.0,0.0,0,0,0.0,0,0.0
213742,0.0,13840998400,460.0,54.5,42.7,4537.0,27.5,12960.0,34.4,4904.0,92.3,1238.0,68760,245.0,2286.0,7696,1240.0,46.8,32.0,24502.0,3779.0,70.8,15.7,1021.0,3026.0,50.7,137121,0.0309,0.00078,0.000864,0.0445,5.69e-05,0.019,0.000177,0.0755,0.000394,0.0106,0.0292,6.19e-05,0.00185,0.0264,0.0457,0.000135,6.44e-05,0.0173,0.0188,0.000508,0.000511,0.00315,0.00878,9.1e-05,0.028,0.0,0,0.0,0,0,0.0,0.0,0,0.0,0,0.0,0,0.0,0,0,0.0,0,0.0,0.0,0,0,0.0,0,0.0
215137,0.0,13841768448,464.0,53.5,41.6,4575.0,26.6,13069.0,33.4,4946.0,90.1,1249.0,69345,196.0,2246.0,7778,1251.0,45.7,31.1,24711.0,3812.0,68.5,15.2,1029.0,3052.0,49.3,138179,0.0312,0.000765,0.000844,0.0449,4.7e-05,0.0192,0.000173,0.0755,0.000379,0.0107,0.0282,6.05e-05,0.00182,0.0267,0.0461,0.000132,6.27e-05,0.0175,0.0189,0.000495,0.000491,0.00318,0.00886,7.97e-05,0.028,0.0,0,0.0,0,0,0.0,0.0,0,0.0,0,0.0,0,0.0,0,0,0.0,0,0.0,0.0,0,0,0.0,0,0.0
216886,0.0,13855944704,467.0,52.4,40.6,4614.0,25.7,13179.0,33.9,4987.0,87.8,1259.0,69930,220.0,2207.0,7860,1262.0,44.6,30.2,24921.0,3844.0,66.2,14.7,1038.0,3078.0,48.0,139310,0.0315,0.00066,0.00088,0.0453,4.7e-05,0.0194,0.000168,0.0853,0.000369,0.0108,0.0282,5.9e-05,0.00179,0.0257,0.0465,9.32e-05,6.09e-05,0.0187,0.0191,0.000483,0.000475,0.00321,0.00893,7.73e-05,0.029,0.0,0,0.0,0,0,0.0,0.0,0,0.0,0,0.0,0,0.0,0,0,0.0,0,0.0,0.0,0,0,0.0,0,0.0
218737,0.0,13864382464,471.0,51.4,42.5,5209.0,22.5,13289.0,32.9,5029.0,85.6,1270.0,70515,213.0,2167.0,7942,1272.0,43.6,29.3,25130.0,3876.0,64.0,14.2,1149.0,3104.0,46.6,141070,0.0317,0.00066,0.000858,0.0457,5.4e-05,0.0195,0.000163,0.086,0.000359,0.0109,0.0349,5.75e-05,0.00176,0.0293,0.0469,9.32e-05,5.56e-05,0.0188,0.0192,0.000466,0.000458,0.00323,0.00901,7.49e-05,0.03,0.0,0,0.0,0,0,0.0,0.0,0,0.0,0,0.0,0,0.0,0,0,0.0,0,0.0,0.0,0,0,0.0,0,0.0
220499,0.0,13864767488,475.0,50.4,41.4,5252.0,26.4,13399.0,31.9,5071.0,83.4,1280.0,71100,207.0,2170.0,8557,1283.0,42.5,28.4,25339.0,3909.0,61.7,13.7,1158.0,3130.0,45.2,142755,0.032,0.00066,0.000836,0.046,5.22e-05,0.0197,0.000159,0.0867,0.000349,0.0109,0.0352,5.92e-05,0.00172,0.0296,0.0498,9.32e-05,5.56e-05,0.019,0.0194,0.000453,0.000442,0.00326,0.00908,7.25e-05,0.0305,0.0,0,0.0,0,0,0.0,0.0,0,0.0,0,0.0,0,0.0,0,0,0.0,0,0.0,0.0,0,0,0.0,0,0.0
222187,0.0,13861097472,509.0,52.8,40.2,5295.0,25.5,13508.0,31.0,5112.0,81.1,1291.0,82623,201.0,2130.0,8644,1380.0,41.4,27.5,25549.0,3941.0,59.4,13.2,1168.0,3156.0,39.3,154917,0.0311,0.000703,0.000814,0.0446,5.03e-05,0.0198,0.000154,0.0874,0.000339,0.011,0.0355,5.76e-05,0.00169,0.0299,0.0503,0.000102,6.28e-05,0.0192,0.0187,0.000441,0.000426,0.00329,0.00983,7e-05,0.0305,0.0,0,0.0,0,0,0.0,0.0,0,0.0,0,0.0,0,0.0,0,0,0.0,0,0.0,0.0,0,0,0.0,0,0.0
211427,0.0,13869346816,513.0,51.7,39.1,5338.0,24.5,13618.0,30.0,5154.0,66.1,1436.0,83297,195.0,2089.0,8731,1391.0,35.6,31.4,25758.0,3973.0,57.2,12.7,1177.0,3182.0,39.3,156241,0.0317,0.000689,0.000792,0.0446,4.85e-05,0.0193,0.000181,0.0882,0.000329,0.0107,0.0357,5.61e-05,0.00166,0.0302,0.0507,9.93e-05,6.08e-05,0.0193,0.0219,0.000428,0.00041,0.00346,0.00991,4.94e-05,0.0309,0.0,0,0.0,0,0,0.0,0.0,0,0.0,0,0.0,0,0.0,0,0,0.0,0,0.0,0.0,0,0,0.0,0,0.0
213037,0.0,13870665728,517.0,50.6,37.9,5381.0,23.5,15389.0,29.0,5788.0,74.2,1448.0,83972,188.0,2049.0,8819,1402.0,40.1,30.3,25967.0,3848.0,55.0,9.27,1187.0,3568.0,43.8,159918,0.032,0.000674,0.00077,0.0498,4.67e-05,0.0227,0.000176,0.0889,0.000319,0.0121,0.036,5.45e-05,0.00168,0.0305,0.0511,9.65e-05,5.88e-05,0.0195,0.0221,0.000416,0.000393,0.00349,0.00999,4.94e-05,0.0319,0.0,0,0.0,0,0,0.0,0.0,0,0.0,0,0.0,0,0.0,0,0,0.0,0,0.0,0.0,0,0,0.0,0,0.0
214746,0.0,13874552832,521.0,49.5,36.8,5424.0,22.5,15512.0,26.8,5835.0,72.0,1460.0,84646,182.0,2009.0,8906,1414.0,39.0,29.3,29929.0,3848.0,52.7,8.9,1197.0,3597.0,42.4,164859,0.0323,0.00066,0.000748,0.0502,4.49e-05,0.0228,0.00017,0.0936,0.000303,0.0122,0.0363,5.3e-05,0.00165,0.0308,0.0516,9.37e-05,5.68e-05,0.0196,0.0223,0.000403,0.000377,0.00352,0.0101,5.82e-05,0.0325,0.0,0,0.0,0,0,0.0,0.0,0,0.0,0,0.0,0,0.0,0,0,0.0,0,0.0,0.0,0,0,0.0,0,0.0
216355,0.0,13872791552,525.0,48.5,37.7,5466.0,21.5,15636.0,25.9,5881.0,69.8,1471.0,85321,176.0,1968.0,8994,1425.0,37.9,28.2,30168.0,4707.0,50.4,8.53,1206.0,3626.0,40.9,166939,0.0325,0.000645,0.000726,0.0506,4.3e-05,0.023,0.000164,0.0943,0.000293,0.0123,0.0366,5.42e-05,0.00162,0.0312,0.052,9.09e-05,5.47e-05,0.0191,0.0225,0.000391,0.000267,0.00355,0.0102,5.59e-05,0.0327,0.0,0,0.0,0,0,0.0,0.0,0,0.0,0,0.0,0,0.0,0,0,0.0,0,0.0,0.0,0,0,0.0,0,0.0
218091,0.0,13875490816,529.0,47.4,36.5,6261.0,20.5,15759.0,25.0,5927.0,67.7,1483.0,85995,144.0,1928.0,9081,1546.0,36.8,27.2,30407.0,4744.0,48.1,8.16,1216.0,3655.0,39.4,169033,0.0328,0.000631,0.000794,0.051,4.12e-05,0.0232,0.000158,0.0951,0.000283,0.0124,0.0369,5.26e-05,0.00159,0.0315,0.0524,8.81e-05,5.27e-05,0.0191,0.0226,0.000378,0.000267,0.00357,0.0102,5.36e-05,0.0329,0.0,0,0.0,0,0,0.0,0.0,0,0.0,0,0.0,0,0.0,0,0,0.0,0,0.0,0.0,0,0,0.0,0,0.0
218744,0.0,13881470976,533.0,46.3,35.3,6310.0,19.5,15882.0,24.0,5974.0,65.5,1603.0,86670,170.0,1984.0,9169,1558.0,35.8,26.1,30647.0,4781.0,45.9,7.79,1385.0,3684.0,37.9,170693,0.0328,0.000616,0.000769,0.0514,2.91e-05,0.0234,0.000152,0.0958,0.000273,0.0125,0.0418,5.09e-05,0.00156,0.0303,0.0528,8.53e-05,5.07e-05,0.0231,0.0228,0.000365,0.000319,0.0036,0.0103,5.13e-05,0.0337,0.0,0,0.0,0,0,0.0,0.0,0,0.0,0,0.0,0,0.0,0,0,0.0,0,0.0,0.0,0,0,0.0,0,0.0
220399,0.0,13886529536,537.0,35.6,34.1,6359.0,18.8,16005.0,23.1,6020.0,63.3,1616.0,87344,164.0,1941.0,8807,1571.0,34.7,25.1,30886.0,4819.0,43.6,7.42,1395.0,3713.0,36.4,171498,0.033,0.000569,0.000744,0.0518,2.77e-05,0.0236,0.000147,0.0966,0.000263,0.0126,0.0422,4.93e-05,0.00152,0.0303,0.0511,6.19e-05,4.87e-05,0.0233,0.023,0.000353,0.000303,0.00363,0.0104,4.9e-05,0.0338,0.0,0,0.0,0,0,0.0,0.0,0,0.0,0,0.0,0,0.0,0,0,0.0,0,0.0,0.0,0,0,0.0,0,0.0
211178,0.0,13878755328,607.0,34.7,32.9,6407.0,17.8,16128.0,22.1,6066.0,61.1,1628.0,99513,157.0,1899.0,10168,1583.0,33.6,24.0,33682.0,4856.0,45.0,7.06,1406.0,3742.0,34.9,188155,0.0333,0.000556,0.000719,0.0522,2.64e-05,0.0237,0.000131,0.0973,0.000253,0.0127,0.0425,4.77e-05,0.00149,0.0353,0.0587,6.19e-05,4.35e-05,0.0235,0.0252,0.00034,0.000287,0.00366,0.0117,4.68e-05,0.0353,0.0,0,0.0,0,0,0.0,0.0,0,0.0,0,0.0,0,0.0,0,0,0.0,0,0.0,0.0,0,0,0.0,0,0.0
212032,0.0,13884264448,611.0,33.9,31.7,6456.0,16.9,16251.0,21.2,6113.0,59.0,1641.0,100276,150.0,1856.0,10263,1595.0,32.5,23.0,33941.0,4893.0,42.6,6.69,1417.0,3771.0,36.6,189538,0.0335,0.000542,0.000694,0.0568,2.5e-05,0.0239,0.000154,0.0981,0.000244,0.0128,0.0428,4.61e-05,0.00136,0.0356,0.0592,6.19e-05,4.16e-05,0.0237,0.0254,0.000328,0.00027,0.00354,0.0117,4.45e-05,0.0359,0.0,0,0.0,0,0,0.0,0.0,0,0.0,0,0.0,0,0.0,0,0,0.0,0,0.0,0.0,0,0,0.0,0,0.0
213069,0.0,13887209472,616.0,33.0,35.3,6505.0,15.9,18329.0,20.2,5940.0,56.1,1653.0,101039,144.0,1813.0,10358,1607.0,31.4,20.9,34200.0,5368.0,40.3,3.73,1428.0,3799.0,34.9,193091,0.0338,0.000528,0.00067,0.0573,2.37e-05,0.0232,0.000148,0.0988,0.000234,0.0129,0.0431,4.45e-05,0.00136,0.036,0.0596,6.93e-05,3.98e-05,0.0238,0.0256,0.000316,0.000254,0.00396,0.0118,4.22e-05,0.0361,0.0,0,0.0,0,0,0.0,0.0,0,0.0,0,0.0,0,0.0,0,0,0.0,0,0.0,0.0,0,0,0.0,0,0.0
214699,0.0,13888118784,621.0,32.2,33.9,6554.0,15.0,18466.0,14.4,6972.0,53.9,1666.0,101801,137.0,1771.0,10453,1619.0,25.6,19.9,34459.0,5409.0,38.0,3.73,1439.0,4319.0,33.3,195955,0.034,0.000515,0.000645,0.0577,1.55e-05,0.0277,0.000141,0.0961,0.000224,0.014,0.0435,5.16e-05,0.00145,0.0363,0.0601,6.66e-05,3.79e-05,0.024,0.0258,0.000303,0.000238,0.00399,0.0119,3.9e-05,0.0366,0.0,0,0.0,0,0,0.0,0.0,0,0.0,0,0.0,0,0.0,0,0,0.0,0,0.0,0.0,0,0,0.0,0,0.0
216206,0.0,13879328768,625.0,31.3,32.5,6603.0,14.1,18604.0,13.7,7024.0,51.8,1785.0,102564,131.0,1728.0,10548,1631.0,30.0,18.9,34718.0,5450.0,35.7,3.73,1592.0,4352.0,31.7,197618,0.0343,0.000504,0.00062,0.0581,1.55e-05,0.0279,0.000134,0.0961,0.000156,0.0141,0.0438,4.96e-05,0.00142,0.0366,0.0606,6.39e-05,3.6e-05,0.0264,0.026,0.000291,0.000224,0.00402,0.012,3.68e-05,0.037,0.0,0,0.0,0,0,0.0,0.0,0,0.0,0,0.0,0,0.0,0,0,0.0,0,0.0,0.0,0,0,0.0,0,0.0
217810,0.0,13881462784,679.0,30.5,31.2,6421.0,,18742.0,13.0,7076.0,49.7,1798.0,103326,124.0,1686.0,11200,1793.0,28.9,17.9,34977.0,5490.0,,4.57,1604.0,4384.0,30.1,199507,0.0345,0.00049,0.000744,0.0586,1.97e-05,0.0282,0.000128,0.107,0.000156,0.0142,0.0441,4.77e-05,0.00139,0.037,0.061,6.13e-05,3.41e-05,0.0266,0.0262,0.000278,0.000207,0.00405,0.0121,3.46e-05,0.0381,0.0,0,0.0,0,0,0.0,0.0,0,0.0,0,0.0,0,0.0,0,0,0.0,0,0.0,0.0,0,0,0.0,0,0.0
218053,0.0,13891936256,684.0,33.1,29.8,6421.0,,18880.0,12.3,7128.0,47.5,1812.0,104089,94.8,1643.0,11300,1806.0,27.7,16.9,35236.0,5531.0,,4.23,1616.0,4417.0,29.4,200859,0.0336,0.000476,0.000714,0.059,1.83e-05,0.0284,0.000121,0.108,0.000195,0.0144,0.0488,4.57e-05,0.00135,0.0373,0.0615,5.86e-05,3.22e-05,0.0268,0.0264,0.000264,0.000191,0.00408,0.0122,3.24e-05,0.0386,0.0,0,0.0,0,0,0.0,0.0,0,0.0,0,0.0,0,0.0,0,0,0.0,0,0.0,0.0,0,0,0.0,0,0.0
219584,0.0,13906280448,689.0,32.2,34.7,7697.0,,19018.0,11.6,7180.0,45.4,1825.0,104852,94.8,1432.0,11400,1820.0,26.6,15.9,35495.0,5572.0,,3.88,1628.0,4449.0,27.8,203349,0.036,0.000463,0.000683,0.0594,1.69e-05,0.0286,0.000114,0.108,0.000185,0.0145,0.0492,4.38e-05,0.00132,0.0399,0.0653,5.6e-05,3.33e-05,0.027,0.0266,0.000252,0.000175,0.00411,0.0133,3.02e-05,0.0396,0.0,0,0.0,0,0,0.0,0.0,0,0.0,0,0.0,0,0.0,0,0,0.0,0,0.0,0.0,0,0,0.0,0,0.0
214576,0.0,13907296256,694.0,31.2,33.0,7753.0,,19155.0,10.9,7232.0,43.3,1838.0,118273,94.8,1432.0,11500,1833.0,25.4,15.0,34485.0,5613.0,,3.54,1640.0,4482.0,26.1,216214,0.0363,0.000449,0.000652,0.0599,1.55e-05,0.0288,0.000157,0.109,0.000174,0.0146,0.0496,4.18e-05,0.00129,0.0402,0.0658,5.99e-05,3.13e-05,0.0272,0.0293,0.000239,0.000158,0.00428,0.0134,2.8e-05,0.0401,0.0,0,0.0,0,0,0.0,0.0,0,0.0,0,0.0,0,0.0,0,0,0.0,0,0.0,0.0,0,0,0.0,0,0.0
210805,0.0,13903360000,699.0,30.2,31.4,7809.0,,19293.0,10.2,7284.0,40.5,1851.0,119127,118.0,1602.0,11600,1846.0,24.3,14.0,40334.0,5653.0,,3.2,1652.0,4515.0,24.4,223562,0.0365,0.000435,0.000621,0.0603,1.41e-05,0.029,0.000148,0.11,0.000164,0.0147,0.0499,3.99e-05,0.00129,0.0406,0.0662,5.69e-05,2.92e-05,0.0274,0.0295,0.000226,0.000142,0.00431,0.0135,2.58e-05,0.0404,0.0,0,0.0,0,0,0.0,0.0,0,0.0,0,0.0,0,0.0,0,0,0.0,0,0.0,0.0,0,0,0.0,0,0.0
212336,0.0,13899173888,704.0,29.3,29.8,7864.0,,19431.0,9.5,7916.0,38.4,1865.0,119981,110.0,1556.0,11700,1859.0,23.1,,40624.0,6182.0,,2.86,1664.0,4547.0,22.8,226160,0.0368,0.00043,0.00059,0.0653,1.27e-05,0.0292,0.000139,0.111,0.000154,0.0148,0.0503,3.52e-05,0.00126,0.0409,0.0667,5.39e-05,2.72e-05,0.0291,0.0297,0.000214,,0.00434,0.0136,,0.0412,0.0,0,0.0,0,0,0.0,0.0,0,0.0,0,0.0,0,0.0,0,0,0.0,0,0.0,0.0,0,0,0.0,0,0.0
213867,0.0,13900288000,756.0,28.3,28.1,7920.0,,21491.0,,7972.0,36.3,1878.0,120835,101.0,1511.0,11800,1873.0,22.0,,40914.0,6226.0,,,1676.0,4961.0,21.1,230051,0.037,0.000416,0.000862,0.0657,,0.0316,0.000129,0.114,0.000144,0.0149,0.0506,3.52e-05,0.00122,0.0413,0.0672,5.09e-05,2.51e-05,0.0293,0.0299,0.000201,,0.00437,0.0137,,0.0419,0.0,0,0.0,0,0,0.0,0.0,0,0.0,0,0.0,0,0.0,0,0,0.0,0,0.0,0.0,0,0,0.0,0,0.0
215393,0.0,13886611456,761.0,27.4,26.5,8420.0,,21643.0,,8029.0,34.3,2022.0,121690,92.6,1466.0,12624,1886.0,20.7,,41204.0,6270.0,,,1836.0,4997.0,19.5,233067,0.0373,0.000402,0.000816,0.0662,,0.0318,0.00012,0.115,0.000134,0.0158,0.051,4.38e-05,0.00119,0.0417,0.0677,4.79e-05,2.3e-05,0.0295,0.0301,0.000189,,0.0044,0.0138,,0.0423,0.0,0,0.0,0,0,0.0,0.0,0,0.0,0,0.0,0,0.0,0,0,0.0,0,0.0,0.0,0,0,0.0,0,0.0
216312,0.0,13885145088,767.0,26.4,24.8,8479.0,,21794.0,,8085.0,32.2,2036.0,130566,84.1,1421.0,12730,1899.0,20.7,,41494.0,6314.0,,,1848.0,5032.0,,242653,0.0376,0.000388,0.000771,0.0667,,0.032,0.00011,0.116,0.000124,0.0159,0.0546,4.13e-05,0.00115,0.042,0.07,4.49e-05,,0.0297,0.0303,0.000176,,0.00443,0.0145,,0.043,0.0,0,0.0,0,0,0.0,0.0,0,0.0,0,0.0,0,0.0,0,0,0.0,0,0.0,0.0,0,0,0.0,0,0.0
217225,0.0,13881344000,772.0,26.6,23.2,8538.0,,21945.0,,8141.0,30.1,2050.0,131476,75.7,1375.0,12836,2041.0,25.7,,41784.0,6358.0,,,1861.0,5067.0,,244427,0.0378,0.000374,0.000725,0.0671,,0.0322,,0.116,,0.016,0.0549,3.87e-05,0.00118,0.0424,0.0705,4.72e-05,,0.0299,0.0306,0.000164,,0.00446,0.0146,,0.0433,0.0,0,0.0,0,0,0.0,0.0,0,0.0,0,0.0,0,0.0,0,0,0.0,0,0.0,0.0,0,0,0.0,0,0.0
218383,0.0,13878575104,777.0,25.6,,8597.0,,22097.0,,8197.0,28.0,2064.0,132386,,1330.0,12942,2055.0,24.0,,42074.0,6811.0,,,1874.0,5103.0,,246386,0.0381,0.00036,0.000679,0.0676,,0.0325,,0.117,,0.0162,0.0553,3.61e-05,0.00114,0.0452,0.071,4.39e-05,,0.0301,0.0308,,,0.00449,0.0147,,0.0438,0.0,0,0.0,0,0,0.0,0.0,0,0.0,0,0.0,0,0.0,0,0,0.0,0,0.0,0.0,0,0,0.0,0,0.0
219186,0.0,13842698240,818.0,24.7,,8655.0,,22248.0,,8253.0,26.0,2078.0,133296,,1285.0,13049,2069.0,22.4,,42364.0,6858.0,,,1887.0,5138.0,,248073,0.0384,0.000289,0.000633,0.0681,,0.0327,,0.118,,0.0163,0.0557,3.35e-05,0.00111,0.0456,0.0716,4.06e-05,,0.0304,0.031,,,0.00436,0.0148,,0.0441,0.0,0,0.0,0,0,0.0,0.0,0,0.0,0,0.0,0,0.0,0,0,0.0,0,0.0,0.0,0,0,0.0,0,0.0
219052,0.0,13811494912,824.0,23.7,,8714.0,,22399.0,,8310.0,,2093.0,134206,,1123.0,13155,2084.0,20.7,,41194.0,6905.0,,,1900.0,5505.0,,248456,0.0386,0.000289,,0.0685,,0.0329,,0.119,,0.017,0.0561,3.09e-05,0.00107,0.046,0.0721,3.73e-05,,0.0296,0.03,,,0.00474,0.0149,,0.0442,0.0,0,0.0,0,0,0.0,0.0,0,0.0,0,0.0,0,0.0,0,0,0.0,0,0.0,0.0,0,0,0.0,0,0.0
218483,0.0,13805215744,830.0,22.7,,8773.0,,22551.0,,8085.0,,2107.0,135116,,1082.0,13261,2098.0,19.1,,41194.0,6952.0,,,1913.0,5542.0,,249545,0.0389,0.000336,,0.0668,,0.0331,,0.116,,0.0171,0.0565,2.84e-05,0.00104,0.0463,0.0726,3.39e-05,,0.0296,0.034,,,0.00477,0.015,,0.0444,0.0,0,,0,0,0.0,0.0,0,,0,0.0,0,0.0,0,0,0.0,0,0.0,0.0,0,0,0.0,0,0.0
213425,0.0,13808590848,836.0,21.7,,8851.0,,22787.0,,9114.0,,2268.0,144630,,1040.0,12922,2112.0,17.5,,48035.0,6999.0,,,2077.0,5580.0,,267291,0.0268,0.000321,,0.0727,,0.036,,0.124,,0.0173,0.0568,,0.001,0.0467,0.0731,,,0.0339,0.0342,,,0.00479,0.0151,,0.0453,0.0,0,,0,0,0.0,0.0,0,,0,0.0,0,0.0,0,0,0.0,0,0.0,0.0,0,0,0.0,0,0.0
212918,0.0,13802000384,842.0,22.8,,8640.0,,25337.0,,9182.0,,2285.0,145691,,999.0,12922,2266.0,15.8,,48382.0,7046.0,,,2091.0,5618.0,,271342,0.0274,0.000306,,0.0732,,0.0364,,0.125,,0.0174,0.0556,,0.000872,0.0471,0.0736,,,0.0342,0.0344,,,0.00479,0.0163,,0.0455,0.0,0,,0,0,0.0,0.0,0,,0,0.0,0,0.0,0,0,0.0,0,0.0,,0,0,0.0,0,
194133,0.0,13742231552,847.0,21.7,,9774.0,,25515.0,,9247.0,,2301.0,146718,,958.0,14596,2283.0,,,48718.0,7111.0,,,2107.0,5666.0,,275865,0.0274,0.000291,,0.0738,,0.0366,,0.126,,0.0175,0.0556,,0.00084,0.0475,0.0716,,,0.0344,0.0328,,,0.0048,0.0164,,0.0455,0.0,0,,0,0,0.0,0.0,0,,0,0.0,0,0.0,0,0,0.0,0,0.0,,0,0,0.0,0,
193804,68.3,13708201984,853.0,20.7,,9841.0,,25693.0,,9313.0,,2318.0,147745,,917.0,14710,2299.0,,,49055.0,7634.0,,,2122.0,5706.0,,278225,0.0274,0.000276,,0.0743,,0.0369,,0.127,,0.0176,0.0634,,0.000807,0.0498,0.0787,,,0.0347,0.0328,,,0.00496,0.0165,,0.0471,0.0,0,,0,0,0.0,0.0,0,,0,0.0,0,0.0,0,0,0.0,0,0.0,,0,0,0.0,0,
193590,68.8,13657260032,859.0,19.6,,9908.0,,25871.0,,9378.0,,2334.0,148772,,876.0,14825,2315.0,,,49391.0,7686.0,,,2137.0,6088.0,,280458,0.0274,0.000261,,0.0748,,0.0371,,0.128,,0.0185,0.0639,,0.000775,0.0502,0.0793,,,0.0349,0.0328,,,0.00496,0.0166,,0.0474,0.0,0,,0,0,0.0,0.0,0,,0,,0,0.0,0,0,0.0,0,0.0,,0,0,,0,
193592,69.2,13588488192,837.0,18.6,,9975.0,,26049.0,,9443.0,,2350.0,149799,,834.0,14939,2331.0,,,49727.0,7739.0,,,2152.0,6131.0,,282324,0.0274,0.000247,,0.0753,,0.0374,,0.131,,0.0169,0.0643,,0.000743,0.0506,0.0798,,,0.0352,0.0328,,,0.00496,0.0167,,0.0478,0.0,0,,0,0,0.0,0.0,0,,0,,0,0.0,0,0,0.0,0,0.0,,0,0,,0,
30972,69.7,13591621632,834.0,17.5,,10042.0,,26227.0,,9983.0,,2366.0,150826,,793.0,15053,2347.0,,,50064.0,7792.0,,,2167.0,6173.0,,284683,0.0274,0.000246,,0.0758,,0.0377,,0.132,,0.0169,0.0647,,0.000711,0.051,0.0804,,,0.0354,0.0328,,,0.00496,0.0168,,0.048,0.0,0,,0,0,0.0,,0,,0,,0,,0,0,,0,0.0,,0,0,,0,
30721,139.0,13505622016,946.0,16.5,,10125.0,,26405.0,,10051.0,,2314.0,151852,,546.0,15167,2465.0,,,50400.0,7845.0,,,2182.0,6215.0,,286530,0.0272,0.000231,,0.0758,,0.04,,0.132,,0.0169,0.0653,,0.000514,0.0514,0.0809,,,0.0374,0.0365,,,0.00498,0.0178,,0.0489,0.0,0,,0,0,0.0,,0,,0,,0,,0,0,,0,0.0,,0,0,,0,
30747,140.0,13485522944,946.0,15.4,,10858.0,,28204.0,,10119.0,,2314.0,152879,,673.0,15281,2482.0,,,49103.0,7898.0,,,2129.0,6258.0,,289160,0.0286,0.000215,,0.0789,,0.0403,,0.132,,0.0169,0.0657,,0.000614,0.0518,0.0811,,,0.0376,0.0368,,,0.00514,0.0179,,0.0494,0.0,0,,0,0,0.0,,0,,0,,0,,0,0,,0,0.0,,0,0,,0,
30848,141.0,13482299392,967.0,,,10932.0,,28402.0,,10188.0,,2314.0,168045,,633.0,16217,2499.0,,,55707.0,7948.0,,,2395.0,6300.0,,312547,0.0286,0.0002,,0.0789,,0.0406,,0.132,,0.0169,0.0662,,0.000583,0.0546,0.0811,,,0.0379,0.038,,,0.00514,0.018,,0.0499,0.0,0,,0,0,0.0,,0,,0,,0,,0,0,,0,0.0,,0,0,,0,
31144,139.0,13440516096,974.0,,,11007.0,,28601.0,,10255.0,,2626.0,169312,,593.0,16338,2516.0,,,56092.0,8023.0,,,2411.0,6342.0,,315088,0.0286,0.000185,,0.0798,,0.0408,,0.136,,0.0178,0.0666,,0.000552,0.055,0.0811,,,0.0382,0.038,,,0.0053,0.018,,0.0505,0.0,0,,0,0,0.0,,0,,0,,0,,0,0,,0,0.0,,0,0,,0,
30958,139.0,13454413824,980.0,,,11081.0,,28799.0,,10349.0,,2651.0,170513,,553.0,16458,2537.0,,,56478.0,8681.0,,,2415.0,6800.0,,318295,0.0286,0.000169,,0.0816,,0.0411,,0.137,,0.0178,0.0715,,0.000521,0.0554,0.0784,,,0.0385,0.038,,,0.0053,0.0183,,0.051,0.0,0,,0,0,0.0,,0,,0,,0,,0,0,,0,,,0,0,,0,
31194,140.0,13462458368,985.0,,,11167.0,,28997.0,,10421.0,,2669.0,171714,,513.0,16578,2555.0,,,56863.0,8740.0,,,2446.0,6848.0,,320497,0.0286,,,0.0821,,0.0433,,0.138,,0.0178,0.072,,0.00049,0.0558,0.0805,,,0.0388,0.038,,,0.0053,0.0191,,0.0516,0.0,0,,0,0,0.0,,0,,0,,0,,0,0,,0,,,0,0,,0,
31045,142.0,13481705472,1038.0,,,11245.0,,29195.0,,11096.0,,2687.0,172915,,473.0,16699,2662.0,,,57248.0,8800.0,,,2463.0,6895.0,,323415,0.0282,,,0.0826,,0.0436,,0.133,,0.0186,0.0724,,0.000459,0.0562,0.0871,,,0.039,0.0397,,,0.0053,0.0193,,0.0521,0.0,0,,0,0,0.0,,0,,0,,0,,0,0,,0,,,0,0,,0,
30891,143.0,13487030272,1038.0,,,11782.0,,29394.0,,11172.0,,2705.0,174116,,433.0,16819,2680.0,,,57634.0,8859.0,,,2480.0,6943.0,,326055,0.0282,,,0.0826,,0.0439,,0.132,,0.0186,0.073,,0.000446,0.0566,0.0871,,,0.0382,0.0397,,,0.0053,0.0194,,0.0521,0.0,0,,0,0,0.0,,0,,0,,0,,0,0,,0,,,0,0,,0,
30855,139.0,13392629760,1060.0,,,11862.0,,29592.0,,11249.0,,2706.0,185291,,,16939,2699.0,,,58183.0,8919.0,,,2497.0,6990.0,,337987,0.0282,,,0.0826,,0.0441,,0.141,,0.0186,0.0735,,0.000414,0.0571,0.0871,,,0.0382,0.0397,,,0.0053,0.0195,,0.053,0.0,0,,0,0,0.0,,0,,0,,0,,0,0,,0,,,0,0,,0,
30102,140.0,13396848640,1068.0,,,11942.0,,29881.0,,11326.0,,2747.0,186561,,,18080,2717.0,,,58592.0,9271.0,,,2513.0,7038.0,,341736,0.0302,,,0.08,,0.0445,,0.145,,0.0186,0.074,,0.000382,0.0575,0.0871,,,0.0424,0.0397,,,0.00546,0.0197,,0.0537,0.0,0,,0,0,0.0,,0,,0,,0,,0,0,,0,,,0,0,,0,
30483,141.0,13394190336,1075.0,,,12023.0,,31513.0,,11403.0,,2883.0,187830,,,18207,2735.0,,,63004.0,9334.0,,,2682.0,7085.0,,349775,0.0302,,,0.0834,,0.0449,,0.146,,0.0186,0.0745,,0.000351,0.056,0.0898,,,0.0427,0.0413,,,0.00546,0.0198,,0.0544,0.0,0,,0,0,0.0,,0,,0,,0,,0,0,,0,,,0,0,,0,
30474,138.0,13376892928,1081.0,,,12117.0,,31733.0,,11480.0,,2903.0,189100,,,18335,2754.0,,,63441.0,9398.0,,,2707.0,7348.0,,352395,0.0302,,,0.0834,,0.0462,,0.147,,0.0194,0.075,,0.000319,0.0617,0.0904,,,0.043,0.0413,,,0.00557,0.0199,,0.0553,0.0,0,,0,0,0.0,,0,,0,,0,,0,0,,0,,,0,0,,0,
30096,139.0,13256736768,1081.0,,,12200.0,,31952.0,,11580.0,,2923.0,190370,,,18462,2845.0,,,63878.0,9461.0,,,2726.0,7402.0,,354880,0.0298,,,0.0856,,0.0466,,0.148,,0.0202,0.0789,,0.000287,0.0621,0.0923,,,0.0433,0.0413,,,0.00557,0.02,,0.0561,0.0,0,,0,0,,,0,,0,,0,,0,0,,0,,,0,0,,0,
28294,140.0,13230456832,1081.0,,,12284.0,,32172.0,,11661.0,,2942.0,191880,,,18590,2873.0,,,64315.0,9523.0,,,2744.0,7454.0,,357517,0.0298,,,0.0856,,0.0469,,0.149,,0.0202,0.0795,,,0.0626,0.093,,,0.0435,0.0434,,,0.00557,0.0207,,0.0566,0.0,0,,0,0,,,0,,0,,0,,0,0,,0,,,0,0,,0,
28551,138.0,13202952192,1048.0,,,12906.0,,32391.0,,11742.0,,2957.0,193195,,,18717,2893.0,,,64751.0,9606.0,,,2763.0,7506.0,,360476,0.0298,,,0.0856,,0.0472,,0.149,,0.0202,0.08,,,0.063,0.0935,,,0.044,0.0434,,,0.00557,0.021,,0.0569,0.0,0,,0,0,,,0,,0,,0,,0,0,,0,,,0,0,,0,
28677,139.0,13195636736,1171.0,,,12993.0,,33755.0,,12449.0,,3052.0,194511,,,18845,2913.0,,,67526.0,9673.0,,,2782.0,7558.0,,367227,0.0298,,,0.0856,,0.0475,,0.149,,0.0202,0.0806,,,0.0634,0.0935,,,0.046,0.0434,,,0.00575,0.0211,,0.0572,0.0,0,,0,0,,,0,,0,,0,,0,0,,0,,,0,0,,0,
28785,138.0,13188497408,1179.0,,,13092.0,,33982.0,,12534.0,,3097.0,195827,,,18972,2933.0,,,67997.0,9739.0,,,2801.0,7609.0,,369762,0.0298,,,0.0856,,0.0478,,0.152,,0.0202,0.0811,,,0.0639,0.0935,,,0.0463,0.0447,,,0.00587,0.0213,,0.0577,0.0,0,,0,0,,,0,,0,,0,,0,0,,0,,,0,0,,0,
28742,139.0,13126770688,1201.0,,,13183.0,,34253.0,,12619.0,,3118.0,190191,,,18528,2953.0,,,68466.0,9480.0,,,2820.0,7661.0,,364471,0.0308,,,0.0886,,0.048,,0.152,,0.0202,0.0817,,,0.0643,0.0935,,,0.0466,0.0464,,,0.00587,0.0214,,0.0583,0.0,0,,0,0,,,0,,0,,0,,0,0,,0,,,0,0,,0,
27686,139.0,13126361088,1209.0,,,13274.0,,34496.0,,12704.0,,3139.0,212327,,,18551,2973.0,,,68935.0,10536.0,,,2827.0,7713.0,,388683,0.0308,,,0.0886,,0.0486,,0.157,,0.0202,0.0822,,,0.0648,0.0962,,,0.0469,0.0464,,,0.00587,0.0216,,0.0591,0.0,0,,0,0,,,0,,0,,0,,0,0,,0,,,0,0,,0,
27397,141.0,13065785344,1217.0,,,13365.0,,34740.0,,12757.0,,3150.0,213825,,,20590,2992.0,,,69404.0,10608.0,,,2760.0,8174.0,,393583,0.0308,,,0.0886,,0.0474,,0.158,,0.0208,0.0863,,,0.0677,0.0969,,,0.0472,0.0483,,,0.00587,0.0217,,0.06,,0,,0,0,,,0,,0,,0,,0,0,,0,,,0,0,,0,
27397,142.0,13066510336,1220.0,,,13456.0,,34984.0,,12903.0,,3150.0,215323,,,20731,3150.0,,,69872.0,10679.0,,,3063.0,8244.0,,396775,0.0324,,,0.0913,,0.0519,,0.159,,0.0208,0.0865,,,0.0666,0.097,,,0.0474,0.0483,,,0.00587,0.0229,,0.0608,,0,,0,0,,,0,,0,,0,,0,0,,0,,,0,0,,0,
27237,142.0,13066084352,1220.0,,,13547.0,,36570.0,,12993.0,,3207.0,216821,,,20872,3189.0,,,70322.0,10764.0,,,3085.0,8301.0,,400891,0.0324,,,0.0913,,0.0523,,0.16,,0.0228,0.0875,,,0.0666,0.0937,,,0.0498,0.0483,,,0.00587,0.023,,0.0611,,0,,0,0,,,0,,0,,0,,0,0,,0,,,0,0,,0,
27407,144.0,13065494528,1220.0,,,13182.0,,36823.0,,13084.0,,3229.0,218319,,,21014,3211.0,,,74103.0,10840.0,,,3106.0,8358.0,,406488,0.0324,,,0.0913,,0.0526,,0.163,,0.0228,0.0881,,,0.0666,0.1,,,0.0501,0.0483,,,0.00607,0.0231,,0.062,,0,,0,0,,,0,,0,,0,,0,0,,0,,,0,0,,0,
27124,137.0,13071466496,1181.0,,,14560.0,,37076.0,,13654.0,,3153.0,219817,,,21155,3233.0,,,74620.0,10915.0,,,3128.0,8414.0,,410906,0.0324,,,0.0913,,0.053,,0.163,,0.0228,0.0887,,,0.0666,0.103,,,0.0505,0.0483,,,0.00622,0.0231,,0.0624,,0,,0,0,,,0,,0,,0,,0,0,,0,,,0,0,,0,
26996,138.0,13069697024,1290.0,,,14660.0,,37328.0,,13748.0,,3439.0,221315,,,21340,3255.0,,,75137.0,10991.0,,,3149.0,8471.0,,414123,0.0319,,,0.0913,,0.0533,,0.163,,0.0228,0.0893,,,0.0666,0.103,,,0.0508,0.0483,,,0.00622,0.0235,,0.0625,,0,,0,0,,,0,,0,,0,,0,0,,0,,,0,0,,0,
26872,139.0,13060853760,1337.0,,,14760.0,,37581.0,,13842.0,,3451.0,233252,,,21489,3277.0,,,75655.0,11516.0,,,3171.0,8784.0,,428115,0.0319,,,0.0913,,0.0537,,0.163,,0.0228,0.0899,,,0.0666,0.104,,,0.0512,0.05,,,0.00622,0.0237,,0.0629,,0,,0,0,,,0,,0,,0,,0,0,,0,,,0,0,,0,
26974,140.0,13061750784,1338.0,,,14860.0,,37834.0,,13936.0,,3451.0,234820,,,21638,3381.0,,,76172.0,11594.0,,,3192.0,8883.0,,431100,0.0319,,,0.0881,,0.0542,,0.167,,0.0228,0.0904,,,0.0666,0.105,,,0.0515,0.0515,,,0.00622,0.0245,,0.0633,,0,,0,0,,,0,,0,,0,,0,0,,0,,,0,0,,0,
24637,141.0,13063974912,1338.0,,,14960.0,,38168.0,,14030.0,,3451.0,236597,,,21036,3381.0,,,76689.0,11673.0,,,3214.0,8944.0,,433482,0.0319,,,0.102,,0.0546,,0.168,,0.0228,0.0951,,,0.0669,0.106,,,0.0534,0.0532,,,0.00622,0.0246,,0.0654,,0,,0,0,,,0,,0,,0,,0,0,,0,,,0,0,,0,
24912,142.0,13062340608,1338.0,,,15101.0,,39788.0,,14098.0,,3534.0,238239,,,22979,3429.0,,,77206.0,11751.0,,,3105.0,9006.0,,439575,0.0325,,,0.102,,0.0567,,0.169,,0.0234,0.0958,,,0.0725,0.108,,,0.0538,0.0532,,,0.00622,0.0248,,0.0665,,0,,0,0,,,0,,0,,0,,0,0,,0,,,0,0,,0,
25171,140.0,13057318912,1338.0,,,15208.0,,40063.0,,14249.0,,3558.0,239880,,,23135,3453.0,,,77914.0,11794.0,,,3449.0,9067.0,,443109,0.0336,,,0.102,,0.0571,,0.169,,0.0251,0.0965,,,0.0725,0.108,,,0.0542,0.0532,,,0.00622,0.025,,0.0669,,0,,0,0,,,0,,0,,0,,0,0,,0,,,0,0,,0,
24748,141.0,13055139840,1338.0,,,15315.0,,40338.0,,14348.0,,3582.0,241521,,,23292,3476.0,,,78458.0,12234.0,,,3473.0,9129.0,,446502,0.0336,,,0.102,,0.0575,,0.164,,0.0251,0.0971,,,0.0725,0.108,,,0.0545,0.0532,,,0.00643,0.0251,,0.0666,,0,,0,0,,,0,,0,,0,,0,0,,0,,,0,0,,0,
21363,138.0,13079064576,1436.0,,,14891.0,,40613.0,,13953.0,,3582.0,243162,,,23432,3500.0,,,76000.0,12319.0,,,3496.0,9191.0,,445574,0.0348,,,0.102,,0.0579,,0.163,,0.0251,0.0978,,,0.0725,0.108,,,0.0549,0.0532,,,0.00659,0.0251,,0.0668,,0,,0,0,,,0,,0,,0,,0,0,,0,,,0,0,,0,
20055,139.0,13082152960,1464.0,,,16239.0,,40888.0,,13953.0,,3474.0,254417,,,23626,3523.0,,,83911.0,12404.0,,,3520.0,9561.0,,466981,0.0348,,,0.102,,0.0583,,0.176,,0.0251,0.0985,,,0.0725,0.111,,,0.0553,0.0551,,,0.00659,0.0261,,0.0684,,0,,0,0,,,0,,0,,0,,0,0,,0,,,0,0,,0,
20008,140.0,13082050560,1473.0,,,16351.0,,41163.0,,15264.0,,3527.0,256262,,,23788,3525.0,,,84484.0,12489.0,,,3544.0,9639.0,,471509,0.0348,,,0.102,,0.06,,0.177,,0.0251,0.0991,,,0.0741,0.111,,,0.0556,0.0551,,,0.00659,0.0263,,0.069,,0,,0,0,,,0,,0,,0,,0,0,,0,,,0,0,,0,
19590,141.0,13085790208,1483.0,,,16463.0,,41547.0,,15367.0,,3834.0,258064,,,23950,3689.0,,,85057.0,12574.0,,,3568.0,9705.0,,475302,0.0348,,,0.102,,0.0604,,0.178,,0.0251,0.103,,,0.0764,0.114,,,0.0577,0.0551,,,0.00659,0.0265,,0.07,,0,,0,0,,,0,,0,,0,,0,0,,0,,,0,0,,0,
16333,142.0,13084585984,1484.0,,,16575.0,,42923.0,,15482.0,,3860.0,259866,,,24111,3714.0,,,85630.0,12659.0,,,3581.0,9771.0,,479659,0.0348,,,0.103,,0.0609,,0.178,,0.0251,0.103,,,0.0786,0.115,,,0.0581,0.0574,,,0.00659,0.0267,,0.0707,,0,,0,0,,,0,,0,,0,,0,0,,0,,,0,0,,0,
12557,139.0,13079097344,1484.0,,,16687.0,,43224.0,,15590.0,,3870.0,261668,,,25128,3739.0,,,86325.0,12744.0,,,3702.0,9837.0,,483999,0.0348,,,0.108,,0.0613,,0.178,,0.0251,0.104,,,0.0786,0.115,,,0.0585,0.0574,,,0.00659,0.0268,,0.0713,,0,,0,0,,,0,,0,,0,,0,0,,0,,,0,0,,0,
9383,140.0,13067894784,1519.0,,,16799.0,,43524.0,,15697.0,,3870.0,263470,,,25128,3760.0,,,86926.0,12751.0,,,3762.0,9903.0,,487111,0.0363,,,0.108,,0.0617,,0.178,,0.0256,0.105,,,0.0786,0.115,,,0.0589,0.0574,,,0.00659,0.027,,0.0716,,0,,0,0,,,0,,0,,0,,0,0,,0,,,0,0,,0,
9383,141.0,13067702272,1519.0,,,16942.0,,43825.0,,15804.0,,3870.0,273063,,,25501,3760.0,,,87527.0,13399.0,,,3788.0,9914.0,,498912,0.0363,,,0.108,,0.0621,,0.184,,0.0248,0.106,,,0.0786,0.115,,,0.0593,0.0587,,,0.00679,0.0272,,0.0722,,0,,0,0,,,0,,0,,0,,0,0,,0,,,0,0,,0,
9371,140.0,13067345920,1519.0,,,17058.0,,44125.0,,15911.0,,3940.0,274919,,,25676,3820.0,,,88128.0,13492.0,,,3814.0,10056.0,,502458,0.0363,,,0.108,,0.0625,,0.185,,0.0276,0.106,,,0.0786,0.115,,,0.0595,0.0587,,,0.00658,0.0266,,0.0726,,0,,0,0,,,0,,0,,0,,0,0,,0,,,0,0,,0,
9210,139.0,13069041664,1578.0,,,17809.0,,44426.0,,16019.0,,4060.0,276774,,,25852,3846.0,,,88729.0,13585.0,,,3839.0,10125.0,,506643,0.0363,,,0.108,,0.0625,,0.185,,0.0276,0.109,,,0.0786,0.12,,,0.0602,0.0587,,,0.00695,0.0283,,0.0735,,0,,0,0,,,0,,0,,0,,0,0,,0,,,0,0,,0,
9210,137.0,13071302656,1584.0,,,17930.0,,44727.0,,16517.0,,4088.0,278253,,,26027,3875.0,,,92681.0,13679.0,,,3863.0,10534.0,,513757,0.0363,,,0.108,,0.0613,,0.185,,0.0276,0.11,,,0.0786,0.12,,,0.0589,0.0607,,,0.00695,0.0283,,0.0735,,0,,0,0,,,0,,0,,0,,0,0,,0,,,0,0,,0,
7967,138.0,13073723392,1584.0,,,18051.0,,45027.0,,16670.0,,4115.0,280759,,,26203,3780.0,,,93305.0,13772.0,,,3863.0,10605.0,,517734,0.0363,,,0.11,,0.0657,,0.185,,0.0276,0.11,,,0.0833,0.12,,,0.0589,0.0607,,,0.00695,0.0288,,0.0745,,0,,0,0,,,0,,0,,0,,0,0,,0,,,0,0,,0,
6785,139.0,13073104896,1625.0,,,18116.0,,43594.0,,16784.0,,4128.0,282682,,,26327,3780.0,,,93555.0,14159.0,,,3863.0,10676.0,,519289,0.0372,,,0.11,,0.0662,,0.185,,0.0276,0.111,,,0.0833,0.12,,,0.0634,0.062,,,0.00695,0.029,,0.0752,,0,,0,0,,,0,,0,,0,,0,0,,0,,,0,0,,0,
6785,140.0,13074989056,1625.0,,,18312.0,,47170.0,,16898.0,,4128.0,291340,,,26327,4052.0,,,94680.0,14254.0,,,3828.0,10695.0,,533307,0.0361,,,0.11,,0.0666,,0.186,,0.0276,0.112,,,0.0833,0.12,,,0.0638,0.062,,,0.00695,0.0291,,0.0753,,0,,0,0,,,0,,0,,0,,0,0,,0,,,0,0,,0,
6627,141.0,13077196800,1625.0,,,18437.0,,47494.0,,17012.0,,4128.0,293309,,,25383,4075.0,,,95338.0,14289.0,,,3828.0,10695.0,,535610,0.0368,,,0.106,,0.0671,,0.189,,0.0276,0.113,,,0.0833,0.12,,,0.0643,0.062,,,0.00714,0.0291,,0.0755,,0,,0,0,,,0,,0,,0,,0,0,,0,,,0,0,,0,
6627,142.0,13073186816,1625.0,,,18562.0,,47818.0,,17385.0,,4128.0,295277,,,28046,4075.0,,,95996.0,14289.0,,,4161.0,10901.0,,542262,0.0368,,,0.115,,0.0675,,0.189,,0.0276,0.114,,,0.0833,0.12,,,0.0643,0.062,,,0.00714,0.0291,,0.0763,,0,,0,0,,,0,,0,,0,,0,0,,0,,,0,0,,0,
6482,208.0,13077630976,1625.0,,,18687.0,,48143.0,,17385.0,,3998.0,295310,,,28236,4075.0,,,96655.0,14428.0,,,4189.0,11149.0,,543878,0.0368,,,0.115,,0.0687,,0.189,,0.0285,0.117,,,0.087,0.125,,,0.0643,0.0628,,,0.00727,0.0289,,0.0775,,0,,0,0,,,0,,0,,0,,0,0,,0,,,0,0,,0,
6468,209.0,13085597696,1677.0,,,18765.0,,48467.0,,17632.0,,3986.0,299611,,,28427,4075.0,,,99767.0,14528.0,,,4213.0,11181.0,,552328,0.0368,,,0.115,,0.0687,,0.189,,0.0292,0.117,,,0.087,0.125,,,0.065,0.0648,,,0.00727,0.0289,,0.0778,,0,,0,0,,,0,,0,,0,,0,0,,0,,,0,0,,0,
6293,211.0,13092225024,1677.0,,,18061.0,,48644.0,,17751.0,,4304.0,301670,,,28528,4149.0,,,100442.0,15009.0,,,4213.0,11181.0,,555630,0.0375,,,0.115,,0.0687,,0.189,,0.0292,0.117,,,0.0888,0.125,,,0.067,0.0648,,,0.00727,0.0309,,0.0783,,0,,0,0,,,0,,0,,0,,0,0,,0,,,0,0,,0,
6040,276.0,13096177664,1722.0,,,19455.0,,49578.0,,17870.0,,4452.0,303728,,,28528,4178.0,,,101117.0,15110.0,,,4213.0,11181.0,,561134,0.0375,,,0.118,,0.0693,,0.189,,0.0292,0.119,,,0.0888,0.125,,,0.0675,0.0648,,,0.00727,0.031,,0.0789,,0,,0,0,,,0,,0,,0,,0,0,,0,,,0,0,,0,
