i_o_read,i_o_write,memory,network_outgoing_pod-pod-1,network_outgoing_pod-pod-2,network_outgoing_pod-pod-3,network_outgoing_pod-pod-4,network_outgoing_pod-pod-5,network_outgoing_pod-pod-6,network_outgoing_pod-pod-7,network_outgoing_pod-pod-8,network_outgoing_pod-pod-9,network_outgoing_pod-pod-10,network_outgoing_pod-pod-11,network_outgoing_pod-pod-12,network_outgoing_pod-pod-13,network_outgoing_pod-pod-14,network_outgoing_system,cpu_pod-pod-1,cpu_pod-pod-2,cpu_pod-pod-3,cpu_pod-pod-4,cpu_pod-pod-5,cpu_pod-pod-6,cpu_pod-pod-7,cpu_pod-pod-8,cpu_pod-pod-9,cpu_pod-pod-10,cpu_pod-pod-11,cpu_pod-pod-12,cpu_pod-pod-13,cpu_pod-pod-14,cpu_system,pod_restart
0,400,12764622848,215,498,526,910,343,8618,5.47,641.0,2703.0,176,2175,594,152,320,17877,0.00236,0.00578,0.000881,0.0153,0.00197,0.00482,0.00572,0.00585,0.00917,0.00155,0.00206,0.00358,0.00226,0.000827,0.00518,0
0,403,12751368192,209,498,521,921,343,8333,51.0,641.0,2703.0,176,2295,594,148,320,17753,0.00236,0.00578,0.000876,0.0148,0.00197,0.00459,0.00629,0.00585,0.00917,0.00155,0.00206,0.00358,0.00226,0.000827,0.00516,0
0,403,12748492800,209,498,521,921,343,8333,55.3,641.0,2703.0,176,2295,594,148,320,17757,0.0023,0.00568,0.000876,0.0147,0.00195,0.00459,0.00686,0.00585,0.00917,0.00149,0.00206,0.00358,0.00226,0.000837,0.00518,0
0,403,12752961536,209,482,521,921,346,8333,59.6,641.0,2703.0,177,2226,594,148,323,17684,0.00232,0.00568,0.000876,0.0147,0.00195,0.00459,0.00469,0.00585,0.00917,0.00149,0.00213,0.00355,0.00226,0.000837,0.00501,0
0,403,12758626304,209,479,521,921,346,8651,63.9,641.0,2703.0,177,2275,594,148,323,18052,0.00238,0.00581,0.000911,0.0147,0.00195,0.0048,0.00505,0.00585,0.00917,0.00149,0.00213,0.00355,0.00226,0.000837,0.00507,0
0,403,12751814656,209,495,521,921,346,8651,68.2,641.0,2703.0,177,2275,599,150,325,18080,0.00238,0.00581,0.000911,0.0147,0.00195,0.0048,0.00541,0.00585,0.00917,0.00149,0.00213,0.00355,0.00226,0.000852,0.0051,0
0,403,12746117120,209,513,521,921,351,8651,72.5,641.0,2703.0,177,2275,599,150,325,18108,0.00238,0.00581,0.000981,0.0153,0.00195,0.0048,0.00576,0.00585,0.00917,0.00149,0.00213,0.00355,0.00226,0.000852,0.00519,0
0,392,12747350016,217,513,521,921,351,8651,357.0,641.0,2703.0,177,2275,601,150,325,18402,0.00238,0.00581,0.000981,0.0153,0.00195,0.0048,0.00612,0.00585,0.00917,0.00172,0.00224,0.00355,0.00227,0.000852,0.00524,0
0,399,12685602816,217,513,521,1028,351,9426,377.0,641.0,2703.0,177,2275,621,160,329,19338,0.00238,0.00581,0.000981,0.0153,0.00195,0.0048,0.00647,0.00585,0.00917,0.00175,0.00224,0.00355,0.00228,0.000857,0.00528,0
0,399,12686184448,234,513,632,1075,351,9426,397.0,641.0,2703.0,183,2396,621,160,329,19660,0.00238,0.00611,0.000981,0.0153,0.00195,0.0048,0.00549,0.00585,0.00917,0.0018,0.00224,0.00355,0.00228,0.000857,0.00523,0
0,399,12630052864,234,513,632,1075,351,9426,418.0,641.0,2703.0,183,2751,621,160,329,20035,0.00238,0.0063,0.000981,0.0153,0.00189,0.0048,0.00549,0.00585,0.00917,0.0018,0.00229,0.00374,0.00228,0.000857,0.00526,0
0,399,12632346624,234,513,632,1075,351,9624,438.0,641.0,2703.0,188,2751,621,165,360,20294,0.00242,0.0063,0.000981,0.0184,0.00198,0.00589,0.00549,0.00585,0.00917,0.0018,0.00229,0.00374,0.00228,0.000857,0.00562,0
0,399,12636446720,234,513,632,1075,350,9624,458.0,641.0,2703.0,188,2751,621,165,360,20313,0.00243,0.0063,0.00113,0.0194,0.00205,0.00589,0.00549,0.00585,0.00917,0.0018,0.00229,0.00376,0.00228,0.000857,0.00573,0
0,415,12636499968,234,615,632,1075,350,11242,665.0,641.0,2703.0,188,2751,603,165,360,22222,0.00243,0.0063,0.00118,0.0194,0.00205,0.00589,0.00589,0.00585,0.00917,0.0018,0.00229,0.00376,0.00229,0.000857,0.00576,0
0,410,12634861568,234,637,632,1075,358,11242,693.0,641.0,2703.0,188,2751,599,184,360,22294,0.00243,0.0063,0.00118,0.0194,0.00205,0.00589,0.00614,0.00585,0.00917,0.00218,0.00272,0.00376,0.00232,0.000828,0.00585,0
0,398,12642164736,234,637,632,1283,358,11242,721.0,641.0,2703.0,188,2751,720,184,360,22652,0.00243,0.0063,0.00118,0.0194,0.00205,0.00589,0.00639,0.00585,0.00917,0.00218,0.00283,0.00376,0.00232,0.000957,0.00589,0
0,398,12642955264,241,637,632,1283,358,11242,749.0,641.0,2703.0,188,2869,718,184,357,22801,0.00243,0.0063,0.00118,0.0194,0.00205,0.00589,0.00665,0.00585,0.00917,0.00218,0.00283,0.00376,0.00232,0.000957,0.00592,0
0,398,12647677952,234,637,656,1304,358,11732,777.0,642.0,2703.0,182,2869,723,185,398,23399,0.00243,0.00652,0.00118,0.0194,0.00205,0.00589,0.0069,0.00585,0.00917,0.00226,0.00283,0.00376,0.00232,0.000957,0.00596,0
0,398,12648280064,296,637,783,1350,358,14809,805.0,642.0,2703.0,200,2779,747,192,398,26700,0.00243,0.00628,0.00118,0.0194,0.00205,0.00589,0.00694,0.00114,0.00917,0.00226,0.00283,0.00364,0.00232,0.000957,0.00554,0
0,410,12652744704,296,807,783,1350,363,14809,728.0,627.0,2703.0,201,3928,747,192,398,27932,0.0026,0.00764,0.00118,0.0194,0.00198,0.00785,0.00719,0.00111,0.00917,0.00226,0.00346,0.0044,0.00232,0.000957,0.00596,0
0,410,12648161280,296,807,783,1350,351,14809,728.0,610.0,2703.0,201,3928,747,192,398,27903,0.00263,0.00764,0.00119,0.0187,0.00194,0.00822,0.00743,0.00108,0.00917,0.00226,0.00346,0.00432,0.00232,0.000957,0.00594,0
0,402,12653432832,296,807,783,1350,353,14809,1253.0,593.0,2703.0,201,3928,747,192,398,28414,0.00263,0.00764,0.00144,0.027,0.00216,0.00822,0.00768,0.00105,0.00917,0.00226,0.00346,0.00435,0.00232,0.00106,0.00671,0
0,405,12653756416,296,834,783,1350,365,14809,1293.0,576.0,2703.0,201,3928,899,242,398,28677,0.00263,0.00764,0.00144,0.027,0.00216,0.00822,0.00792,0.00101,0.00917,0.00228,0.00364,0.00449,0.00225,0.00107,0.00675,0
0,400,12646846464,296,834,783,1756,365,14809,1332.0,559.0,2703.0,201,4122,899,242,445,29346,0.00263,0.00764,0.00144,0.027,0.00216,0.00822,0.00817,0.000982,0.00917,0.00227,0.00364,0.00449,0.00239,0.00107,0.00678,0
0,400,12645572608,296,834,905,1756,365,20019,1372.0,542.0,2703.0,201,4122,899,242,445,34700,0.00263,0.00764,0.00144,0.027,0.00216,0.00822,0.00841,0.00095,0.00917,0.00294,0.00364,0.00449,0.00239,0.00107,0.00685,0
0,400,12638146560,299,834,911,1756,365,20640,1411.0,452.0,2703.0,201,5260,899,242,447,36419,0.00258,0.00785,0.00144,0.027,0.00216,0.0103,0.00867,0.000959,0.00917,0.00294,0.00364,0.00449,0.00239,0.00107,0.00706,0
0,400,12643151872,309,834,940,1820,365,20640,1675.0,452.0,2703.0,201,5260,928,244,462,36834,0.00266,0.00785,0.00144,0.0282,0.00216,0.0103,0.00891,0.000926,0.00917,0.00294,0.0044,0.00504,0.00239,0.00107,0.00728,0
0,407,12641497088,297,1020,940,1820,354,20640,1721.0,517.0,2703.0,225,5260,928,246,462,37133,0.0029,0.00785,0.00167,0.0282,0.00216,0.0106,0.00916,0.000893,0.00917,0.00294,0.0044,0.00504,0.0024,0.00106,0.00737,0
0,407,12643700736,391,1043,940,1820,384,20640,1766.0,499.0,2703.0,225,5260,928,299,462,37362,0.0029,0.00975,0.00167,0.0282,0.00216,0.0109,0.0094,0.000859,0.00917,0.00294,0.0044,0.00504,0.0024,0.0011,0.00758,0
0,407,12644061184,391,1075,940,2248,384,20640,1812.0,481.0,2703.0,225,5260,1072,299,525,38056,0.0029,0.00975,0.0017,0.0345,0.00211,0.0109,0.00965,0.000826,0.00917,0.00294,0.0044,0.00504,0.0024,0.0011,0.00812,0
0,407,12648554496,391,1075,940,2248,390,20640,1857.0,463.0,2703.0,225,5526,1072,299,525,38355,0.0029,0.00975,0.00176,0.0345,0.00231,0.0109,0.0099,0.000793,0.00917,0.00303,0.00454,0.00513,0.0024,0.00135,0.0082,0
0,395,12649295872,391,1075,940,2248,390,20640,1903.0,445.0,2703.0,225,5526,1072,299,525,38383,0.0029,0.00988,0.00176,0.0345,0.00231,0.0109,0.0101,0.000759,0.00917,0.00419,0.00454,0.00513,0.00246,0.00135,0.00833,0
0,395,12653740032,391,1075,940,2307,390,27469,2210.0,427.0,2703.0,225,5526,1072,299,525,45559,0.0029,0.0102,0.00176,0.0362,0.00231,0.0137,0.0107,0.000726,0.00917,0.00419,0.00454,0.00513,0.00246,0.00135,0.00878,0
0,405,12656422912,452,1075,1329,2386,390,28422,2261.0,409.0,2703.0,225,7178,1108,299,525,48763,0.0029,0.0102,0.00218,0.0362,0.00231,0.0137,0.0109,0.000558,0.00917,0.00419,0.00592,0.00513,0.00247,0.00135,0.00894,0
0,405,12651995136,469,1075,1385,2386,390,28422,2313.0,324.0,2703.0,227,7178,1108,299,539,48820,0.00313,0.0102,0.00218,0.0362,0.00231,0.0137,0.0112,0.000532,0.00917,0.00419,0.00592,0.00495,0.00247,0.00135,0.00896,0
0,405,12572647424,469,1038,1385,2386,390,28422,2365.0,309.0,2703.0,265,7178,1108,299,539,48857,0.00313,0.0102,0.00218,0.0362,0.00231,0.0137,0.0114,0.000506,0.00917,0.00419,0.00614,0.00492,0.00247,0.00135,0.009,0
0,397,12557971456,469,1464,1385,2900,413,28422,2416.0,294.0,2703.0,265,7178,1108,380,539,49938,0.00313,0.0131,0.00218,0.0362,0.00235,0.0137,0.0117,0.00048,0.00917,0.00419,0.00614,0.00641,0.00247,0.00132,0.00938,0
0,407,12548005888,469,1533,1385,2900,413,28422,2468.0,280.0,2703.0,265,7373,1351,383,638,50582,0.00313,0.0131,0.00218,0.0362,0.00235,0.0144,0.012,0.000454,0.00917,0.00419,0.00614,0.00641,0.00247,0.00162,0.00948,0
0,407,12526706688,469,1533,1385,2900,402,28422,2322.0,265.0,2703.0,265,7424,1351,396,638,50474,0.00313,0.0131,0.00226,0.0457,0.00227,0.0144,0.0126,0.000427,0.00917,0.00419,0.00614,0.00664,0.00247,0.00162,0.0104,0
0,401,12522700800,469,1533,1385,2900,405,27644,2322.0,250.0,2703.0,265,7647,1351,396,638,49907,0.00309,0.0131,0.00278,0.0474,0.00254,0.0144,0.0129,0.000401,0.00917,0.00541,0.00614,0.00664,0.0024,0.00162,0.0107,0
0,405,12465893376,490,1533,1385,2900,418,27454,3077.0,234.0,2703.0,286,7647,1407,396,638,50569,0.00311,0.0131,0.00278,0.0474,0.00254,0.0144,0.0131,,0.00917,0.00541,0.00614,0.00664,0.00232,0.00162,0.0106,0
0,398,12465061888,588,1533,1436,3495,418,38213,3137.0,220.0,2703.0,291,7382,1407,396,641,61860,0.00352,0.0135,0.00278,0.0474,0.00254,0.0184,0.0134,,0.00917,0.00541,0.00628,0.00664,0.00259,0.00162,0.0111,0
0,398,12473966592,588,1533,1884,3495,418,38477,3198.0,205.0,2703.0,291,9877,1586,396,663,65313,0.00352,0.0153,0.00278,0.0474,0.00257,0.0184,0.0137,,0.00917,0.00541,0.00624,0.00758,0.00259,0.00162,0.0114,0
0,398,12485480448,588,1533,1884,3495,440,39608,3259.0,191.0,2703.0,291,9877,1586,396,663,66512,0.00352,0.0153,0.00278,0.0474,0.00257,0.0184,0.0139,,0.00917,0.00541,0.00829,0.00758,0.00259,0.00162,0.0115,0
0,398,12486471680,588,1918,1884,3495,440,39608,3319.0,176.0,2703.0,291,9877,1586,486,766,67137,0.00352,0.0153,0.00278,0.05,0.00257,0.019,0.0151,,0.00917,0.00555,0.00829,0.00758,0.00259,0.00162,0.0119,0
0,411,12486361088,588,1918,1884,3495,440,39608,3380.0,162.0,2703.0,291,9877,1586,486,766,67183,0.00352,0.0153,0.00322,0.05,0.00268,0.0197,0.0153,,0.00917,0.00559,0.00829,0.00758,0.00259,0.00167,0.0121,0
0,411,12490956800,588,1918,1884,3495,440,39608,3440.0,,2703.0,290,10292,1586,509,766,67519,0.00352,0.016,0.00322,0.05,0.00268,0.0197,0.0156,,0.00917,0.00561,0.00829,0.0076,0.00259,0.00195,0.0122,0
0,411,12500791296,588,1918,1948,3972,440,39608,3227.0,,2703.0,300,10292,1586,509,766,67856,0.00377,0.016,0.00322,0.0586,0.00268,0.0227,0.0159,,0.00917,0.00683,0.00829,0.00785,0.00259,0.00195,0.0133,0
0,392,12505956352,594,1918,1948,3972,450,39608,3227.0,,2703.0,300,10292,1638,509,766,67923,0.00377,0.016,0.00322,0.0586,0.00268,0.0227,0.0162,,0.00917,0.00683,0.00829,0.00878,0.00266,0.00195,0.0134,0
0,398,12505579520,754,1966,1948,4148,450,38348,4148.0,,2703.0,290,10292,1928,509,766,68249,0.00376,0.016,0.00322,0.0586,0.00268,0.0227,0.0164,,0.00917,0.00683,0.00877,0.00878,0.00269,0.00195,0.0135,0
0,398,12470976512,754,2029,1948,4148,450,53661,4217.0,,2703.0,339,9948,1928,509,790,83425,0.00388,0.016,0.00322,0.0586,0.00273,0.0227,0.0167,,0.00917,0.00683,0.00877,0.00878,0.00269,0.00195,0.0135,0
0,398,12472512512,754,2408,1881,4148,435,53661,4286.0,,2703.0,339,13158,1928,509,790,87001,0.00388,0.0179,0.00397,0.0586,0.00291,0.0227,0.0158,,0.00917,0.00683,0.00849,0.00878,0.00269,0.00195,0.0136,0
0,398,12435034112,754,2408,2604,4148,432,53661,4356.0,,2703.0,339,13498,1928,493,764,88090,0.00388,0.0179,0.00397,0.0616,0.00291,0.0227,0.0158,,0.00917,0.00776,0.0107,0.00878,0.00269,0.00226,0.0142,0
0,398,12432424960,754,2408,2604,4148,489,53661,4425.0,,2703.0,339,13949,1961,651,953,89045,0.00388,0.0185,0.00397,0.0665,0.00291,0.0264,0.0158,,0.00917,0.00776,0.0107,0.00987,0.00269,0.00228,0.015,0
0,415,12429398016,754,2408,2604,4755,495,53661,4494.0,,2703.0,339,13949,1974,651,953,89741,0.00388,0.0185,0.00397,0.0665,0.00291,0.0278,0.0193,,0.00917,0.00807,0.0107,0.00987,0.00272,0.00235,0.0155,0
0,404,12421001216,754,2408,2604,4980,495,53661,4564.0,,2703.0,351,13949,2043,651,953,90116,0.00376,0.0185,0.00397,0.0665,0.00291,0.0278,0.0196,,0.00917,0.00807,0.0107,0.0101,0.0028,0.00235,0.0155,0
0,404,12414087168,863,2408,2604,4980,495,62881,4334.0,,2703.0,351,13949,2043,651,998,99262,0.00438,0.0185,0.00397,0.0665,0.00291,0.0278,0.0199,,0.00917,0.00807,0.0107,0.0101,0.0028,0.00235,0.0156,0
0,404,12413386752,863,2783,2604,4980,495,64983,4334.0,,2714.0,351,13949,2381,651,998,102088,0.00438,0.0185,0.00397,0.0665,0.00299,0.0278,0.0202,,0.00917,0.00807,0.011,0.0101,0.0028,0.00235,0.0157,0
0,404,12418494464,902,2859,2604,4980,495,64983,5463.0,,2714.0,351,13949,2381,651,998,103332,0.00452,0.0205,0.00476,0.0665,0.00299,0.0278,0.0205,,0.00917,0.00807,0.0114,0.0101,0.0028,0.00271,0.016,0
0,404,12422897664,902,2965,3111,5563,495,64983,5543.0,,2714.0,397,13511,2381,651,998,104215,0.00452,0.0216,0.0048,0.0701,0.0029,0.0278,0.0208,,0.00917,0.00807,0.0114,0.0101,0.0028,0.00271,0.0164,0
0,404,12422369280,902,2965,3199,5563,527,64983,5622.0,,2714.0,397,13418,2381,651,998,104320,0.00452,0.0216,0.00496,0.0767,0.00326,0.0278,0.0211,,0.00917,0.0103,0.0114,0.0101,0.0028,0.00271,0.0172,0
0,404,12441591808,1011,2965,3315,5563,521,73835,5702.0,,2714.0,397,18539,2381,679,1178,118800,0.00452,0.0216,0.00496,0.0767,0.00326,0.0326,0.0201,,0.00505,0.0103,0.011,0.00999,0.0028,0.00271,0.0171,0
0,409,12446932992,1011,2965,3315,5563,524,73835,5781.0,,2714.0,410,18539,2381,655,1178,118872,0.00452,0.0216,0.00496,0.0767,0.00326,0.0326,0.0201,,0.00499,0.0103,0.0141,0.0128,0.0028,0.00284,0.0176,0
0,411,12451532800,1011,3327,3315,5824,541,73835,5861.0,,2723.0,410,18539,2811,840,1178,120215,0.00452,0.0216,0.00496,0.0767,0.00326,0.0339,0.0243,,0.00492,0.0103,0.0141,0.0128,0.00275,0.00284,0.0181,0
0,404,12448710656,1011,3327,3315,5824,541,73835,5940.0,,2723.0,410,18539,2811,840,1218,120334,0.00452,0.0231,0.00581,0.0767,0.00326,0.0339,0.0246,,0.00485,0.0103,0.0141,0.0128,0.00273,0.00284,0.0183,0
0,397,12449574912,1054,3327,3315,5824,541,76064,6019.0,,2723.0,410,18539,2811,840,1218,122685,0.00502,0.0231,0.00581,0.0767,0.00334,0.0339,0.0249,,0.00479,0.0103,0.0141,0.0128,0.00298,0.00324,0.0184,0
0,397,12455841792,1054,3327,3315,6488,541,78253,5708.0,,2723.0,455,18539,2811,840,1218,125270,0.00519,0.0231,0.00581,0.0767,0.00334,0.0339,0.0253,,0.00472,0.0103,0.0145,0.0128,0.00298,0.00324,0.0185,0
0,397,12458774528,1054,3327,3315,6488,541,87966,5708.0,,2723.0,455,21633,2811,840,1350,138210,0.00519,0.0237,0.00581,0.081,0.00334,0.0339,0.0256,,0.00466,0.0125,0.0146,0.0128,0.00298,0.00324,0.0191,0
0,397,12452298752,1054,3481,3993,6488,523,87966,7051.0,,2723.0,455,21633,2811,887,1350,140414,0.00519,0.0244,0.00597,0.081,0.00365,0.035,0.0271,,0.00464,0.0125,0.0165,0.0128,0.00298,0.00324,0.0196,0
0,397,12450951168,1054,3481,3993,6650,580,87966,7141.0,,2696.0,455,21633,2811,986,1350,140796,0.00519,0.0244,0.00601,0.088,0.00365,0.0412,0.0274,,0.00457,0.0125,0.0165,0.0144,0.00302,0.00324,0.0208,0
0,397,12450488320,1017,3481,4210,6696,580,87966,7230.0,,2658.0,455,21633,2731,986,1350,140995,0.00519,0.0244,0.0067,0.088,0.00365,0.0412,0.0278,,0.00451,0.0125,0.0165,0.0149,0.00302,0.00324,0.021,0
0,409,12448063488,1268,3982,4210,6743,577,87966,7320.0,,2621.0,476,21633,2777,986,1424,141982,0.00519,0.0244,0.0067,0.088,0.00365,0.0412,0.0281,,0.00444,0.0125,0.0165,0.0149,0.00302,0.00335,0.021,0
0,400,12445380608,1310,3982,4210,6937,598,87966,7409.0,,2735.0,476,21633,3428,986,1424,143096,0.00519,0.0244,0.0067,0.088,0.00365,0.0412,0.0285,,0.00438,0.0125,0.0165,0.0149,0.0031,0.00335,0.021,0
0,400,12441657344,1310,3982,4210,7718,598,91371,7499.0,,2735.0,476,22766,3428,986,1424,148505,0.00519,0.0235,0.0067,0.088,0.00373,0.0412,0.0288,,0.00431,0.0134,0.0178,0.0149,0.0031,0.00324,0.0212,0
0,400,12442636288,1310,4204,4210,7718,598,88569,7588.0,,2708.0,521,25886,3428,986,1424,149153,0.00518,0.0273,0.0067,0.088,0.00373,0.0412,0.0292,,0.00436,0.014,0.0178,0.0149,0.0031,0.00322,0.0216,0
0,407,12440350720,1310,4204,4210,7718,598,105931,7678.0,,2668.0,521,25886,3428,986,1378,166519,0.00598,0.0273,0.00731,0.0927,0.00393,0.0412,0.0295,,0.00459,0.014,0.0178,0.0165,0.00305,0.00386,0.0223,0
0,414,12437262336,1310,4204,4210,7718,628,105931,8373.0,,2627.0,521,25886,3428,1124,1614,167577,0.00598,0.0283,0.00731,0.0927,0.00393,0.0459,0.0281,,0.00452,0.014,0.0183,0.0171,0.00316,0.00394,0.0228,0
0,406,12442963968,1310,4608,4763,7718,628,105931,8469.0,,2587.0,521,25886,3428,1159,1614,168623,0.00598,0.0283,0.00763,0.0927,0.00393,0.0459,0.0281,,0.00444,0.014,0.0189,0.0171,0.00324,0.00408,0.0229,0
0,399,12449148928,1310,4608,4954,7718,628,110022,8566.0,,2546.0,521,25886,3428,1159,1614,172962,0.00598,0.0283,0.00763,0.0927,0.00393,0.0485,0.033,,0.00437,0.014,0.0189,0.0171,0.00324,0.00408,0.0235,0
0,403,12450951168,1267,4608,4954,8605,628,110022,8662.0,,2487.0,521,25886,3559,1159,1668,174029,0.00598,0.0283,0.00763,0.0994,0.00401,0.0485,0.0333,,0.0043,0.0154,0.0189,0.0171,0.00324,0.00408,0.0242,0
0,403,12447490048,1521,4608,4954,8605,643,110022,8759.0,,2487.0,539,27185,3451,1159,1668,175602,0.00598,0.0283,0.00818,0.0994,0.00401,0.0485,0.0337,,0.00423,0.0154,0.0189,0.0171,0.00324,0.00408,0.0243,0
0,403,12448927744,1531,4608,4954,8605,643,110022,8855.0,,2641.0,576,30034,3427,1159,1668,178725,0.00615,0.0318,0.00818,0.0994,0.00401,0.0485,0.0341,,0.00415,0.0156,0.0183,0.0171,0.00324,0.00408,0.0246,0
0,403,12450918400,1583,4811,5351,8605,643,110022,8952.0,,2597.0,576,30034,4113,1159,1668,180114,0.0067,0.0331,0.00818,0.103,0.00401,0.0528,0.0345,,0.00402,0.0161,0.0214,0.0171,0.00324,0.00408,0.0257,0
0,403,12451815424,1583,4811,5351,8605,672,125693,9048.0,,2553.0,576,30034,4113,1286,1668,195994,0.0067,0.0331,0.00818,0.103,0.00401,0.0528,0.0348,,0.00395,0.0161,0.0214,0.0165,0.00324,0.00395,0.0257,0
0,393,12448620544,1583,5279,5618,8605,672,131242,8711.0,,2508.0,576,30034,4113,1286,1668,201896,0.0067,0.0331,0.00828,0.103,0.00426,0.0528,0.0373,,0.00388,0.0161,0.0214,0.017,0.00336,0.00462,0.026,0
0,399,12446527488,1583,5279,5618,9436,672,131242,10002.0,,2464.0,576,30034,4167,1328,1624,204025,0.0067,0.0331,0.00834,0.103,0.00426,0.0528,0.0377,,0.00381,0.0171,0.0223,0.0203,0.00332,0.00477,0.0265,0
0,400,12440420352,1583,5279,5618,9436,672,131242,10106.0,,2420.0,576,30034,4309,1328,1903,204506,0.0067,0.0331,0.00859,0.103,0.00426,0.0528,0.0381,,0.00374,0.0171,0.0223,0.0203,0.00342,0.00477,0.0265,0
0,401,12447834112,1583,5279,6027,9436,688,131242,10211.0,,2375.0,576,30034,4309,1328,1964,205052,0.0067,0.0331,0.00859,0.103,0.00428,0.0537,0.0385,,0.00312,0.0171,0.0223,0.0203,0.00342,0.00477,0.0266,0
0,408,12449861632,1533,5279,6027,9436,717,131242,10315.0,,2308.0,595,30906,4309,1328,1964,205959,0.0067,0.0331,0.00832,0.11,0.00443,0.0594,0.0389,,0.00312,0.0171,0.0223,0.0203,0.00342,0.00477,0.0276,0
0,408,12454588416,1522,5645,6027,9436,717,131242,10420.0,,2264.0,644,29906,4309,1328,1964,205424,0.0067,0.032,0.00826,0.11,0.00443,0.0594,0.0393,,0.00339,0.0174,0.0223,0.0203,0.00342,0.00477,0.0276,0
0,408,12461789184,1902,5855,6027,10041,717,131242,10524.0,,2220.0,644,35024,4165,1462,1964,211787,0.00692,0.0377,0.00971,0.11,0.00464,0.0594,0.0397,,0.00332,0.0188,0.0246,0.0203,0.00342,0.00477,0.0286,0
0,399,12466466816,1902,5855,6027,10041,717,127082,10629.0,,2176.0,644,35024,4860,1525,1964,208445,0.00667,0.0385,0.00971,0.113,0.00464,0.0594,0.0426,,0.00325,0.0194,0.0246,0.0227,0.00352,0.00477,0.0294,0
0,399,12466393088,1902,5855,6027,10041,717,130140,10733.0,,2132.0,644,35024,4860,1525,1964,211565,0.00765,0.0385,0.00971,0.113,0.00464,0.0594,0.043,,0.00319,0.0194,0.0246,0.0227,0.00352,0.00552,0.0296,0
0,399,12467003392,1902,5855,6365,10351,717,153547,10325.0,,2088.0,644,36080,4860,1525,1964,236224,0.00765,0.0385,0.00989,0.113,0.00464,0.0594,0.0434,,0.00312,0.0194,0.0257,0.0227,0.00352,0.00552,0.0297,0
0,406,12466667520,1902,6252,6365,10351,729,153547,11796.0,,2044.0,668,36080,4988,1525,1896,238143,0.00765,0.0385,0.0102,0.113,0.00464,0.0632,0.0438,,0.00305,0.0194,0.0257,0.0227,0.00355,0.00552,0.0301,0
0,394,12460572672,1902,6252,6365,10351,764,153547,11908.0,,2000.0,716,38632,4988,1525,2246,241196,0.00765,0.0385,0.0102,0.117,0.00464,0.0632,0.0442,,0.00298,0.0194,0.0257,0.0227,0.00355,0.00552,0.0304,0
0,400,12462178304,1902,6252,7091,10351,764,153547,12021.0,,1666.0,716,38632,4988,1525,2246,241700,0.00765,0.0398,0.011,0.117,0.00464,0.0649,0.0447,,0.00291,0.0194,0.0276,0.023,0.00355,0.00552,0.0309,0
0,406,12455235584,1902,6362,7091,10351,764,160006,12133.0,,1666.0,716,38632,4988,1638,2246,248495,0.00806,0.0398,0.011,0.117,0.00472,0.0649,0.047,,0.00242,0.0194,0.0276,0.0238,0.00355,0.00552,0.0312,0
0,406,12448575488,1909,6406,7091,10173,764,160006,12246.0,,1822.0,716,39391,4988,1703,2246,249461,0.00835,0.0398,0.011,0.117,0.00472,0.0649,0.0474,,0.00262,0.0188,0.0276,0.0238,0.00355,0.00552,0.0312,0
0,407,12449271808,2208,6606,7091,11699,758,160006,12358.0,,1779.0,716,40696,5005,1703,2246,252871,0.00835,0.043,0.011,0.122,0.00513,0.068,0.0479,,0.00255,0.0226,0.0276,0.0229,0.00372,0.00552,0.0325,0
0,407,12451422208,2208,6606,7091,11699,782,173579,12471.0,,1736.0,716,40696,4970,1703,2246,266503,0.00835,0.043,0.011,0.122,0.00513,0.068,0.0483,,0.00249,0.0226,0.0276,0.0228,0.00372,0.00568,0.0326,0
0,398,12454514688,2208,6606,7382,11699,782,173579,13239.0,,1693.0,716,43334,5719,1703,2335,270995,0.00835,0.043,0.011,0.122,0.00513,0.068,0.0487,,0.00242,0.0226,0.028,0.0264,0.00372,0.00622,0.033,0
0,398,12458323968,2208,6403,7382,11699,782,173579,13358.0,,1650.0,749,43334,5719,1703,2520,271086,0.00835,0.043,0.0114,0.126,0.00513,0.0712,0.0492,,0.00236,0.0226,0.0291,0.0264,0.00372,0.00622,0.0337,0
0,398,12458496000,2208,6359,8089,11699,758,173579,13476.0,,1607.0,804,43334,5719,1703,2520,271855,0.00835,0.0446,0.0124,0.126,0.00516,0.0712,0.0518,,0.00229,0.0226,0.0291,0.0264,0.00372,0.00622,0.0341,0
0,398,12471271424,2248,7310,8089,11699,835,180780,13594.0,,1564.0,804,43334,5719,1862,2520,280358,0.00835,0.0446,0.0124,0.126,0.00533,0.0712,0.0523,,0.00223,0.0226,0.0282,0.0264,0.00372,0.00622,0.0341,0
0,404,12469723136,2336,7310,8089,11699,835,180780,13713.0,,1453.0,804,43334,5920,1888,2520,280681,0.00892,0.0446,0.0124,0.126,0.00554,0.0755,0.0527,,0.00199,0.024,0.028,0.0268,0.00372,0.00622,0.0347,0
0,410,12474744832,2500,7579,8089,11366,835,194202,14397.0,,1412.0,804,43334,5920,1901,2520,294859,0.00915,0.0446,0.0124,0.126,0.00554,0.0755,0.0532,,0.00193,0.0249,0.032,0.0269,0.00372,0.00688,0.0352,0
0,413,12474798080,2500,7579,8089,12874,835,194202,14520.0,,1371.0,804,44276,6317,1965,2520,297851,0.00915,0.0479,0.0126,0.126,0.00554,0.0755,0.0536,,0.00187,0.0249,0.032,0.0296,0.00365,0.00688,0.0358,0
0,406,12476583936,2500,7579,8089,12874,858,194202,14643.0,,1330.0,804,44584,6317,1965,2638,298382,0.00915,0.0479,0.0127,0.131,0.00554,0.0755,0.0541,,0.00181,0.0249,0.032,0.0296,0.00394,0.00688,0.0362,0
0,400,12475527168,2500,7579,8287,12874,883,194202,14766.0,,1288.0,804,44507,6317,1965,2789,298762,0.00915,0.0479,0.0138,0.134,0.00554,0.0769,0.0546,,0.00175,0.0249,0.032,0.0296,0.00394,0.00688,0.0368,0
0,395,12481449984,2500,7579,9049,12874,883,194202,14890.0,,1247.0,845,50344,6317,1965,2789,305484,0.00915,0.0503,0.0138,0.134,0.00554,0.0793,0.053,,0.00169,0.0249,0.0332,0.0296,0.00394,0.00688,0.0371,0
0,395,12483067904,2500,7356,9049,12874,883,201350,15013.0,,1206.0,867,50344,6317,1965,2789,312513,0.00915,0.0503,0.0138,0.134,0.00554,0.0793,0.053,,0.00127,0.0249,0.0332,0.0296,0.00394,0.00688,0.0371,0
0,395,12481765376,2500,7305,9049,12874,883,201350,15136.0,,1162.0,867,50344,6444,1965,2789,312668,0.00937,0.0514,0.0138,0.134,0.00591,0.0793,0.0593,,0.00146,0.026,0.0332,0.0296,0.00394,0.00688,0.0379,0
0,0,12479971328,2500,8490,9049,13392,883,213770,15259.0,,1120.0,867,50344,6659,1895,2789,327017,0.00988,0.0514,0.0138,0.134,0.00591,0.0767,0.0598,,0.0014,0.0268,0.0332,0.031,0.00396,0.00688,0.0379,0
0,0,12476817408,2847,8490,9049,12996,883,213770,16104.0,,1079.0,867,50344,6659,2124,2789,328000,0.00988,0.0514,0.0138,0.134,0.00591,0.0846,0.0603,,0.00134,0.0268,0.035,0.031,0.00409,0.00703,0.0388,0
0,0,12480421888,2847,8490,9049,12907,934,213770,16233.0,,1038.0,867,50344,7092,2200,2789,328559,0.00988,0.0514,0.0138,0.134,0.00591,0.0846,0.0608,,0.00129,0.0268,0.035,0.0319,0.00409,0.00768,0.039,0
0,0,12474089472,2847,8490,9049,14106,934,213770,16362.0,,997.0,905,50344,7092,2200,2918,330012,0.00988,0.0514,0.0138,0.139,0.00591,0.0846,0.0613,,0.00123,0.0268,0.0362,0.0319,0.00409,0.00768,0.0395,0
0,0,12469944320,2847,8490,9049,14106,934,218978,16491.0,,955.0,930,55034,7092,2200,2918,340023,0.00998,0.0514,0.0149,0.139,0.00591,0.0846,0.0634,,0.00117,0.0268,0.0362,0.0319,0.00409,0.00768,0.0398,0
0,251,12467687424,2847,8490,9946,14106,934,225294,16620.0,,914.0,930,55034,7092,2200,2813,347220,0.0103,0.0537,0.0149,0.143,0.00591,0.0885,0.0639,,0.00112,0.0278,0.0362,0.0319,0.00418,0.00768,0.0408,0
0,251,12468076544,2847,9205,9946,14106,934,225294,16749.0,,847.0,930,55034,7092,2200,3071,348254,0.0103,0.0537,0.0149,0.143,0.0061,0.0885,0.0644,,0.000936,0.0288,0.0362,0.0334,0.00418,0.00768,0.041,0
0,251,12471734272,2847,9205,9946,14768,934,225294,16878.0,,807.0,930,55034,7092,2200,3071,349004,0.0103,0.0537,0.0149,0.143,0.0061,0.0885,0.0649,,0.000886,0.0288,0.0362,0.0346,0.00418,0.00768,0.0411,0
0,251,12471468032,2847,9205,9946,14768,955,217917,17007.0,,767.0,930,55034,7399,2314,3071,342159,0.01,0.0518,0.0149,0.143,0.00588,0.0885,0.0654,,0.000837,0.0288,0.0362,0.0346,0.00418,0.00768,0.041,0
0,516,12470337536,2847,9205,9946,14768,979,240789,17508.0,,727.0,930,55034,7399,2244,3071,365446,0.0108,0.0554,0.0153,0.143,0.00631,0.0927,0.0659,,0.000787,0.0288,0.0366,0.0346,0.00425,0.00768,0.0419,0
0,516,12467712000,2858,9205,9946,14349,979,240789,17640.0,,687.0,930,57812,7157,2447,3071,367870,0.0108,0.0554,0.0153,0.143,0.00631,0.0927,0.0664,,0.000738,0.0288,0.0399,0.0346,0.00425,0.00804,0.0422,0
0,516,12473061376,3153,9205,9946,14251,979,240789,17772.0,,646.0,987,61059,7108,2447,3202,371546,0.0108,0.0554,0.0153,0.151,0.00631,0.0927,0.0669,,0.00047,0.0294,0.0399,0.0346,0.00425,0.00846,0.043,0
0,505,12478636032,3153,9205,9946,14152,979,254085,17904.0,,641.0,1022,61059,7870,2447,3202,385667,0.0108,0.0554,0.0148,0.151,0.00631,0.0953,0.0698,,0.000436,0.0316,0.0399,0.0346,0.00434,0.00846,0.0436,0
0,505,12479275008,3153,9691,10587,15546,979,254085,18036.0,,599.0,1022,61059,7870,2447,3202,388278,0.0108,0.0581,0.0147,0.154,0.00631,0.0959,0.0703,,0.000402,0.0316,0.0399,0.0363,0.00434,0.00846,0.0443,0
0,520,12485193728,3153,9395,11047,16362,979,254085,18168.0,,558.0,1022,61059,7870,2447,3098,389243,0.0112,0.0581,0.0172,0.154,0.00651,0.0992,0.0708,,0.000368,0.0316,0.0399,0.0352,0.00434,0.00846,0.0447,0
0,520,12487708672,3153,9330,11047,16362,979,262266,18299.0,,516.0,1022,61059,8329,2447,3373,398184,0.0112,0.0581,0.0172,0.154,0.00661,0.102,0.0714,,0.000334,0.0316,0.0399,0.035,0.00444,0.00846,0.045,0
0,520,12489183232,3333,10198,11047,16362,1034,262266,18631.0,,474.0,1022,62859,8329,2560,3373,401490,0.0112,0.0581,0.0172,0.154,0.00661,0.102,0.0719,,0.0003,0.0316,0.043,0.0382,0.00444,0.00846,0.0455,0
0,520,12487122944,3333,10198,11047,16362,1034,262266,18764.0,,432.0,1022,62859,8329,2652,3373,401673,0.0117,0.0581,0.0172,0.154,0.00661,0.102,0.0724,,,0.0323,0.043,0.0382,0.00444,0.00846,0.0457,0
0,520,12486537216,3464,10198,11047,16362,1034,262266,18897.0,,,1022,62859,8329,2652,3550,401682,0.0117,0.061,0.0172,0.154,0.00661,0.102,0.0729,,,0.0323,0.043,0.0382,0.00444,0.00846,0.0459,0
0,520,12486680576,3464,10198,11047,16362,1034,262266,19031.0,,,1056,65694,8329,2652,3550,404684,0.0122,0.061,0.0172,0.154,0.00661,0.102,0.0754,,,0.0323,0.043,0.0382,0.00444,0.00937,0.0463,0
0,512,12483682304,3464,10198,11402,15901,1034,275356,19164.0,,,1056,65694,8692,2652,3631,418244,0.0122,0.061,0.0177,0.165,0.00685,0.102,0.076,,,0.0338,0.043,0.0397,0.00429,0.00937,0.0475,0
0,519,12484476928,3464,10862,11778,15791,1034,275356,19297.0,,,1116,67488,8692,2652,3631,421163,0.0122,0.0629,0.0177,0.165,0.00685,0.102,0.0765,,,0.0338,0.043,0.0397,0.00467,0.00937,0.0477,0
0,518,12445949952,3464,10862,12139,17827,1044,285362,19643.0,,,1116,67488,8692,2652,3631,433921,0.0122,0.0652,0.0185,0.159,0.00703,0.109,0.077,,,0.0338,0.044,0.0397,0.00467,0.00937,0.0483,0
0,518,12448669696,3464,10862,12139,17827,1071,285362,19778.0,,,1116,67488,8692,2742,3631,434173,0.0122,0.0652,0.0185,0.167,0.00703,0.109,0.0775,,,0.0338,0.0463,0.0397,0.00467,0.00937,0.0492,0
0,518,12408156160,3464,10862,12139,17827,1071,285362,19913.0,,,1116,67488,9005,2835,3631,434715,0.0122,0.0652,0.0185,0.167,0.00703,0.109,0.0781,,,0.0338,0.0463,0.0413,0.00467,0.00937,0.0494,0
0,518,12408266752,3716,10862,12139,17827,1071,285362,20048.0,,,1116,70874,9005,2740,3631,438392,0.0118,0.0652,0.0185,0.167,0.00703,0.109,0.0786,,,0.0346,0.0463,0.0413,0.00467,0.00937,0.0495,0
0,518,12412833792,3716,11312,12139,17827,1071,285362,20182.0,,,1129,70874,9005,2966,3739,439325,0.0117,0.0679,0.0188,0.167,0.00703,0.109,0.0791,,,0.0358,0.0463,0.0433,0.00467,0.00937,0.0501,0
0,518,12410961920,3716,11613,12139,17827,1071,296078,20347.0,,,1129,70874,9276,2966,3965,451002,0.0131,0.0679,0.0188,0.167,0.00725,0.109,0.0817,,,0.0358,0.0463,0.0433,0.00467,0.00969,0.0504,0
0,494,12412428288,3716,11613,12139,17827,1120,306802,20488.0,,,1129,70874,9276,2966,3965,461915,0.0131,0.0679,0.0188,0.167,0.00725,0.109,0.0817,,,0.0358,0.0463,0.0433,0.00475,0.0102,0.0505,0
0,514,12415311872,3716,11613,12923,18375,1088,306802,20628.0,,,1129,68628,9588,2966,3965,461421,0.0131,0.0679,0.0194,0.172,0.00725,0.11,0.0817,,,0.0358,0.0463,0.0433,0.00489,0.0102,0.051,0
0,522,12415901696,3914,11613,12923,18370,1145,306802,21062.0,,,1186,68156,9588,2966,3965,461691,0.0131,0.0679,0.0195,0.179,0.00725,0.117,0.0817,,,0.0358,0.0479,0.0433,0.00489,0.0102,0.0523,0
0,522,12408840192,4006,11613,12466,18244,1145,306802,21205.0,,,1186,74006,9588,2966,3965,467191,0.0131,0.0719,0.0201,0.179,0.007,0.12,0.0817,,,0.0379,0.0496,0.0433,0.00489,0.0102,0.0532,0
0,522,12409151488,4006,11940,13275,19425,1145,319504,21359.0,,,1186,75913,9588,3091,3965,484398,0.0131,0.0719,0.0201,0.173,0.00736,0.12,0.0817,,,0.0367,0.0496,0.0447,0.00489,0.0102,0.0528,0
0,522,12406370304,4006,12023,13275,19425,1145,319504,21507.0,,,1186,78507,9588,3091,3965,487223,0.0138,0.0719,0.0204,0.18,0.00762,0.12,0.0817,,,0.0385,0.0496,0.0466,0.00489,0.0102,0.0538,0
0,511,12411252736,4006,12423,13275,19425,1145,319504,21655.0,,,1203,78507,10151,3197,3965,488455,0.0141,0.0741,0.0204,0.18,0.00762,0.12,0.0838,,,0.0385,0.0496,0.0466,0.00494,0.0102,0.0542,0
0,511,12412821504,4006,12795,13275,19425,1145,319504,21802.0,,,1203,78507,10151,3197,4262,489272,0.0141,0.0741,0.0204,0.18,0.00762,0.12,0.0865,,,0.0385,0.0496,0.0466,0.00494,0.0102,0.0544,0
0,517,12407672832,4006,12795,13275,19425,1177,309704,22141.0,,,1203,78507,10501,3197,4262,480193,0.0141,0.0741,0.0204,0.18,0.00762,0.12,0.0865,,,0.0385,0.0524,0.0466,0.00508,0.011,0.0547,0
0,510,12413116416,4006,12795,13275,19425,1177,307574,22290.0,,,1203,78507,10501,3197,4262,478212,0.0141,0.0741,0.0204,0.18,0.00762,0.12,0.0865,,,0.0385,0.0524,0.0466,0.00508,0.011,0.0547,0
0,521,12415262720,4209,12795,13974,20380,1141,345890,22451.0,,,1252,78507,10501,3337,4262,518699,0.0141,0.0741,0.0215,0.18,0.00762,0.125,0.0865,,,0.0385,0.0538,0.0466,0.00508,0.011,0.0553,0
0,521,12416974848,4209,12795,13974,20720,1133,345890,22604.0,,,1252,75758,10501,3337,4262,516436,0.0143,0.0773,0.0215,0.188,0.00768,0.126,0.0865,,,0.0397,0.0538,0.0466,0.00508,0.011,0.0565,0
0,521,12416049152,4325,12795,14355,20720,1201,345890,22758.0,,,1252,75235,10501,3402,4262,516696,0.0143,0.0773,0.0215,0.188,0.00804,0.131,0.088,,,0.0406,0.0538,0.0498,0.00508,0.011,0.0573,0
0,521,12422127616,4325,12795,14355,20720,1201,345890,22911.0,,,1252,84141,10501,3402,4262,525755,0.0147,0.0792,0.0215,0.188,0.00804,0.131,0.0899,,,0.0406,0.0538,0.0498,0.00508,0.0111,0.0577,0
0,513,12422922240,4325,13632,14355,20720,1201,345890,23072.0,,,1211,84141,10838,3402,4396,527183,0.0147,0.0792,0.0215,0.188,0.00804,0.131,0.0927,,,0.0406,0.0538,0.0498,0.00493,0.0113,0.058,0
0,506,12419149824,4325,13632,14355,20720,1244,345890,23072.0,,,1276,84141,10913,3402,4458,527428,0.0147,0.0792,0.0222,0.188,0.00804,0.131,0.0927,,,0.0406,0.0538,0.0498,0.00513,0.0117,0.0581,0
0,535,12419645440,4325,13632,14355,20720,1244,345890,23440.0,,,1276,84141,11279,3402,4458,528162,0.0147,0.0792,0.0222,0.188,0.00804,0.131,0.0927,,,0.0422,0.0559,0.0498,0.00526,0.0117,0.0584,0
0,525,12418129920,4325,13632,14355,21432,1244,346068,23598.0,,,1276,84141,11279,3525,4458,529333,0.0147,0.0792,0.0222,0.189,0.00812,0.131,0.0927,,,0.0422,0.0559,0.0503,0.00526,0.0117,0.0585,0
0,524,12417650688,4548,13632,15075,21432,1245,343692,23637.0,,,1295,85030,11279,3525,4458,528848,0.0147,0.0802,0.0215,0.189,0.00812,0.132,0.0927,,,0.0422,0.0567,0.0503,0.00526,0.0117,0.0587,0
0,516,12418101248,4628,13632,15075,20797,1245,364199,23637.0,,,1338,88874,11279,3570,4458,552733,0.0143,0.0821,0.0213,0.189,0.00812,0.132,0.0927,,,0.0427,0.0567,0.051,0.00526,0.0118,0.0589,0
0,516,12421464064,4628,13632,15075,20654,1245,364199,23649.0,,,1338,88874,11279,3570,4620,552764,0.0155,0.0848,0.0227,0.187,0.00815,0.137,0.0927,,,0.0427,0.0567,0.0528,0.00526,0.0118,0.0598,0
0,516,12426215424,4628,13632,14534,21680,1245,364199,23649.0,,,1338,88874,11408,3570,4620,553377,0.0155,0.0848,0.023,0.194,0.00821,0.137,0.0898,,,0.0427,0.0567,0.0528,0.00526,0.0118,0.0601,0
0,516,12424151040,4628,13590,15283,21680,1245,374576,24374.0,,,1338,88874,11408,3570,4620,565186,0.0155,0.0848,0.0232,0.194,0.00847,0.137,0.0967,,,0.0427,0.0567,0.0528,0.00526,0.0118,0.0607,0
0,515,12420489216,4628,14272,15283,21680,1273,374576,24374.0,,,1351,88874,11408,3714,4472,565905,0.0155,0.0848,0.0239,0.194,0.00847,0.137,0.0967,,,0.043,0.058,0.0532,0.0054,0.0118,0.061,0
0,515,12415012864,4628,14272,15283,22425,1273,374576,24374.0,,,1351,88874,11796,3714,4698,567264,0.0155,0.0848,0.0239,0.194,0.00847,0.137,0.0967,,,0.0433,0.058,0.0532,0.0054,0.0122,0.061,0
0,515,12421840896,4628,14272,15283,22425,1287,374576,24374.0,,,1351,90211,11796,3714,4698,568615,0.0155,0.0848,0.0239,0.194,0.0082,0.139,0.0967,,,0.0436,0.058,0.0532,0.0054,0.0123,0.0612,0
0,515,12410093568,4658,14272,15283,22425,1287,374576,24374.0,,,1351,90211,11796,3714,4827,568774,0.0155,0.0848,0.0239,0.194,0.00859,0.139,0.0967,,,0.0449,0.0589,0.0532,0.0054,0.0123,0.0614,0
0,515,12410441728,4703,14272,15825,22425,1287,390394,24374.0,,,1360,90211,11796,3770,4827,585245,0.0155,0.0867,0.0242,0.194,0.00859,0.139,0.0996,,,0.0453,0.0589,0.0532,0.0054,0.0123,0.0619,0
0,515,12406026240,4877,14787,16073,22425,1282,390394,24416.0,,,1406,93059,11796,3770,4827,589111,0.0163,0.0895,0.0242,0.194,0.00859,0.142,0.0996,,,0.0453,0.0605,0.0549,0.0054,0.0123,0.0627,0
0,515,12406984704,4877,14787,16073,21752,1325,390394,24416.0,,,1426,93059,12018,3770,4827,588723,0.0163,0.0895,0.0242,0.194,0.00859,0.142,0.0996,,,0.0453,0.0605,0.0557,0.0054,0.0123,0.0628,0
0,524,12490969088,4877,14787,16073,21603,1325,390394,24857.0,,,1426,93059,12018,3770,4894,589081,0.0163,0.0895,0.0248,0.197,0.00885,0.142,0.101,,,0.0453,0.0605,0.0557,0.0054,0.0124,0.0632,0
0,532,12494192640,4877,15042,16073,22751,1325,390394,24857.0,,,1426,93059,12367,3872,4894,590937,0.0163,0.0895,0.0248,0.197,0.00885,0.142,0.101,,,0.0453,0.0605,0.0557,0.0054,0.0128,0.0632,0
0,517,12504383488,4877,15042,16073,23239,1325,390394,24857.0,,,1426,94074,12367,3872,5015,592562,0.0163,0.0895,0.0248,0.197,0.00883,0.144,0.101,,,0.0453,0.061,0.0557,0.00556,0.0128,0.0634,0
0,517,12503670784,4877,15042,16146,23239,1286,405123,24857.0,,,1426,94074,12367,3872,5015,607325,0.0163,0.0904,0.0247,0.197,0.00883,0.144,0.101,,,0.0465,0.061,0.0557,0.00556,0.0128,0.0636,0
0,517,12500119552,4941,15042,16690,23239,1334,405123,24857.0,,,1426,97133,12367,3872,5015,611041,0.0163,0.0904,0.0247,0.197,0.00883,0.147,0.104,,,0.0465,0.061,0.0559,0.00556,0.0129,0.0642,0
0,517,12505399296,4941,15042,16690,23239,1334,391446,25321.0,,,1426,97133,12367,3902,5015,597857,0.0164,0.0904,0.0247,0.197,0.00883,0.147,0.104,,,0.045,0.0626,0.056,0.00556,0.0129,0.0642,0
0,517,12507373568,4941,15073,16690,23239,1334,409744,25288.0,,,1450,97133,12367,3902,5015,616178,0.0168,0.0904,0.0253,0.197,0.00883,0.147,0.104,,,0.0447,0.0626,0.0564,0.00556,0.0129,0.0643,0
0,517,12505268224,5058,15606,16690,23239,1367,409744,25288.0,,,1445,97133,12367,4014,5015,616967,0.0168,0.0921,0.0253,0.197,0.00883,0.147,0.104,,,0.0466,0.0626,0.0582,0.00556,0.0129,0.0648,0
0,507,12498796544,5058,15606,16690,23695,1367,409744,25288.0,,,1445,97133,12816,4014,5169,618026,0.0168,0.0921,0.0253,0.191,0.00884,0.148,0.104,,,0.0466,0.0626,0.0582,0.00555,0.0129,0.0644,0
0,507,12491436032,5067,15140,16690,22942,1367,409744,25288.0,,,1445,97133,12816,4014,5169,616815,0.0168,0.0921,0.0253,0.198,0.00878,0.148,0.104,,,0.0466,0.0626,0.0582,0.00555,0.0133,0.0649,0
0,514,12488916992,5067,15615,16690,23710,1363,409744,25288.0,,,1445,93789,12816,4014,5169,614711,0.0168,0.0921,0.0253,0.198,0.0091,0.148,0.104,,,0.0477,0.0607,0.0582,0.00546,0.0133,0.0649,0
0,516,12485574656,5067,15615,16166,23710,1363,411757,25845.0,,,1445,93141,12816,4014,5169,616109,0.0168,0.0891,0.0253,0.198,0.0091,0.147,0.107,,,0.0477,0.0628,0.0582,0.00549,0.0133,0.0649,0
0,524,12486434816,5216,15615,16655,23710,1363,426212,25845.0,,,1445,98115,12816,4027,5169,636188,0.0168,0.0914,0.0258,0.198,0.0091,0.148,0.107,,,0.0477,0.0624,0.0585,0.00566,0.0133,0.0652,0
0,524,12485582848,5216,15615,17202,23710,1363,426212,25731.0,,,1445,101230,12816,4027,5166,639734,0.0173,0.0914,0.0258,0.198,0.0091,0.152,0.107,,,0.0477,0.0628,0.0585,0.00566,0.0133,0.0657,0
0,524,12485758976,5216,15615,17202,23710,1363,427657,25731.0,,,1474,101230,12816,4027,5166,641208,0.0173,0.0914,0.0258,0.198,0.00911,0.152,0.107,,,0.0477,0.0648,0.0585,0.00566,0.0133,0.0659,0
0,535,12484190208,5216,16033,17202,24076,1385,427657,25731.0,,,1474,101230,12816,4155,5166,642141,0.0173,0.0932,0.0259,0.198,0.00911,0.152,0.107,,,0.0462,0.0648,0.06,0.00566,0.0133,0.066,0
0,511,12489826304,5216,16065,17202,24131,1394,427657,25731.0,,,1474,101230,13141,4155,5299,642694,0.0173,0.0932,0.0259,0.198,0.00911,0.147,0.107,,,0.0476,0.0648,0.06,0.00548,0.0137,0.0657,0
0,509,12487139328,5216,16065,17202,24131,1394,427657,25731.0,,,1474,101230,13141,4155,5299,642694,0.0173,0.0932,0.0259,0.192,0.00911,0.153,0.108,,,0.0476,0.0648,0.06,0.00545,0.0137,0.0658,0
0,502,12483252224,5237,16065,17202,24131,1394,427657,25697.0,,,1474,101230,13141,4172,5299,642697,0.0173,0.0932,0.0265,0.198,0.00926,0.153,0.108,,,0.0489,0.0648,0.06,0.00566,0.0137,0.0666,0
0,502,12486279168,5237,16065,17329,24131,1394,427657,25390.0,,,1457,101230,13141,4172,5299,642500,0.0173,0.0932,0.0265,0.198,0.00926,0.153,0.108,,,0.0489,0.0648,0.0605,0.00566,0.0137,0.0666,0
0,526,12484464640,5374,16065,17329,24415,1394,427481,26214.0,,,1467,97662,13141,4172,5299,640010,0.0176,0.093,0.0265,0.198,0.00926,0.155,0.109,,,0.0489,0.0653,0.0605,0.00573,0.0137,0.0669,0
0,526,12486656000,5374,16065,17177,24415,1394,442363,26214.0,,,1516,101670,13450,4172,5327,659136,0.0177,0.0926,0.0265,0.198,0.00926,0.155,0.109,,,0.0489,0.0653,0.0616,0.00573,0.0132,0.0669,0
0,526,12488040448,5374,16065,17296,24415,1366,442363,26214.0,,,1466,105094,13450,4172,5327,662602,0.0177,0.0958,0.0265,0.198,0.00923,0.155,0.109,,,0.0489,0.0648,0.0616,0.00573,0.0138,0.0672,0
0,526,12490047488,5374,16443,17849,24415,1376,442363,26214.0,,,1455,105094,13450,4151,5283,663468,0.0177,0.0958,0.0265,0.198,0.00923,0.156,0.108,,,0.0489,0.0671,0.0616,0.00573,0.0138,0.0674,0
0,518,12494258176,5374,15892,17849,23639,1422,442363,26179.0,,,1522,105094,13541,4294,5453,662621,0.0177,0.0958,0.0269,0.198,0.00931,0.156,0.109,,,0.0474,0.0671,0.0616,0.00573,0.0138,0.0673,0
0,504,12493545472,5374,15782,17934,23477,1422,444320,26179.0,,,1522,105094,13541,4294,5453,664391,0.0177,0.0958,0.0269,0.198,0.00931,0.156,0.112,,,0.049,0.0671,0.0617,0.00576,0.014,0.0678,0
0,496,12490752000,5374,16555,17934,24888,1422,444320,26179.0,,,1522,105094,13541,4164,5453,666445,0.0175,0.0958,0.027,0.199,0.00931,0.158,0.112,,,0.0496,0.0671,0.0617,0.00576,0.014,0.068,0
0,519,12491313152,5407,16555,17934,24888,1423,444320,26179.0,,,1522,105094,13541,4321,5453,666636,0.0181,0.0958,0.027,0.199,0.00931,0.158,0.112,,,0.0496,0.0671,0.0626,0.00583,0.014,0.0682,0
0,519,12496375808,5499,16555,17934,24888,1423,444320,25597.0,,,1522,105094,13805,4321,5485,666443,0.0181,0.0958,0.027,0.199,0.00931,0.158,0.113,,,0.0496,0.065,0.0626,0.00583,0.014,0.0681,0
0,519,12491960320,5499,16555,17934,24888,1423,451131,26492.0,,,1501,101910,13805,4321,5485,670945,0.0181,0.0958,0.027,0.199,0.00931,0.158,0.113,,,0.0496,0.0673,0.0626,0.00583,0.014,0.0683,0
0,510,12491960320,5499,16763,17996,24888,1423,451131,26492.0,,,1552,103936,13858,4321,5485,673344,0.0181,0.0975,0.0273,0.199,0.00914,0.158,0.113,,,0.0496,0.0673,0.0626,0.00585,0.014,0.0684,0
0,510,12496244736,5499,16763,18242,24888,1423,451131,26451.0,,,1552,104657,13858,4321,5485,674269,0.0181,0.0975,0.0273,0.199,0.00943,0.158,0.113,,,0.0503,0.0657,0.0626,0.00585,0.0142,0.0684,0
0,500,12495388672,5499,16763,18242,24888,1436,451131,26451.0,,,1552,108190,13858,4243,5561,677814,0.0181,0.0975,0.0273,0.199,0.00943,0.156,0.113,,,0.0503,0.0662,0.0616,0.00585,0.0142,0.0681,0
0,508,12489629696,5499,16763,18242,25040,1436,453243,26451.0,,,1552,108190,13858,4404,5594,680272,0.0181,0.0979,0.0274,0.199,0.00943,0.16,0.111,,,0.0508,0.0684,0.0598,0.00585,0.0142,0.0685,0
0,525,12491165696,5499,16182,18242,25040,1444,453243,26451.0,,,1552,108190,13858,4404,5594,679699,0.0181,0.0979,0.0274,0.199,0.00943,0.16,0.115,,,0.0508,0.0684,0.0639,0.00567,0.0142,0.0692,0
0,517,12488781824,5400,16808,18242,25157,1444,458647,26451.0,,,1552,108166,13858,4404,5594,685722,0.0179,0.0979,0.0274,0.199,0.00945,0.16,0.115,,,0.0508,0.0684,0.0639,0.0057,0.0142,0.0692,0
0,526,12486217728,5596,16969,18242,25157,1444,458647,26451.0,,,1552,108166,14025,4406,5594,686248,0.0185,0.0979,0.0274,0.199,0.00945,0.155,0.115,,,0.0508,0.0684,0.0639,0.0059,0.0142,0.0688,0
0,526,12486823936,5596,16969,18317,25157,1444,458647,25586.0,,,1561,108166,14025,4406,5594,685468,0.0185,0.0995,0.0276,0.199,0.00945,0.161,0.115,,,0.0508,0.066,0.0639,0.0059,0.0139,0.0692,0
0,526,12485296128,5596,16969,17951,25434,1444,458647,26004.0,,,1569,108166,14025,4406,5613,685825,0.0185,0.0995,0.0276,0.199,0.00945,0.161,0.115,,,0.0508,0.0685,0.0639,0.0059,0.0145,0.0695,0
0,526,12485124096,5596,16969,18549,25434,1411,458647,26875.0,,,1569,108166,14025,4406,5613,687261,0.0185,0.0995,0.0276,0.193,0.00947,0.161,0.115,,,0.051,0.0685,0.0639,0.0059,0.0145,0.069,0
0,517,12482760704,5503,17015,18549,25434,1425,465336,26875.0,,,1569,109446,14025,4406,5656,695240,0.0184,0.0995,0.0268,0.199,0.00947,0.162,0.115,,,0.051,0.0685,0.0641,0.0059,0.0145,0.0696,0
0,500,12484546560,5700,17015,18549,25434,1465,465336,26875.0,,,1569,109446,14025,4406,5656,695478,0.0184,0.0995,0.0267,0.199,0.00947,0.162,0.116,,,0.0495,0.0691,0.065,0.00592,0.0145,0.0696,0
0,500,12490858496,5700,17265,18549,25434,1465,465336,26875.0,,,1569,109446,13861,4458,5656,695615,0.0184,0.0983,0.0276,0.199,0.00947,0.162,0.117,,,0.0511,0.0691,0.065,0.00592,0.0145,0.0698,0
0,510,12490670080,5707,17265,18549,25403,1465,465336,26875.0,,,1565,105879,14304,4458,5656,692461,0.0184,0.0968,0.0278,0.199,0.00944,0.162,0.117,,,0.0511,0.0691,0.065,0.00592,0.0145,0.0697,0
0,522,12488843264,5707,17265,18549,25403,1465,465336,26875.0,,,1565,109501,14304,4318,5656,695943,0.018,0.1,0.0278,0.199,0.00944,0.162,0.117,,,0.0511,0.0691,0.065,0.00597,0.0142,0.07,0
0,522,12493197312,5707,17265,17975,25587,1465,465336,27051.0,,,1586,109501,14304,4452,5656,695884,0.0181,0.1,0.0278,0.199,0.00944,0.162,0.117,,,0.0511,0.0691,0.065,0.00597,0.0147,0.07,0
0,522,12491800576,5707,17265,18502,25587,1465,472736,27051.0,,,1586,111059,14304,4452,5521,705233,0.0187,0.1,0.0278,0.199,0.00944,0.162,0.117,,,0.0518,0.0691,0.065,0.00597,0.0147,0.0701,0
0,511,12492181504,5707,17265,18786,25587,1423,472736,26432.0,,,1586,111059,14304,4452,5721,705055,0.0187,0.1,0.0278,0.199,0.00955,0.162,0.114,,,0.0518,0.0697,0.065,0.00596,0.0142,0.0699,0
0,505,12490162176,5707,16678,18786,25587,1463,472736,27232.0,,,1586,111059,14304,4513,5721,705370,0.0187,0.1,0.0278,0.192,0.00955,0.164,0.115,,,0.0518,0.0697,0.0635,0.00596,0.0146,0.0694,0
0,507,12487983104,5707,17225,18786,25521,1463,472736,27232.0,,,1586,111059,14304,4513,5721,705852,0.0187,0.1,0.0278,0.193,0.00955,0.164,0.115,,,0.0518,0.0697,0.0661,0.00596,0.0146,0.0697,0
0,515,12488048640,5799,17423,18786,25521,1463,472736,27232.0,,,1586,111059,14304,4513,5721,706142,0.0187,0.1,0.0278,0.199,0.00955,0.164,0.114,,,0.0514,0.0697,0.0661,0.00596,0.0146,0.0701,0
0,524,12487176192,5791,17423,18786,25521,1463,472736,27232.0,,,1538,111059,13937,4513,5721,705720,0.0187,0.0999,0.0278,0.199,0.00927,0.164,0.119,,,0.0514,0.0697,0.0661,0.00598,0.0146,0.0704,0
0,524,12486000640,5791,17423,18786,25665,1463,472736,27232.0,,,1585,111192,14462,4526,5721,706582,0.0187,0.0999,0.0278,0.199,0.00958,0.164,0.119,,,0.0517,0.0702,0.0661,0.00598,0.0146,0.0705,0
0,524,12484165632,5791,17423,18786,25665,1467,472736,26291.0,,,1592,112070,14462,4526,5721,706530,0.0187,0.0997,0.0278,0.199,0.00958,0.164,0.119,,,0.0517,0.0702,0.0661,0.00598,0.0146,0.0705,0
0,510,12487520256,5791,17423,18204,25665,1467,477930,27531.0,,,1592,112070,14462,4526,5529,712190,0.0188,0.0997,0.028,0.199,0.00935,0.164,0.119,,,0.0517,0.0701,0.0641,0.00599,0.0147,0.0704,0
0,510,12487942144,5791,17423,18079,25665,1477,477930,26613.0,,,1592,112070,14462,4559,5577,711238,0.0189,0.0997,0.028,0.199,0.00966,0.164,0.119,,,0.0517,0.0701,0.0645,0.00599,0.0147,0.0705,0
0,524,12491223040,5791,17505,18941,25665,1477,477930,27518.0,,,1592,112070,14462,4559,5785,713295,0.0189,0.0997,0.028,0.199,0.00966,0.164,0.119,,,0.0517,0.0701,0.0666,0.00601,0.0148,0.0707,0
0,509,12492644352,5791,17505,18941,25665,1477,477930,27518.0,,,1592,112070,14462,4559,5785,713295,0.0189,0.0997,0.028,0.199,0.00966,0.164,0.12,,,0.0517,0.0701,0.0666,0.00601,0.0148,0.0707,0
0,522,12492226560,5791,17505,18941,25773,1477,477930,27518.0,,,1586,112070,14462,4559,5785,713397,0.0189,0.0997,0.028,0.193,0.00966,0.164,0.12,,,0.0504,0.0701,0.0666,0.00601,0.0148,0.0701,0
0,522,12492845056,5620,17505,18941,25773,1477,477930,27518.0,,,1586,112070,14461,4554,5785,713220,0.0189,0.0963,0.027,0.199,0.00966,0.164,0.12,,,0.05,0.0702,0.0666,0.00601,0.0148,0.0703,0
0,522,12499562496,5837,17505,18941,25773,1476,477930,27518.0,,,1597,112838,14461,4554,5785,714215,0.0189,0.0984,0.0272,0.199,0.0096,0.16,0.12,,,0.0521,0.0702,0.0666,0.00601,0.0148,0.0702,0
0,522,12500099072,5837,17498,19071,25773,1476,477930,27518.0,,,1597,112681,14095,4554,5785,713815,0.0182,0.0984,0.0274,0.199,0.0096,0.165,0.12,,,0.0521,0.0704,0.0666,0.00601,0.0148,0.0706,0
0,514,12498186240,5837,17498,19071,25773,1478,449630,26601.0,,,1597,112681,14550,4574,5785,685074,0.0183,0.0984,0.0282,0.199,0.0096,0.165,0.12,,,0.0521,0.0704,0.0666,0.00583,0.0148,0.0707,0
0,517,12499554304,5837,17555,19071,25773,1478,449630,27780.0,,,1597,112681,14550,4574,5609,686136,0.019,0.0984,0.0281,0.199,0.00962,0.165,0.12,,,0.0521,0.0704,0.0646,0.00602,0.0148,0.0706,0
0,505,12499431424,5837,17555,19071,25820,1478,481513,26719.0,,,1597,112681,14530,4574,5770,717144,0.019,0.0984,0.0281,0.199,0.00962,0.165,0.12,,,0.0523,0.0704,0.0643,0.00602,0.0148,0.0706,0
0,512,12514615296,5837,17555,19071,25851,1476,481513,27664.0,,,1597,112681,14530,4574,5612,717961,0.019,0.0984,0.0281,0.199,0.00962,0.165,0.12,,,0.0523,0.0704,0.0669,0.00602,0.0148,0.0708,0
0,521,12520173568,5848,17555,18513,25851,1476,481513,27664.0,,,1596,112681,14530,4574,5797,717599,0.019,0.0973,0.0281,0.199,0.00957,0.165,0.12,,,0.0523,0.0704,0.0669,0.00602,0.0148,0.0707,0
0,521,12524826624,5848,17522,19104,25851,1476,481513,27664.0,,,1596,112681,14530,4574,5797,718157,0.019,0.0973,0.0281,0.192,0.00957,0.165,0.12,,,0.0523,0.0704,0.0669,0.00602,0.0148,0.0702,0
0,521,12529950720,5848,17586,19104,25851,1476,481513,27664.0,,,1588,112814,14530,4573,5797,718344,0.019,0.0973,0.028,0.199,0.00957,0.165,0.12,,,0.0523,0.0704,0.0669,0.00602,0.0148,0.0708,0
0,521,12528119808,5682,17586,19104,25905,1476,481513,27664.0,,,1588,113316,14530,4592,5797,718753,0.0184,0.0946,0.0279,0.199,0.00914,0.165,0.12,,,0.0518,0.0707,0.0669,0.00602,0.0148,0.0704,0
0,536,12526010368,5867,17586,18998,25905,1476,481513,27812.0,,,1588,113316,14080,4592,5800,718533,0.019,0.0977,0.0279,0.199,0.00944,0.165,0.121,,,0.0518,0.0707,0.0648,0.00604,0.0148,0.0706,0
0,510,12528885760,5867,17586,18998,25930,1476,481513,27812.0,,,1588,113316,14593,4592,5800,719071,0.019,0.0977,0.0279,0.199,0.00944,0.165,0.121,,,0.0518,0.0707,0.0652,0.00603,0.0148,0.0706,0
0,510,12530012160,5857,17586,18998,25930,1476,469064,27812.0,,,1588,113316,14539,4592,5800,706558,0.019,0.097,0.0279,0.199,0.00944,0.165,0.121,,,0.0518,0.0707,0.0672,0.00603,0.0148,0.0707,0
0,510,12529754112,5857,16935,18998,25930,1428,465837,27645.0,,,1588,113316,14539,4592,5800,702465,0.019,0.097,0.0279,0.199,0.00947,0.166,0.121,,,0.0518,0.0707,0.067,0.00603,0.0148,0.0708,0
0,521,12524138496,5857,17559,18998,25930,1419,483141,27645.0,,,1530,113359,14539,4592,5791,720360,0.019,0.097,0.028,0.199,0.00947,0.166,0.121,,,0.0518,0.0704,0.067,0.00603,0.0148,0.0707,0
0,521,12530319360,5857,16942,18876,25930,1465,483141,27645.0,,,1582,113359,14539,4592,5791,719720,0.019,0.097,0.0277,0.199,0.00947,0.165,0.121,,,0.0518,0.0675,0.067,0.00603,0.0148,0.0704,0
0,512,12529258496,5857,17522,18876,25930,1465,483141,27855.0,,,1582,113104,14539,4569,5798,720238,0.0189,0.097,0.0277,0.199,0.00947,0.165,0.12,,,0.0518,0.068,0.067,0.00601,0.0148,0.0705,0
0,512,12527370240,5857,17522,18876,25930,1465,483141,27855.0,,,1582,113104,14539,4569,5798,720238,0.0189,0.097,0.0277,0.199,0.00947,0.165,0.12,,,0.052,0.0703,0.067,0.00601,0.0148,0.0707,0
0,520,12527157248,5849,17522,18256,25860,1465,483141,27855.0,,,1582,113104,14545,4569,5798,719546,0.0189,0.0963,0.0277,0.199,0.00943,0.165,0.12,,,0.0518,0.0703,0.067,0.00579,0.0148,0.0706,0
0,514,12528062464,5849,17522,18989,25860,1465,483024,27855.0,,,1582,113104,14545,4569,5798,720162,0.0189,0.0963,0.0277,0.199,0.00943,0.165,0.12,,,0.0518,0.0703,0.067,0.00599,0.0148,0.0706,0
0,520,12531658752,5849,17522,18989,25860,1465,483024,27636.0,,,1582,113124,14517,4569,5798,719936,0.0189,0.0963,0.0277,0.199,0.00945,0.165,0.12,,,0.0518,0.0703,0.0669,0.00599,0.0148,0.0706,0
0,528,12527710208,5849,17522,18989,25860,1465,483024,27636.0,,,1582,113152,14517,4569,5803,719969,0.0189,0.0928,0.0277,0.199,0.00945,0.165,0.12,,,0.0518,0.0703,0.0669,0.00599,0.0148,0.0703,0
