"Time","adservice-769c85bff-p5p4l","cartservice-57b6f4544-nndv9","checkoutservice-7744df487d-9p9wc","currencyservice-57c744564d-6dtkn","emailservice-58755f8b55-vqrwx","frontend-5bfd5c75f-4226p","loadgenerator-7b495c87ff-fhp2b","loadgenerator-7b495c87ff-ndrlj","paymentservice-747f5544b8-65w42","productcatalogservice-8ffc55d69-gg7lz","recommendationservice-756856df7b-6rzgz","redis-cart-69c467889f-5kh4g","shippingservice-8b5c9bb9b-4xhfd"
2024-05-29 11:09:52,7489,24659,27254,27942,2192,769938,46348,77.0,2111,167083,20718,6794,7584
2024-05-29 11:09:54,7373,24659,26224,26611,2192,769938,46013,82.4,2053,159168,20581,6794,7584
2024-05-29 11:09:56,7373,24659,26224,26795,2200,733613,45679,87.7,2053,159168,20581,6794,7265
2024-05-29 11:09:58,7097,23704,25200,27716,2200,733613,45583,93.1,2053,159168,20581,6794,6982
2024-05-29 11:10:00,7097,24550,26143,27716,2200,733613,45246,98.5,2053,158392,20581,6794,7231
2024-05-29 11:10:02,7097,23547,26143,26165,2200,730396,44910,338,2053,158392,20581,6794,7231
2024-05-29 11:10:04,7097,23547,26143,26165,2111,730396,44574,356,2042,158392,20581,6759,7231
2024-05-29 11:10:06,7097,23547,26143,26165,2111,730396,44237,373,2042,158392,20522,6552,7231
2024-05-29 11:10:08,6986,23547,26143,26165,2111,730396,43901,391,2042,153622,19883,6384,7231
2024-05-29 11:10:10,6986,23547,26143,26165,2111,730396,43564,408,1978,150463,19316,6384,7231
2024-05-29 11:10:12,6986,23547,25235,26165,2103,707870,41429,426,1965,150463,19316,6384,7231
2024-05-29 11:10:14,6986,23547,24537,24940,2103,703001,41429,443,1925,143912,19316,6384,6972
2024-05-29 11:10:16,6584,23257,24537,24840,2103,651742,42758,461,1925,148356,19316,6384,6721
2024-05-29 11:10:18,6584,22038,23347,24840,2103,674543,42419,478,1830,148356,19024,6321,6721
2024-05-29 11:10:20,6584,22038,24106,24840,2035,674543,42081,777,1894,148356,19024,6321,6721
2024-05-29 11:10:22,6584,22038,24106,24840,1975,674543,41743,805,1894,148356,19024,6028,6721
2024-05-29 11:10:24,6443,22038,24106,24840,1975,674543,41405,832,1844,143775,19024,6028,6721
2024-05-29 11:10:26,6443,22038,23247,24840,1975,653570,41066,860,1844,142786,19024,6028,6721
2024-05-29 11:10:28,6443,22038,23247,24052,1975,653570,40728,887,1844,140330,18055,6028,6630
2024-05-29 11:10:30,6443,21657,23247,24052,1975,653570,40390,914,1844,137845,18055,5932,6630
2024-05-29 11:10:32,6443,20811,23247,23734,1975,653570,40110,942,1844,137845,18055,5932,6630
2024-05-29 11:10:34,6227,20811,23247,23734,1975,643844,39771,969,1844,137845,18055,5739,6323
2024-05-29 11:10:36,6111,20811,21926,23734,1975,643844,39432,997,1820,137845,17752,5739,6323
2024-05-29 11:10:38,6111,20811,22614,23734,1862,643844,39093,1024,1749,137845,17752,5739,6323
2024-05-29 11:10:40,5943,20811,21736,23734,1862,643844,38755,1438,1749,137845,17752,5739,6178
2024-05-29 11:10:42,5943,20811,21736,23253,1862,624273,38416,1476,1749,133713,17752,5415,6178
2024-05-29 11:10:44,5943,20428,21736,22510,1862,619981,38077,1514,1749,129345,17066,5586,6178
2024-05-29 11:10:46,5943,20428,21736,22510,1862,596958,37738,1551,1749,129345,17066,5423,5987
2024-05-29 11:10:48,5943,19785,21736,22510,1862,596958,37436,1589,1698,129345,16747,5423,5987
2024-05-29 11:10:50,5943,19649,21736,22510,1862,596958,37097,1626,1698,129345,16747,5423,5987
2024-05-29 11:10:52,5943,19469,21056,22510,1862,596958,36758,1924,1643,129345,16747,5423,5809
2024-05-29 11:10:54,5699,19469,20708,22510,1756,596958,36419,1967,1643,129345,16747,5423,5809
2024-05-29 11:10:56,5460,19016,20708,22116,1756,596958,36079,2011,1643,126284,16747,5281,5809
2024-05-29 11:10:58,5460,19016,20708,20922,1756,596958,35740,2054,1643,126284,14927,5281,5809
2024-05-29 11:11:00,5460,19016,20708,21539,1756,540374,35401,2097,1643,121795,15031,5153,5630
2024-05-29 11:11:02,5460,19016,20202,21539,1756,557739,35147,2332,1643,121795,15547,5153,5630
2024-05-29 11:11:04,5332,19016,18632,21539,1756,557739,34807,2379,1604,121795,15547,5153,5630
2024-05-29 11:11:06,5332,19016,19228,21539,1756,557739,34467,2427,1482,121795,15547,5153,5630
2024-05-29 11:11:08,5332,17812,19228,21539,1756,557739,34128,2474,1537,121795,15177,5153,5474
2024-05-29 11:11:10,5332,17812,19228,20933,1705,557739,33788,2521,1537,118249,15177,5004,5378
2024-05-29 11:11:12,5332,17812,19228,20789,1656,557739,33448,2569,1537,118249,15177,4877,5378
2024-05-29 11:11:14,5129,17812,18764,20536,1656,557739,33116,2616,1537,114740,15177,4877,5378
2024-05-29 11:11:16,5129,17812,18764,20536,1656,537414,32776,2663,1537,114044,15177,4877,5378
2024-05-29 11:11:18,5000,17812,18764,20536,1656,516458,32436,3078,1537,114044,13935,4877,5378
2024-05-29 11:11:20,5000,17306,18764,20536,1656,516458,32097,3132,1486,114044,14462,4877,4922
2024-05-29 11:11:22,5000,17306,17197,20536,1623,516458,31757,3186,1490,110456,14081,4877,5094
2024-05-29 11:11:24,5000,16803,17316,20536,1574,516458,31417,3239,1436,110456,14081,4552,5094
2024-05-29 11:11:26,5000,16803,17857,20536,1574,516458,31042,3293,1436,110456,14081,4552,5094
2024-05-29 11:11:28,5000,16803,17436,20000,1574,516458,30703,3347,1436,108371,14081,4552,4968
2024-05-29 11:11:30,4761,16803,17436,19411,1574,516458,30364,3400,1436,108371,14081,4552,4968
2024-05-29 11:11:32,4761,16188,17436,19849,1574,500991,30025,3454,1436,108371,14081,4552,4968
2024-05-29 11:11:34,4667,15967,17436,19849,1552,450990,29685,3941,1436,108371,14081,4552,4968
2024-05-29 11:11:36,4667,15967,17436,19849,1552,454121,29346,4001,1436,105058,14081,4552,4968
2024-05-29 11:11:38,4667,15967,17436,19849,1552,469535,29007,4062,1415,105058,12379,4110,4505
2024-05-29 11:11:40,4667,15967,17436,19312,1496,469535,28418,4122,1370,105058,12924,4003,4536
2024-05-29 11:11:42,4667,15967,15867,19312,1496,469535,28082,4182,1370,103035,12924,4148,4677
2024-05-29 11:11:44,4667,15230,15948,19261,1496,469535,27745,4243,1370,103035,12924,4148,4531
2024-05-29 11:11:46,4201,15230,15976,19261,1496,461530,27409,4303,1370,98197,12924,4148,4574
2024-05-29 11:11:48,4343,15230,15976,19261,1459,461530,27072,4363,1370,98197,12924,4148,4574
2024-05-29 11:11:50,4303,14947,15976,17712,1459,461530,26736,4992,1370,98197,12924,4148,4574
2024-05-29 11:11:52,4303,14947,15976,18303,1459,461530,26399,5060,1340,98197,12924,4148,4574
2024-05-29 11:11:54,4303,14947,15976,18303,1459,439745,26063,5128,1298,97099,12924,4148,4574
2024-05-29 11:11:56,4303,14947,15976,18426,1323,434769,25687,5196,1317,97099,11126,3922,4574
2024-05-29 11:11:58,4303,13358,15976,18426,1332,434769,25351,5264,1317,97099,11126,3798,4130
2024-05-29 11:12:00,4303,13860,14990,18426,1376,434769,25016,5332,1317,93110,11769,3851,4271
2024-05-29 11:12:02,4303,13860,14990,18426,1376,434769,24680,5400,1181,93110,11769,3851,4271
2024-05-29 11:12:04,4103,13731,14990,18426,1331,434769,24345,5469,1225,93110,11769,3851,4250
2024-05-29 11:12:06,3970,13731,14990,18426,1365,405860,23730,5207,1225,93110,11769,3851,4250
2024-05-29 11:12:08,4072,13731,14990,16728,1365,405860,23399,6345,1220,91980,11769,3851,4250
2024-05-29 11:12:10,4072,13731,14954,17324,1365,405860,23067,6422,1220,87122,11769,3851,4250
2024-05-29 11:12:12,4072,13731,14954,17411,1365,405860,22736,6500,1220,87122,11769,3635,4250
2024-05-29 11:12:14,4072,13731,14052,17411,1365,405860,22405,6577,1220,87122,11769,3635,4250
2024-05-29 11:12:16,3780,13722,14052,17411,1289,405860,22073,6654,1220,87122,11137,3527,4028
2024-05-29 11:12:18,3780,13126,14052,17411,1289,405860,21742,6731,1220,87122,11137,3503,4028
2024-05-29 11:12:20,3780,13126,14052,17411,1289,374879,21298,6808,1220,87083,11137,3616,4058
2024-05-29 11:12:22,3818,13126,14158,17411,1288,374879,20969,6885,1141,87083,11137,3616,4058
2024-05-29 11:12:24,3818,13126,14158,17678,1288,374879,20640,7635,1141,82734,11137,3177,4058
2024-05-29 11:12:26,3818,13126,12592,17060,1288,374879,20311,7719,1164,82734,11137,3282,4058
2024-05-29 11:12:28,3818,12112,12999,17060,1288,374879,19983,7804,1164,82734,10551,3282,3796
2024-05-29 11:12:30,3818,12112,12999,17060,1229,374879,19654,7888,1164,82734,10551,3282,3796
2024-05-29 11:12:32,3503,12276,12999,17060,1229,374879,18979,7973,1164,82734,10551,3311,3855
2024-05-29 11:12:34,3503,12276,12999,17060,1234,374879,18656,8057,1164,78212,10167,3311,3855
2024-05-29 11:12:36,3503,12276,12999,17060,1234,341876,18333,8782,1032,75857,10644,3311,3855
2024-05-29 11:12:38,3503,12276,13091,16441,1234,354780,18009,8873,1068,79164,9724,3311,3855
2024-05-29 11:12:40,3587,12276,13091,16441,1234,354780,17686,8964,1068,79164,9724,3311,3855
2024-05-29 11:12:42,3587,10511,13091,16441,1234,354780,17363,9055,1068,79164,9724,3145,3341
2024-05-29 11:12:44,3587,10777,12209,16441,1151,354780,17040,9147,1089,72941,9724,3145,3364
2024-05-29 11:12:46,3587,11136,12209,16441,1151,332831,16717,9752,1089,72941,9876,3145,3472
2024-05-29 11:12:48,3101,11136,12209,16441,1151,332831,13515,9848,1089,72941,9876,3145,3583
2024-05-29 11:12:50,3220,11136,12209,16441,1164,332831,13515,9944,1089,74480,9876,3145,3583
2024-05-29 11:12:52,3220,11136,12500,15568,1164,332831,14591,10041,1089,74480,9876,3145,3583
2024-05-29 11:12:54,3220,11136,11373,16134,1164,321636,14291,10137,957,74480,9876,2842,3583
2024-05-29 11:12:56,3333,11136,11373,16134,1164,266847,13990,10233,1014,74480,9209,2842,3583
2024-05-29 11:12:58,3333,11136,11373,16134,1028,299249,13690,10329,1014,69409,9209,2842,3583
2024-05-29 11:13:00,3333,11412,11373,16134,1076,299249,13389,10426,1014,69409,9391,2842,3583
2024-05-29 11:13:02,3333,10662,11373,16134,1076,299249,13089,11255,1014,69409,9391,2842,3350
2024-05-29 11:13:04,3333,10662,11373,14178,1076,299249,12788,11358,1014,69409,9391,2842,3241
2024-05-29 11:13:06,3333,10662,11373,14686,1076,299249,12487,11461,1014,67100,8482,2842,3474
2024-05-29 11:13:08,2947,10662,9797,15179,1076,299249,10571,11564,1034,61473,8482,2842,3474
2024-05-29 11:13:10,3077,10662,9729,15179,1076,299249,10310,11667,1034,66784,8482,2713,3474
2024-05-29 11:13:12,3077,8734,10659,15179,1076,299249,10049,11770,968,66784,8692,2713,3229
2024-05-29 11:13:14,3077,9171,10659,15179,1076,273428,9788,11873,968,66784,8692,2713,3229
2024-05-29 11:13:16,3077,9496,10659,15179,1018,273428,9527,11976,968,66784,8692,2713,3229
2024-05-29 11:13:18,3077,9496,10659,15179,1018,273428,9266,12887,968,66784,8692,2713,3229
2024-05-29 11:13:20,3077,9496,10659,15179,1018,273428,9005,12997,968,60101,7850,2790,3229
2024-05-29 11:13:22,3077,9496,10659,15739,1018,273428,8744,13107,968,60101,7850,2471,3394
2024-05-29 11:13:24,3077,9496,9406,14940,1018,273428,7442,13217,879,62995,8184,2471,3145
2024-05-29 11:13:26,2902,9867,9471,14940,1018,273428,7216,13327,960,62995,8184,2471,3145
2024-05-29 11:13:28,2902,9867,9748,14940,917,273428,6990,13437,960,62995,8184,2471,3145
2024-05-29 11:13:30,2902,9867,9748,14940,917,223149,6764,13547,960,62995,8184,2556,3145
2024-05-29 11:13:32,2902,8938,9748,14940,917,247488,6537,14345,960,54779,8184,2556,3145
2024-05-29 11:13:34,2902,8938,9748,14033,883,247488,2209,14461,904,54779,6673,2556,3145
2024-05-29 11:13:36,2902,8938,10139,14033,965,247488,2595,14576,904,54779,6888,2274,2678
2024-05-29 11:13:38,3027,8938,10139,13561,965,247488,2497,14691,937,54779,6888,2274,2769
2024-05-29 11:13:40,3027,8938,10139,14792,965,247488,2399,14807,937,54779,7336,2274,2968
2024-05-29 11:13:42,3027,9601,8790,14792,965,247488,2302,14922,937,52856,7336,2274,2968
2024-05-29 11:13:44,2810,9601,8851,14792,887,260409,2204,15038,880,59379,7336,2274,2968
2024-05-29 11:13:46,2810,8843,9144,14237,887,235391,2106,15153,880,59379,7336,2203,2968
2024-05-29 11:13:48,2942,8904,9144,14237,920,235391,2009,16122,880,56699,7336,2188,2968
2024-05-29 11:13:50,2942,9187,9610,14237,920,235391,1911,16244,914,56699,7336,2412,2968
2024-05-29 11:13:52,2942,9187,9610,14237,920,235391,1079,16366,914,56699,7236,2412,2968
2024-05-29 11:13:54,2942,9579,9610,14900,920,235391,1021,16488,914,56699,7720,2412,3071
2024-05-29 11:13:56,2942,9579,9610,14900,926,235391,963,16610,914,56699,7961,2412,3258
2024-05-29 11:13:58,3121,9579,9610,15754,956,264279,905,16732,914,56699,7961,2412,3258
2024-05-29 11:14:00,3121,9579,9610,15754,956,264279,847,17599,914,56699,7961,2475,3258
2024-05-29 11:14:02,3121,9579,10023,15754,978,264279,788,17726,947,56618,7961,2553,3258
2024-05-29 11:14:04,3016,9579,10589,15754,978,264279,730,17853,983,65300,7961,2553,3258
2024-05-29 11:14:06,3339,10054,10589,16141,978,264279,672,17981,983,65300,7961,2734,3258
2024-05-29 11:14:08,3339,9760,10589,16141,978,264279,,18108,983,65300,7961,2734,3497
2024-05-29 11:14:10,3339,10653,10589,16141,978,278444,,18235,983,65300,7705,2734,3615
2024-05-29 11:14:12,3339,10653,10589,16141,978,278444,,18932,983,65300,8062,2734,3615
2024-05-29 11:14:14,3520,10653,11203,17011,992,278444,,19063,1004,65300,9037,2734,3615
2024-05-29 11:14:16,3520,10653,11690,17011,1072,290877,,19194,1011,65300,9037,2734,3615
2024-05-29 11:14:18,3687,10653,11690,17011,1072,290877,,19325,1044,65300,9037,2873,3615
2024-05-29 11:14:20,3687,11291,11690,17011,1072,290877,,19457,1044,63120,9037,2873,3615
2024-05-29 11:14:22,3687,11291,11690,17638,1072,290877,,20269,1091,74701,9037,3039,3615
2024-05-29 11:14:24,3687,10964,11690,17638,1072,290877,,20417,1091,74701,9349,3039,3830
2024-05-29 11:14:26,3687,11927,11690,17638,1072,281057,,20561,1091,74701,9715,3039,4052
2024-05-29 11:14:28,3687,11927,11690,17638,1072,326499,,20705,1091,74701,9715,3039,4052
2024-05-29 11:14:30,3913,11927,11911,18682,1072,326499,,20850,1091,74701,9715,3039,4052
2024-05-29 11:14:32,3913,11927,11829,18682,1037,326499,,20994,1091,74701,9715,3132,4052
2024-05-29 11:14:34,4088,11927,12969,18682,1161,326499,,21138,1117,74701,9998,3245,4052
2024-05-29 11:14:36,4088,12847,12969,19080,1161,326499,,21282,1162,77462,9998,3245,4173
2024-05-29 11:14:38,4088,12847,12969,19080,1161,326499,,20741,1201,77462,10477,3394,4173
2024-05-29 11:14:40,4088,12847,12969,19080,1161,326499,,20741,1201,81262,10477,3394,4173
2024-05-29 11:14:42,4088,12847,12969,19080,1161,343168,,22733,1201,81262,10477,3394,4173
2024-05-29 11:14:44,4088,12847,13488,19080,1197,357641,,22892,1201,81262,10477,3394,4357
2024-05-29 11:14:46,4244,12847,13488,20179,1197,357641,,23052,1201,81262,10477,3394,4357
2024-05-29 11:14:48,4244,13236,13107,20179,1197,357641,,23212,1201,81262,10477,3394,4357
2024-05-29 11:14:50,4244,13757,13018,20580,1242,357641,,23371,1201,84101,10477,3470,4357
2024-05-29 11:14:52,4463,13757,14381,20580,1242,357641,,23531,1257,84101,11181,3705,4542
2024-05-29 11:14:54,4463,13757,14683,20580,1242,367377,,23691,1280,88281,11576,3705,4542
2024-05-29 11:14:56,4463,13757,14785,20580,1242,374700,,23850,1327,88281,11576,3705,4619
2024-05-29 11:14:58,4560,13757,15290,20580,1242,377303,,24899,1327,88281,11576,3705,4651
2024-05-29 11:15:00,4720,13757,15290,20580,1242,390407,,24899,1327,90527,11576,3705,4810
2024-05-29 11:15:02,4720,14464,15690,21347,1284,390407,,25164,1327,90527,11867,3705,4810
2024-05-29 11:15:04,4720,14014,15690,21347,1288,390407,,25479,1327,90527,11867,3705,4810
2024-05-29 11:15:06,4720,14982,15690,20670,1335,390407,,25653,1327,90527,11867,3705,4932
2024-05-29 11:15:08,4720,14982,15690,21640,1335,390407,,25827,1368,90527,11867,3993,4932
2024-05-29 11:15:10,4548,14982,15690,21640,1335,377515,,26001,1368,95410,12038,3993,4932
2024-05-29 11:15:12,4900,14982,15690,21640,1335,408756,,26078,1368,95410,12447,3993,4932
2024-05-29 11:15:14,4900,14982,16207,21640,1335,408756,,25193,1398,98323,12447,3993,4932
2024-05-29 11:15:16,4967,14982,16503,22336,1359,420736,,27216,1398,98323,12447,3993,4990
2024-05-29 11:15:18,5151,15533,16503,22336,1359,420736,,27216,1398,98323,12058,4076,5239
2024-05-29 11:15:20,5151,15533,16503,22336,1359,420736,,27286,1415,98323,11975,4076,5239
2024-05-29 11:15:22,5151,15942,16503,22620,1402,420736,,27476,1415,98323,12921,4198,5239
2024-05-29 11:15:24,5279,15942,16503,22620,1402,420736,,28407,1468,98323,12921,4198,5239
2024-05-29 11:15:26,5279,15942,17117,22620,1402,424839,,28455,1468,100370,12921,4198,5239
2024-05-29 11:15:28,5279,15942,17117,23350,1402,427789,,28455,1468,104577,13384,4198,5239
2024-05-29 11:15:30,5279,15942,17117,23350,1402,455792,,28455,1468,104577,13384,4198,5323
2024-05-29 11:15:32,5279,16017,16574,23350,1354,455792,,29236,1492,104577,13384,4198,5323
2024-05-29 11:15:34,5279,16128,17621,23350,1441,455792,,29236,1492,104577,13384,4180,5484
2024-05-29 11:15:36,5333,16666,17621,23350,1441,455792,,29236,1492,106804,13741,4457,5484
2024-05-29 11:15:38,5660,16145,17621,23630,1486,455792,,29236,1538,106804,13741,4457,5484
2024-05-29 11:15:40,5660,17238,18165,23630,1486,467183,,29917,1538,106804,13741,4457,5484
2024-05-29 11:15:42,5660,17238,18165,23630,1486,467183,,29917,1538,106804,13741,4457,5606
2024-05-29 11:15:44,5660,17238,18165,24089,1486,467183,,30684,1538,110476,14209,4457,5606
2024-05-29 11:15:46,5660,17238,18165,24089,1486,482659,,30684,1538,110476,14515,4570,5781
2024-05-29 11:15:48,5660,17238,18165,24089,1486,482659,,30684,1582,110476,14515,4570,5781
2024-05-29 11:15:50,5660,17238,17560,24089,1439,482659,,30684,1582,110476,14515,4704,5781
2024-05-29 11:15:52,5788,17849,17885,24089,1521,482659,,31394,1620,113474,14515,4704,5781
2024-05-29 11:15:54,5928,17849,19265,23361,1563,482659,,31394,1620,113474,14515,4704,5896
2024-05-29 11:15:56,5928,17323,19265,24170,1563,498584,,31394,1620,113474,14515,4840,5896
2024-05-29 11:15:58,5928,18330,19265,25048,1563,498584,,31394,1620,113474,14860,4840,5896
2024-05-29 11:16:00,5928,18330,19265,25048,1563,516884,,32173,1620,117674,14860,4840,6011
2024-05-29 11:16:02,5928,18330,19756,25048,1563,516884,,33177,1620,117674,14381,4923,6011
2024-05-29 11:16:04,6101,18330,19756,25048,1590,516884,,33177,1566,117674,14282,4923,6011
2024-05-29 11:16:06,6101,18330,19756,25048,1590,516884,,33177,1613,117674,15308,4923,6011
2024-05-29 11:16:08,6101,18918,20236,25235,1590,516884,,33177,1721,120440,15732,4923,6108
2024-05-29 11:16:10,5889,18918,20236,25235,1622,527473,,33177,1721,120440,15732,5076,6096
2024-05-29 11:16:12,6258,18918,20236,25235,1622,527473,,33764,1721,120440,15732,5076,6301
2024-05-29 11:16:14,6258,19327,20790,24837,1622,527473,,33764,1721,120440,15732,5076,6301
2024-05-29 11:16:16,6258,19327,20790,25735,1643,529206,,33764,1721,122989,15732,5180,6301
2024-05-29 11:16:18,6448,19327,20790,25735,1643,545169,,34749,1737,122989,15732,5180,6374
2024-05-29 11:16:20,6448,19327,20790,25907,1643,545169,,34749,1737,122989,15998,5180,6374
2024-05-29 11:16:22,6448,19327,21124,25907,1669,545169,,35234,1776,122989,15958,5180,6374
2024-05-29 11:16:24,6517,19671,21124,25907,1669,545169,,35234,1776,119240,16490,5175,6374
2024-05-29 11:16:26,6517,19671,21124,25907,1687,527193,,35234,1776,125613,16490,5357,6374
2024-05-29 11:16:28,6517,19671,21222,25907,1687,558821,,35234,1776,128725,16490,5439,6364
2024-05-29 11:16:30,6517,19023,21877,25907,1687,558821,,35234,1776,128725,16490,5439,6464
2024-05-29 11:16:32,6517,18892,21877,26238,1687,558821,,35234,1797,128725,16490,5439,6661
2024-05-29 11:16:34,6675,20630,21877,26238,1735,570939,,36570,1797,128725,16490,5439,6661
2024-05-29 11:16:36,6675,20630,21877,25469,1735,570939,,36570,1797,128725,16827,5439,6661
2024-05-29 11:16:38,6675,20630,21113,26500,1735,570939,,36570,1787,128725,16827,5439,6661
2024-05-29 11:16:40,6465,20630,22306,26500,1735,580303,,36570,1853,131012,16737,5521,6661
2024-05-29 11:16:42,6824,20630,22306,26500,1759,580303,,36570,1866,133610,16853,5495,6661
2024-05-29 11:16:44,6824,20630,22306,26728,1759,580303,,37169,1866,133610,17396,5533,6466
2024-05-29 11:16:46,6824,20630,22789,26728,1759,590778,,37169,1866,133610,17396,5700,6374
2024-05-29 11:16:48,6824,20630,22789,26833,1738,590778,,37169,1866,133610,17396,5700,6955
2024-05-29 11:16:50,7040,21563,22789,26833,1794,590778,,36887,1866,133610,17396,5700,6955
2024-05-29 11:16:52,7040,21563,22789,26833,1794,590778,,37142,1866,133610,17696,5700,6955
2024-05-29 11:16:54,7040,21563,22789,26833,1794,590778,,38265,1866,136843,17696,5538,6955
2024-05-29 11:16:56,7124,21563,23246,27256,1794,613480,,38265,1899,138945,17696,5500,6955
2024-05-29 11:16:58,7124,21563,23246,27256,1735,613480,,38265,1934,138945,17696,5822,6955
2024-05-29 11:17:00,7124,21563,23587,27256,1836,613480,,36980,1934,138945,18158,5754,6955
2024-05-29 11:17:02,7124,21563,23587,27395,1836,613480,,39182,1934,138945,18158,5794,6955
2024-05-29 11:17:04,7124,21952,23587,27395,1836,613480,,39182,1934,138945,18158,5991,6878
2024-05-29 11:17:06,7124,21952,23587,27395,1868,627037,,39182,1934,138945,18158,5991,7237
2024-05-29 11:17:08,7262,21144,23587,27395,1868,634418,,39905,1893,141494,18438,5991,7237
2024-05-29 11:17:10,7262,22412,24270,27395,1868,634418,,39905,1906,143780,18438,5991,7237
2024-05-29 11:17:12,7359,22412,24270,27583,1868,634418,,39905,1987,143780,18438,5991,7237
2024-05-29 11:17:14,7359,22412,24270,27583,1868,634418,,39905,1987,143780,18438,5796,7237
2024-05-29 11:17:16,7359,22814,24270,27741,1811,634418,,39905,1987,143780,18176,5756,7237
2024-05-29 11:17:18,7359,22814,24270,27741,1899,634418,,38552,1987,143780,18513,6118,7237
2024-05-29 11:17:20,7359,22814,24270,27741,1899,637380,,40649,1987,146692,19117,6199,7334
2024-05-29 11:17:22,7273,22814,24828,27741,1923,657288,,40649,1987,146692,19117,6199,7093
2024-05-29 11:17:24,7535,22814,25134,27942,1923,657288,,41250,1987,146692,19117,6199,7044
2024-05-29 11:17:26,7535,22095,25134,27942,1923,657288,,41250,1957,146692,19117,6199,7430
2024-05-29 11:17:28,7535,21943,25134,27942,1923,657288,,41250,2038,141608,19117,6199,7430
2024-05-29 11:17:30,7263,23243,25134,27942,1923,657288,,41250,2038,149153,19117,6199,7430
2024-05-29 11:17:32,7628,23557,25134,27057,1923,657288,,41827,2038,149153,19117,6289,7536
2024-05-29 11:17:34,7628,23557,25134,28153,1979,666308,,41827,2038,149153,18532,6083,7536
2024-05-29 11:17:36,7628,23557,25134,28153,1979,666308,,42317,2038,149153,18632,6041,7536
2024-05-29 11:17:38,7628,23557,25488,28336,1979,656649,,42317,2038,150952,19601,6401,7572
2024-05-29 11:17:40,7739,23557,25785,28336,1979,661197,,42317,2038,150952,19601,6401,7572
2024-05-29 11:17:42,7797,23557,25785,28336,1979,682174,,42317,2055,150952,19601,6494,7572
2024-05-29 11:17:44,7797,23972,25785,28336,1979,682174,,42317,2075,150952,19601,6494,7572
2024-05-29 11:17:46,7797,23166,25785,28336,2000,689779,,43651,2075,150952,19883,6494,7572
2024-05-29 11:17:48,7797,24302,25785,28336,2000,689779,,43651,2075,152746,19883,6562,7515
2024-05-29 11:17:50,7797,24302,25785,27356,2022,689779,,43651,2075,150615,19883,6562,7770
2024-05-29 11:17:52,7797,24302,25318,28584,2022,689779,,43651,2075,156133,20112,6562,7770
2024-05-29 11:17:54,7797,24302,25493,28740,2022,689779,,43651,2075,156133,20112,6675,7770
2024-05-29 11:17:56,7928,24302,26784,28740,2022,689779,,43651,2126,156133,20112,6675,7770
2024-05-29 11:17:58,7928,24302,26784,28740,2022,703277,,43651,2126,156133,20112,6675,7770
2024-05-29 11:18:00,7985,24655,26784,28740,2089,711954,,44268,2126,156133,20372,6675,7770
2024-05-29 11:18:02,7985,24906,26784,28740,2089,711954,,45054,2126,157951,20372,6675,7844
2024-05-29 11:18:04,7985,24906,26784,28740,2089,711954,,45054,2126,157951,20575,6750,7844
2024-05-29 11:18:06,7985,24906,26784,29062,2089,711954,,45054,2126,157951,20575,6750,7712
2024-05-29 11:18:08,7985,24906,26784,29062,2089,711954,,45054,2079,157951,20575,6750,7946
2024-05-29 11:18:10,8093,24906,26784,29062,2089,711954,,45054,2174,160352,20575,6828,7946
2024-05-29 11:18:12,8093,24906,27017,29062,2089,711954,,45054,2174,160352,20847,6828,7946
2024-05-29 11:18:14,8093,25194,27274,29062,2089,702220,,45054,2174,160352,20847,6828,7974
2024-05-29 11:18:16,8138,25343,27274,29062,1964,735429,,45730,2174,160352,20847,6828,7974
2024-05-29 11:18:18,8138,25343,27274,29062,1964,735429,,46387,2174,160352,21043,6828,7974
2024-05-29 11:18:20,8138,25343,27274,29062,2148,735429,,46387,2174,154373,21043,6667,7974
2024-05-29 11:18:22,8138,25343,27274,29433,2148,735429,,46387,2174,162529,21043,6948,7817
2024-05-29 11:18:24,8138,25343,27629,29433,2148,735429,,46387,2174,158728,21327,6948,7871
2024-05-29 11:18:26,8205,25600,27629,29433,2148,735429,,46387,2209,159831,21327,6948,8100
2024-05-29 11:18:28,8205,25760,27629,29433,2148,743170,,46870,2209,165362,21327,6948,8100
2024-05-29 11:18:30,8205,25760,26681,29433,2156,743170,,46870,2209,165362,21327,6786,8135
2024-05-29 11:18:32,8205,25760,27771,29433,2156,749150,,47617,2209,165362,21327,7044,8135
2024-05-29 11:18:34,7923,25760,27771,29433,2156,749150,,47617,2209,165362,20681,7044,8135
2024-05-29 11:18:36,8249,25760,28176,29578,2177,749150,,47617,2209,165362,20539,7102,8135
2024-05-29 11:18:38,8306,25760,28176,29578,2177,749150,,47617,2234,166968,21582,7102,8135
2024-05-29 11:18:40,8306,25760,28176,29721,2177,749150,,47617,2237,166968,21847,7102,8016
2024-05-29 11:18:42,8306,26015,28176,29721,2177,749150,,47617,2237,166968,21847,7102,8252
2024-05-29 11:18:44,8306,26015,28176,29721,2177,736408,,46192,2237,163573,21847,7102,8252
2024-05-29 11:18:46,8306,25156,28176,29721,2109,731340,,48288,2237,169514,21847,7102,8252
2024-05-29 11:18:48,8410,26241,28176,29721,2229,771296,,48851,2237,170618,21847,7102,8252
2024-05-29 11:18:50,8410,26241,27591,29721,2229,771296,,48851,2265,170618,22006,7203,8252
2024-05-29 11:18:52,8451,26241,28798,28765,2229,771296,,48851,2265,170618,22006,6972,8252
2024-05-29 11:18:54,8451,26551,28798,28719,2229,771296,,48851,2265,170618,21452,6924,8252
2024-05-29 11:18:56,8451,26551,28798,30105,2229,771296,,48851,2272,170618,21601,7245,8329
2024-05-29 11:18:58,8451,26572,28798,30105,2229,778415,,48851,2272,171204,22318,7245,8329
2024-05-29 11:19:00,8451,26572,28798,30105,2229,783223,,49408,2272,171204,22318,7245,8329
2024-05-29 11:19:02,8451,26572,28798,30105,2249,783223,,47817,2272,171204,22318,7245,8329
2024-05-29 11:19:04,8440,26572,28984,30105,2177,783223,,49945,2223,167388,22318,7245,8329
2024-05-29 11:19:06,8495,26572,29051,30248,2162,783223,,49945,2303,173341,21576,7346,8329
2024-05-29 11:19:08,8495,26572,29051,30389,2265,783223,,49945,2303,173341,22444,7346,8130
2024-05-29 11:19:10,8495,26842,29051,30389,2265,769428,,49945,2308,173341,22444,7346,8152
2024-05-29 11:19:12,8495,26842,29051,30389,2265,793495,,50407,2308,173341,22444,7346,8096
2024-05-29 11:19:14,8495,26842,29051,30389,2265,793495,,50407,2308,174317,22592,7346,8390
2024-05-29 11:19:16,8495,26866,29440,30389,2221,769643,,50407,2308,174317,22592,7346,8390
2024-05-29 11:19:18,8595,26866,29443,30389,2296,764353,,50407,2308,174317,22592,7346,8390
2024-05-29 11:19:20,8595,26866,29443,30389,2296,799724,,50880,2308,174317,22592,7346,8390
2024-05-29 11:19:22,8595,26866,29443,30570,2296,799724,,49895,2313,176029,22592,7433,8390
2024-05-29 11:19:24,8595,26866,29443,29630,2305,799724,,50241,2313,176029,22796,7169,8450
2024-05-29 11:19:26,8595,27077,29443,29427,2305,799724,,51836,2313,176029,22895,7474,8450
2024-05-29 11:19:28,8595,27077,29443,30776,2305,810923,,51836,2313,176029,22895,7474,8422
2024-05-29 11:19:30,8595,27183,29443,30776,2305,810923,,51836,2313,176029,22895,7474,8422
2024-05-29 11:19:32,8595,27183,29443,30776,2305,810923,,51836,2313,177456,22895,7474,8422
2024-05-29 11:19:34,8368,27183,29537,30776,2310,817951,,51836,2313,177456,23139,7474,8422
2024-05-29 11:19:36,8644,27363,28471,30890,2310,817951,,50218,2318,179087,23139,7474,8216
2024-05-29 11:19:38,8644,27363,29572,30890,2310,817951,,52288,2328,179087,23226,7595,8450
2024-05-29 11:19:40,8644,27363,29572,30890,2326,817951,,52288,2328,179087,23226,7595,8450
2024-05-29 11:19:42,8644,27363,29572,30890,2326,817951,,52897,2328,179087,23226,7595,8450
2024-05-29 11:19:44,8644,27363,29572,31114,2346,825048,,52897,2328,179917,23226,7595,8186
2024-05-29 11:19:46,8644,27363,29572,31114,2346,825048,,52897,2328,179917,23226,7595,8463
2024-05-29 11:19:48,8644,26684,29572,31114,2346,825048,,52897,2328,179917,23226,7595,8463
2024-05-29 11:19:50,8371,27768,29572,31403,2346,800099,,52897,2328,181041,23226,7644,8463
2024-05-29 11:19:52,8434,27768,29703,31403,2346,794598,,52897,2274,181041,23370,7730,8505
2024-05-29 11:19:54,8734,27768,29711,31403,2346,814214,,51283,2258,181041,23370,7730,8505
2024-05-29 11:19:56,8734,27768,29711,31403,2348,843967,,50930,2242,181041,23510,7730,8505
2024-05-29 11:19:58,8734,27768,29711,31566,2348,843967,,52182,2336,181041,23510,7730,8505
2024-05-29 11:20:00,8734,27768,29711,31566,2348,843967,,54048,2336,183609,23510,7730,8469
2024-05-29 11:20:02,8734,27768,30093,31566,2374,843967,,54048,2336,183609,22914,7730,8469
2024-05-29 11:20:04,8734,27768,30093,31566,2374,843967,,54048,2336,183609,23771,7730,8469
2024-05-29 11:20:06,8699,28086,30093,31566,2374,843967,,54048,2336,183609,23771,7748,8526
2024-05-29 11:20:08,8699,28068,30138,31744,2374,843967,,54271,2358,183609,23844,7796,8526
2024-05-29 11:20:10,8699,28068,30138,31837,2374,849031,,54271,2358,183609,23844,7796,8526
2024-05-29 11:20:12,8720,28068,30138,31837,2383,858823,,54271,2358,184408,23844,7796,8526
2024-05-29 11:20:14,8720,28068,30138,31837,2383,858823,,54271,2274,185720,23844,7796,8540
2024-05-29 11:20:16,8720,28068,30421,31837,2333,858823,,54792,2360,185720,23844,7796,8540
2024-05-29 11:20:18,8720,28068,30421,31837,2408,858823,,54792,2360,185720,23844,7862,8602
2024-05-29 11:20:20,8720,28068,30421,31837,2408,858823,,54792,2375,185720,23844,7885,8602
2024-05-29 11:20:22,8691,28238,30421,32063,2419,862151,,54792,2375,185720,23984,7885,8602
2024-05-29 11:20:24,8702,28350,30421,32063,2419,862151,,54792,2375,185720,23190,7885,8602
2024-05-29 11:20:26,8702,28350,29404,31014,2419,862151,,52837,2374,186467,24115,7885,8602
2024-05-29 11:20:28,8702,28350,30531,32209,2419,862151,,55107,2374,187395,24115,7885,8584
2024-05-29 11:20:30,8702,28350,30531,32209,2419,866088,,55107,2374,187395,24115,7885,8579
2024-05-29 11:20:32,8679,28350,30531,32209,2419,866088,,55474,2374,187395,24115,7887,8579
2024-05-29 11:20:34,8679,28350,29648,32209,2442,866088,,55474,2374,187395,24115,7887,8579
2024-05-29 11:20:36,8679,28350,30689,32209,2442,866088,,55474,2374,188301,24187,7918,8579
2024-05-29 11:20:38,8701,28351,30689,31386,2442,839385,,55474,2374,188794,24187,7918,8579
2024-05-29 11:20:40,8701,28497,30689,32468,2442,838850,,55474,2374,188794,24286,7918,8579
2024-05-29 11:20:42,8701,28497,30752,32468,2442,877819,,55474,2384,188794,24286,7918,8564
2024-05-29 11:20:44,8701,28497,30752,31420,2442,877819,,55996,2384,188794,24286,7918,8564
2024-05-29 11:20:46,8701,28497,30752,32599,2442,877819,,55996,2384,188794,23565,7932,8564
2024-05-29 11:20:48,8666,28497,30752,32599,2442,877819,,55996,2301,188794,23729,7932,8564
2024-05-29 11:20:50,8666,28559,30752,32599,2368,877819,,55996,2317,188794,24481,7974,8564
2024-05-29 11:20:52,8362,28559,30752,32599,2367,877819,,55996,2390,191169,24481,7974,8564
2024-05-29 11:20:54,8670,28559,30806,32599,2464,877819,,56069,2390,191169,24567,7974,8584
2024-05-29 11:20:56,8670,28559,30806,32712,2464,884568,,56069,2390,191169,24567,7974,8563
2024-05-29 11:20:58,8670,28673,30806,32712,2464,854020,,56069,2394,191169,24567,7978,8563
2024-05-29 11:21:00,8670,28673,30806,32712,2464,889615,,56553,2394,191169,24567,7978,8563
2024-05-29 11:21:02,8670,28673,30806,31651,2464,889615,,56553,2394,191169,24567,8010,8563
2024-05-29 11:21:04,8386,28673,30711,32883,2475,889615,,56553,2394,191169,24567,8010,8563
2024-05-29 11:21:06,8628,28673,30711,32883,2489,889615,,56658,2394,191422,24727,8010,8563
2024-05-29 11:21:08,8628,28741,30842,33034,2489,889615,,56658,2403,186774,24727,8010,8572
2024-05-29 11:21:10,8628,28741,30842,33034,2489,871336,,56658,2407,192881,24686,8012,8572
2024-05-29 11:21:12,8655,28741,30842,33034,2489,901045,,56948,2407,192881,24686,8012,8311
2024-05-29 11:21:14,8655,27980,30842,33034,2489,901045,,56948,2407,192881,24686,8012,8254
2024-05-29 11:21:16,8655,28959,30842,33034,2501,901045,,56948,2407,192881,24686,8056,8568
2024-05-29 11:21:18,8655,28959,31019,33034,2513,901045,,56948,2414,192881,24686,8056,8589
2024-05-29 11:21:20,8655,28959,31019,33299,2513,901045,,57158,2414,192881,24829,8056,8589
2024-05-29 11:21:22,8384,28939,31161,33299,2513,901045,,57458,2417,192881,24829,8056,8589
2024-05-29 11:21:24,8566,28939,31161,33299,2513,901045,,57458,2417,193276,24846,8056,8589
2024-05-29 11:21:26,8566,28939,31161,33299,2534,901045,,57458,2417,193917,24846,7812,8589
2024-05-29 11:21:28,8566,28939,31161,33299,2534,907581,,57458,2417,193917,24846,7776,8589
2024-05-29 11:21:30,8566,28939,31161,33299,2530,907581,,57458,2417,193917,24846,8044,8292
2024-05-29 11:21:32,8566,28939,31161,33299,2530,907581,,57458,2424,193917,24846,8044,8308
2024-05-29 11:21:34,8566,28961,31161,33299,2530,907581,,57616,2424,193917,24846,8044,8251
2024-05-29 11:21:36,8566,28961,31043,33299,2530,907581,,57616,2424,193917,24924,8044,8539
2024-05-29 11:21:38,8527,28961,31043,32258,2530,907581,,55514,2348,193917,24924,8044,8539
2024-05-29 11:21:40,8527,27928,31041,33568,2530,915202,,57759,2419,189008,24063,7812,8539
2024-05-29 11:21:42,8516,28935,31041,33568,2457,915202,,57759,2415,195521,24930,8066,8539
2024-05-29 11:21:44,8516,28935,31041,33568,2542,915202,,58043,2415,195521,24930,8066,8539
2024-05-29 11:21:46,8516,28935,31041,33568,2542,882081,,58043,2415,195521,24930,8066,8539
2024-05-29 11:21:48,8516,28935,31041,33761,2542,916388,,58043,2415,195521,24930,8066,8217
2024-05-29 11:21:50,8516,27896,31041,33761,2542,916388,,58153,2415,195521,24930,8066,8484
2024-05-29 11:21:52,8481,28940,31165,33761,2542,916388,,58153,2415,195521,25033,8063,8190
2024-05-29 11:21:54,8481,28940,31165,33820,2542,916388,,58153,2428,195870,25033,8063,8133
2024-05-29 11:21:56,8452,28940,31171,33820,2550,920587,,58153,2428,196417,25033,8063,8444
2024-05-29 11:21:58,8452,28940,31171,33820,2550,920587,,58153,2425,196417,25033,7759,8444
2024-05-29 11:22:00,8452,27904,31171,33820,2481,920587,,58153,2425,196417,25100,7813,8444
2024-05-29 11:22:02,8452,28934,31171,33960,2560,920587,,56763,2425,196417,25100,8074,8444
2024-05-29 11:22:04,8405,28934,31171,33960,2560,889142,,58534,2425,196417,25100,8074,8444
2024-05-29 11:22:06,8405,28934,31171,33963,2560,922540,,58534,2425,196417,25100,8074,8108
2024-05-29 11:22:08,8405,28934,30164,33963,2558,925752,,58726,2425,196417,25123,7819,8164
2024-05-29 11:22:10,8405,27935,31142,33963,2558,925752,,58726,2351,189378,25123,7765,8421
2024-05-29 11:22:12,8038,28897,31142,33963,2558,925752,,58726,2437,190696,25153,8046,8406
2024-05-29 11:22:14,8093,28897,31142,33963,2558,925752,,58726,2437,197604,25153,8046,8406
2024-05-29 11:22:16,8369,28897,31142,34114,2558,925752,,58726,2437,197604,25153,8046,8406
2024-05-29 11:22:18,8369,28897,31142,34114,2569,925752,,58726,2437,197604,24290,7747,8406
2024-05-29 11:22:20,8369,27789,31148,34114,2569,931284,,58894,2437,197604,24459,7800,8406
2024-05-29 11:22:22,8262,28902,31148,34114,2569,931284,,58894,2437,197604,25306,8050,8406
2024-05-29 11:22:24,8262,28902,31170,32838,2583,931284,,56991,2437,197604,25306,8043,8406
2024-05-29 11:22:26,8262,28902,31170,34122,2583,931284,,59023,2437,191662,25306,8043,8360
2024-05-29 11:22:28,8262,28902,31170,34122,2583,931284,,59023,2445,197906,25280,8043,8360
2024-05-29 11:22:30,8262,28900,31170,34122,2583,931284,,59023,2445,192748,25280,8043,8360
2024-05-29 11:22:32,8222,28900,31170,34122,2583,931284,,59286,2445,198787,25280,8043,8360
2024-05-29 11:22:34,8222,28936,31170,34245,2585,934161,,59286,2445,198787,25280,8043,8360
2024-05-29 11:22:36,8222,28936,31131,34245,2580,934161,,59286,2445,198787,25280,8043,8360
2024-05-29 11:22:38,8222,28936,31131,34245,2580,934161,,59286,2445,198787,25305,8034,8338
2024-05-29 11:22:40,8177,28936,30909,34245,2580,934161,,59286,2428,198787,25305,7780,8338
2024-05-29 11:22:42,7867,28936,30909,34324,2580,934161,,57359,2415,198787,25354,7726,8077
2024-05-29 11:22:44,8134,28936,30909,34324,2580,934161,,59303,2415,199062,25354,8029,8306
2024-05-29 11:22:46,8134,28936,30909,34324,2570,936899,,59449,2415,199062,25354,8029,8306
2024-05-29 11:22:48,8134,28813,30909,34324,2572,936899,,59449,2415,199399,25354,8021,8253
2024-05-29 11:22:50,8134,28813,30909,34324,2572,939068,,59449,2415,199399,25354,8021,8253
2024-05-29 11:22:52,8134,28813,30738,34405,2572,939068,,59449,2415,199399,25342,8021,8253
2024-05-29 11:22:54,8134,28813,30738,34405,2572,939068,,59527,2415,199399,25342,8021,8253
2024-05-29 11:22:56,8134,28813,30687,34405,2572,939068,,59527,2328,199399,25320,8007,8253
2024-05-29 11:22:58,7852,28813,30687,34430,2572,939068,,59527,2312,199807,25320,8007,8253
2024-05-29 11:23:00,8058,28813,30687,34430,2484,941713,,59641,2385,199807,25320,8007,8253
2024-05-29 11:23:02,8058,28797,30687,34430,2425,941713,,59641,2385,192998,25320,8007,8163
2024-05-29 11:23:04,8058,28797,30687,34430,2486,942424,,59641,2385,194332,25355,7767,8163
2024-05-29 11:23:06,8058,28797,30687,34512,2468,942424,,59641,2385,200173,25355,8025,8163
2024-05-29 11:23:08,8058,28797,30687,34512,2573,942424,,59641,2385,200173,25355,8012,8163
2024-05-29 11:23:10,8058,28797,30649,34512,2573,942424,,59763,2387,199993,25355,8012,8163
2024-05-29 11:23:12,8058,28797,30649,34538,2573,942424,,59763,2387,199993,24512,8012,8163
2024-05-29 11:23:14,8058,28797,29710,34538,2573,942424,,59763,2387,199993,25285,8012,8129
2024-05-29 11:23:16,7611,28771,30710,34538,2573,943465,,59838,2387,199993,25285,8012,8129
2024-05-29 11:23:18,7664,28693,30710,34538,2573,943465,,59838,2387,199993,24318,8012,8129
2024-05-29 11:23:20,7930,28693,30710,34538,2582,943134,,59838,2387,199993,24486,8012,8129
2024-05-29 11:23:22,7930,28693,30710,34624,2582,943134,,59838,2387,200422,25291,7976,8129
2024-05-29 11:23:24,7930,28693,30710,34624,2583,943134,,59939,2387,194520,25254,7976,8129
2024-05-29 11:23:26,7930,28693,30710,34624,2583,943134,,59939,2392,200155,25254,7976,8129
2024-05-29 11:23:28,7930,27561,30639,34693,2583,908756,,58101,2392,200155,25254,7976,8103
2024-05-29 11:23:30,7870,28637,30639,34693,2504,944742,,59977,2392,200155,25254,7976,8081
2024-05-29 11:23:32,7870,28637,29494,34693,2586,943698,,59977,2392,200155,25254,7976,8081
2024-05-29 11:23:34,7870,28637,30578,34693,2576,943698,,59977,2392,200155,25254,7976,8081
2024-05-29 11:23:36,7797,27598,30578,33588,2576,943698,,59968,2392,200155,25254,7435,8081
2024-05-29 11:23:38,7797,28520,30578,34782,2576,943698,,59968,2392,200199,25226,7435,8081
2024-05-29 11:23:40,7797,28520,30578,34782,2576,943698,,59968,2382,200199,24454,7940,8015
2024-05-29 11:23:42,7797,28520,30516,34782,2576,943698,,59968,2382,200114,25165,7940,8015
2024-05-29 11:23:44,7797,28520,30516,34782,2576,943698,,59968,2382,200114,25165,7940,8015
2024-05-29 11:23:46,7741,28520,30516,34726,2576,944483,,60065,2382,200114,25165,7940,8015
2024-05-29 11:23:48,7741,28570,30516,34726,2484,946754,,60065,2382,200574,25165,7940,8015
2024-05-29 11:23:50,7741,28570,30516,34726,2495,946754,,60150,2382,200574,24400,7940,8015
2024-05-29 11:23:52,7723,28492,30531,34726,2577,946754,,60150,2382,200574,25223,7940,8015
2024-05-29 11:23:54,7723,28492,30454,34726,2577,946754,,60150,2381,200574,25223,7713,7989
2024-05-29 11:23:56,7723,28492,30454,34789,2577,946754,,60150,2381,200574,25223,7658,7683
2024-05-29 11:23:58,7723,28574,30454,34789,2577,946754,,60150,2381,201293,24452,7912,7953
2024-05-29 11:24:00,7723,28574,30454,34789,2583,915969,,60150,2381,201293,24284,7912,7953
2024-05-29 11:24:02,7723,28574,30454,33650,2583,951903,,60150,2381,201293,25304,7912,7953
2024-05-29 11:24:04,7579,28570,30430,34680,2583,951903,,60236,2381,201293,25304,7912,7953
2024-05-29 11:24:06,7579,28570,30468,34680,2583,951903,,58397,2381,201293,25304,7598,7953
2024-05-29 11:24:08,7579,28570,30468,33570,2518,951903,,60291,2381,201293,24559,7651,7953
2024-05-29 11:24:10,7579,28570,30468,34746,2590,951903,,60291,2392,201293,25362,7902,7953
2024-05-29 11:24:12,7579,28570,30468,34746,2590,951903,,60291,2392,201293,25362,7894,7926
2024-05-29 11:24:14,7579,28570,30468,34746,2590,951903,,60291,2392,187691,25362,7894,7930
2024-05-29 11:24:16,7579,28565,30468,34822,2508,951903,,60291,2392,201632,25369,7894,7930
2024-05-29 11:24:18,7527,28565,29299,34822,2591,922001,,60291,2392,201632,25369,7894,7930
2024-05-29 11:24:20,7527,28565,29438,34822,2591,952230,,58355,2392,201632,25369,7894,7930
2024-05-29 11:24:22,7473,28565,30430,34822,2591,952230,,60434,2386,201632,25369,7894,7930
2024-05-29 11:24:24,7473,28565,30430,34822,2590,952230,,60434,2386,201632,25369,7894,7930
2024-05-29 11:24:26,7473,28455,30430,34822,2590,952230,,60434,2377,201632,25380,7846,7901
2024-05-29 11:24:28,7473,28455,30430,34832,2590,952230,,60434,2377,201632,25380,7846,7855
2024-05-29 11:24:30,7473,27350,30430,34832,2583,952045,,60434,2377,201632,25305,7846,7855
2024-05-29 11:24:32,7473,28386,30337,34832,2583,952045,,60434,2377,201340,25305,7846,7855
2024-05-29 11:24:34,7377,28386,30337,34832,2583,917305,,60393,2377,201340,25305,7846,7855
2024-05-29 11:24:36,7377,28386,30337,34832,2583,952060,,60393,2377,201340,25305,7846,7855
2024-05-29 11:24:38,7318,28386,30366,34832,2583,952060,,58124,2302,201340,24436,7804,7855
2024-05-29 11:24:40,7318,28386,30366,34832,2594,952060,,58527,2386,201340,25280,7804,7855
2024-05-29 11:24:42,7318,28386,30366,34832,2594,952060,,60386,2375,201340,25193,7566,7855
2024-05-29 11:24:44,7318,27330,30366,34823,2519,952060,,60386,2375,201670,25193,7514,7814
2024-05-29 11:24:46,7318,28296,30366,33560,2581,952060,,60386,2375,201670,25193,7832,7815
2024-05-29 11:24:48,7318,28296,29454,34805,2581,952747,,60386,2375,201670,25193,7832,7815
2024-05-29 11:24:50,7318,28328,30244,34805,2581,952747,,58489,2375,201670,25193,7820,7815
2024-05-29 11:24:52,7280,28328,30244,34805,2581,952747,,60424,2375,201670,25256,7820,7815
2024-05-29 11:24:54,7280,28328,30205,34805,2581,953783,,60424,2375,201670,25256,7820,7815
2024-05-29 11:24:56,7214,28328,30205,34805,2584,953783,,60424,2363,201670,25239,7820,7815
2024-05-29 11:24:58,7214,28328,30205,34847,2584,953783,,60452,2280,201670,25239,7792,7773
2024-05-29 11:25:00,7214,28328,30205,34847,2588,953783,,60452,2361,195445,25239,7792,7720
2024-05-29 11:25:02,7214,27427,30205,34847,2588,953783,,60452,2361,194101,25239,7792,7720
2024-05-29 11:25:04,7214,28205,30205,34847,2588,921336,,60445,2361,201273,25239,7792,7720
2024-05-29 11:25:06,7156,28205,29280,34847,2588,955294,,60445,2361,201273,25239,7765,7720
2024-05-29 11:25:08,7156,28090,28731,34847,2588,955294,,58163,2361,201273,24341,7765,7720
2024-05-29 11:25:10,7102,28090,28931,34876,2588,956007,,58567,2361,201273,25168,7765,7720
2024-05-29 11:25:12,7102,28090,29965,34876,2584,956007,,60492,2368,201108,25168,7765,7713
2024-05-29 11:25:14,7102,28090,29965,34873,2506,956007,,60492,2368,201108,25168,7527,7686
2024-05-29 11:25:16,7102,28090,29965,34873,2580,956007,,60505,2369,201108,25168,7765,7686
2024-05-29 11:25:18,7102,28090,29965,34873,2580,956715,,60505,2369,201108,25168,7765,7686
2024-05-29 11:25:20,7102,27197,29965,34873,2580,956715,,60505,2369,194822,25168,7759,7686
2024-05-29 11:25:22,7069,27010,29965,34873,2584,922862,,60505,2369,201650,25168,7759,7686
2024-05-29 11:25:24,7069,28117,28899,34873,2584,956125,,60505,2369,201650,25168,7759,7686
2024-05-29 11:25:26,7069,28117,29909,34930,2584,956125,,60505,2359,201650,25083,7759,7686
2024-05-29 11:25:28,6835,28117,29806,34951,2584,956125,,60742,2359,201671,25083,7740,7667
2024-05-29 11:25:30,7037,28117,29806,34951,2584,956125,,60742,2273,201671,25083,7740,7411
2024-05-29 11:25:32,6987,28117,29806,34951,2503,956125,,60798,2356,201671,25083,7716,7671
2024-05-29 11:25:34,6987,28117,29806,34951,2476,957114,,60798,2356,201671,25083,7716,7671
2024-05-29 11:25:36,6987,28117,29806,35017,2494,957114,,60798,2356,201671,25083,7716,7671
2024-05-29 11:25:38,6987,28036,29806,35017,2582,957114,,60798,2356,201279,25083,7716,7671
2024-05-29 11:25:40,6987,28036,29806,35017,2582,957114,,60798,2356,201279,25025,7716,7671
2024-05-29 11:25:42,6987,27947,28829,35017,2582,925238,,60798,2351,201279,25039,7695,7601
2024-05-29 11:25:44,6961,27947,29660,35017,2582,956897,,60901,2336,201279,25039,7695,7601
2024-05-29 11:25:46,6961,27947,29660,33844,2582,956897,,61006,2336,201279,25039,7678,7601
2024-05-29 11:25:48,6893,27947,29660,34947,2508,956623,,61006,2336,201279,25039,7678,7601
2024-05-29 11:25:50,6893,27827,29660,34947,2572,956623,,61006,2336,201279,25039,7678,7601
2024-05-29 11:25:52,6893,27827,29660,34947,2572,956623,,61006,2336,201525,25039,7678,7601
2024-05-29 11:25:54,6883,27827,29718,34947,2561,956623,,61096,2336,201712,25100,7702,7570
2024-05-29 11:25:56,6883,27827,29718,34947,2561,956623,,61096,2322,201712,25100,7702,7223
2024-05-29 11:25:58,6883,27770,29589,34947,2561,956623,,61096,2314,201712,24232,7686,7504
2024-05-29 11:26:00,6883,27770,29589,34947,2561,957424,,61096,2314,201712,25075,7686,7504
2024-05-29 11:26:02,6883,27770,29589,34947,2561,957424,,59283,2314,201712,25075,7686,7504
2024-05-29 11:26:04,6883,27770,29334,34986,2561,957424,,61346,2314,201712,25075,7686,7504
2024-05-29 11:26:06,6593,27770,29334,34986,2560,957424,,61335,2314,201905,25075,7686,7504
2024-05-29 11:26:08,6821,27725,29334,34986,2560,957424,,61335,2314,201905,25075,7686,7497
2024-05-29 11:26:10,6791,27725,29334,34986,2560,925215,,61335,2306,201905,25069,7342,7497
2024-05-29 11:26:12,6791,27725,29334,34986,2560,959554,,61335,2227,201905,25069,7393,7497
2024-05-29 11:26:14,6791,27725,29383,34986,2560,959554,,61335,2316,201905,25069,7645,7497
2024-05-29 11:26:16,6791,26710,29383,34986,2560,959554,,61335,2316,201905,24251,7645,7205
2024-05-29 11:26:18,6791,27770,29398,34986,2565,959554,,61335,2316,202270,24084,7645,7467
2024-05-29 11:26:20,6791,27770,29398,32523,2571,959554,,57276,2316,202270,25111,7645,7467
2024-05-29 11:26:22,6791,26682,29398,33829,2571,959554,,61567,2315,202270,25111,7645,7467
2024-05-29 11:26:24,6753,27712,29296,34962,2571,958893,,61567,2315,195521,24291,7622,7450
2024-05-29 11:26:26,6757,27712,29296,34962,2571,958893,,61567,2315,202422,25117,7622,7450
2024-05-29 11:26:28,6757,27712,29296,34962,2571,926234,,61567,2315,202422,25117,7622,7450
2024-05-29 11:26:30,6757,27712,29296,34962,2565,960556,,61567,2235,202422,25117,7610,7450
2024-05-29 11:26:32,6757,27712,29296,34994,2562,960556,,61567,2305,202076,25117,7610,7450
2024-05-29 11:26:34,6757,27712,29296,34994,2562,960556,,61799,2305,202076,25117,7610,7450
2024-05-29 11:26:36,6757,27630,29059,34994,2562,960540,,61799,2305,202076,25072,7610,7154
2024-05-29 11:26:38,6701,27630,29059,34994,2562,960540,,61799,2305,202076,25072,7629,7416
2024-05-29 11:26:40,6701,27630,28126,34996,2562,960540,,61840,2286,202076,25072,7629,7172
2024-05-29 11:26:42,6701,26590,27932,34996,2554,960540,,61840,2286,201975,24170,7616,7123
2024-05-29 11:26:44,6626,27544,29080,34996,2559,960540,,61840,2286,201975,25003,7616,7415
2024-05-29 11:26:46,6626,27544,29080,34962,2559,961255,,61840,2286,201975,25003,7616,7415
2024-05-29 11:26:48,6626,27544,29080,34962,2559,930552,,61840,2286,202066,25003,7616,7415
2024-05-29 11:26:50,6626,27544,29080,34962,2559,961905,,58069,2286,202066,25003,7616,7415
2024-05-29 11:26:52,6592,27544,28009,34962,2559,961905,,61971,2286,202066,25003,7319,7415
2024-05-29 11:26:54,6583,27422,28964,35000,2559,961905,,61971,2196,202149,24079,7115,7415
2024-05-29 11:26:56,6583,27422,28684,35000,2560,961905,,61971,2270,202149,25025,7589,7370
2024-05-29 11:26:58,6583,27422,28684,35000,2560,961905,,61971,2270,202149,25025,7589,7323
2024-05-29 11:27:00,6583,27422,28684,35000,2479,961639,,61971,2270,202265,24989,7589,7323
2024-05-29 11:27:02,6583,26372,28684,35000,2462,961639,,61971,2188,202265,24989,7589,7323
2024-05-29 11:27:04,6360,27311,28684,34952,2547,961639,,61971,2254,202265,24989,7589,7323
2024-05-29 11:27:06,6578,27311,28684,33701,2547,962172,,61971,2254,202265,24989,7589,7323
2024-05-29 11:27:08,6578,27303,28684,33934,2531,962172,,60273,2254,202265,25024,7589,7323
2024-05-29 11:27:10,6572,27303,28587,35002,2531,962172,,62145,2254,195830,25024,7562,7323
2024-05-29 11:27:12,6572,27303,28587,35002,2531,962172,,62145,2239,202235,25035,7548,7314